Abacus;2.37;2.05;2.11;2.18;2.09;2.34;2.07;1.97;1.99;1.96;1.8;1.6;1.59;1.62;1.57;1.7;1.61;1.74;1.7;1.72;1.68;1.61;2.1;2.23;2.12;2.02;2.17;2.07;2.02;2.05;2.16;2.08;2.29;2.37;2.37;2.21;2.02;2.02;2.08;2.2;2.18;2.0;1.96;1.85;1.82;1.81;1.91;1.73;1.75;1.74;1.72;1.73;1.59;1.51;1.99;1.89;1.88;1.94;1.95;1.93;1.84;1.82;1.71;1.8;1.69;1.67;1.65;1.67;1.55;1.91;1.9;1.73;1.97;2.03;1.94;1.98;1.97;1.95;2.01;2.03;1.92;1.92;1.92;1.82;1.71;1.88;1.85;1.65;1.75;1.78;2.06;1.84;1.98;2.08;2.04;2.05;2.04;1.87;1.78;1.87;1.81;1.85;2.03;1.88;1.96
Acid (vial);27.95;26.7;25.56;26.71;25.37;24.44;26.46;26.37;25.51;27.73;27.46;27.04;26.43;26.45;25.14;24.51;26.34;26.0;24.21;24.2;23.98;25.77;25.65;26.5;27.03;27.34;25.93;24.92;25.73;26.04;26.98;27.98;27.19;28.41;26.05;25.72;28.34;27.07;27.33;27.49;29.36;27.53;24.11;26.44;26.59;26.47;27.72;28.41;27.65;26.71;26.55;26.57;28.09;27.52;29.76;26.99;25.4;26.17;27.63;23.58;22.61;22.23;22.28;21.1;20.89;19.9;20.86;21.17;21.57;20.38;20.17;19.47;19.07;20.57;19.41;18.87;19.36;17.94;18.61;19.2;18.31;17.19;17.54;15.93;15.83;16.11;16.36;15.81;24.58;24.76;25.05;24.1;25.0;24.8;23.81;26.29;25.61;24.07;24.78;24.04;26.71;25.53;27.62;28.46;28.6;27.0;25.8;22.78;24.85;25.36;24.71;25.99
Alchemist’s fire (flask);61.39;60.84;65.69;66.31;62.8;58.51;58.61;60.32;56.27;54.01;52.62;52.72;53.74;53.92;54.53;58.81;63.13;65.51;66.84;67.53;69.09;72.66;65.74;58.03;55.01;58.3;59.16;57.8;47.18;49.28;46.0;48.77;45.16;44.22;43.29;39.22;39.02;39.23;35.78;34.71;36.07;35.01;33.71;30.9;26.95;28.42;27.74;27.71;26.16;26.07;24.82;23.74;24.92;23.67;22.23;24.59;23.22;23.55;22.82;21.25;22.49;20.18;48.3;49.35;50.23;49.63;52.35;51.08;50.7;52.84;54.64;55.7;62.32;58.88;57.25;56.56;57.61;60.57;59.88;63.76;63.52;66.05;63.8;61.35;64.41;51.66;55.27;50.54;51.21;48.03;45.59;46.13;50.36;49.26;48.0;48.97;48.96;46.81;48.51;47.42;46.7;46.04;48.57;43.05;41.44;43.15;43.41;42.13;40.03;38.83
Antitoxin (vial);49.47;46.51;45.48;47.33;45.2;48.65;46.55;50.01;47.19;43.58;40.67;40.79;42.74;40.91;40.66;39.93;38.61;37.94;41.22;38.66;37.83;37.96;36.73;35.15;36.48;37.09;35.74;35.43;34.82;35.22;51.38;52.87;52.87;56.99;54.95;54.93;51.56;54.57;58.99;60.25;58.42;56.93;56.78;47.86;44.09;48.35;48.08;47.59;49.43;52.27;51.36;48.97;44.34;41.46;39.96;42.01;40.07;39.42;41.52;48.22;46.07;48.17;46.64;44.17;46.04;47.96;45.89;43.38;43.71;42.87;39.08;41.62;42.34;53.69;56.32;58.72;57.4;59.91;61.74;66.21;63.75;63.03;63.14;49.94;53.13;52.21;52.04;52.39;50.12;53.77;48.42;45.53;47.01;45.32;46.72;45.62;45.45;42.09;51.61;53.73;50.5;47.42;47.89;50.7;56.01;57.81;55.73
Arrows (20);0.79;0.75;0.79;0.74;1.02;1.03;1.01;1.0;1.03;0.98;0.97;0.95;0.92;0.91;0.92;0.91;0.96;0.94;0.96;1.02;1.01;1.05;1.07;1.04;0.96;0.88;0.88;0.9;0.96;0.97;1.0;0.93;0.91;0.95;0.94;0.87;0.95;0.94;0.92;0.96;0.95;0.92;0.94;0.9;0.92;1.0;1.03;0.95;0.97;1.1;1.11;1.1;1.12;1.11;1.03;1.03;1.06;1.0;1.0;0.97;0.93;0.98;0.92;0.95;0.94;0.88;0.87;0.79;0.77;0.74;1.01;1.08;1.09;1.07;1.12;1.08;1.07;1.07;1.04;0.97;1.0;0.91;0.91;0.89;0.92;0.89;0.8;0.78;0.73;1.11;1.13;1.04;1.05;1.01;0.99;0.96;1.02;0.94;0.85;0.83;0.83;0.88;0.88;0.87;0.87
Backpack;1.85;1.82;1.71;1.77;1.76;1.59;1.41;1.4;2.17;2.37;2.4;2.38;1.81;1.9;1.75;1.87;1.84;2.32;2.45;2.12;2.14;2.11;2.3;2.37;2.1;2.04;2.03;2.07;1.99;2.03;2.17;1.94;1.86;1.77;1.77;1.68;1.71;1.72;1.8;1.9;1.85;1.8;1.72;1.84;1.96;1.96;1.94;1.89;1.9;1.91;1.96;1.99;2.03;1.95;2.13;2.01;2.09;2.1;2.12;2.09;1.95;1.93;1.89;1.91;2.02;1.87;1.92;1.84;1.7;2.14;2.2;1.9;1.93;1.94;2.03;2.05;2.18;2.21;2.23;2.39;2.61;2.78;2.77;2.78;2.67;2.66;2.92;2.59;2.8;2.65;2.78;2.83;2.93;3.18;3.31;2.98;2.93;2.67;2.64;2.61;2.0;1.98;1.88;1.76;1.85;1.89
Backpack;2.24;1.82;1.71;1.77;1.76;1.59;1.41;1.4;2.17;2.37;2.4;2.38;1.81;1.9;1.75;1.87;1.84;2.32;2.45;2.12;2.14;2.11;2.3;2.37;2.1;2.04;2.03;2.07;1.99;2.03;2.17;1.94;1.86;1.77;1.77;1.68;1.71;1.72;1.8;1.9;1.85;1.8;1.72;1.84;1.96;1.96;1.94;1.89;1.9;1.91;1.96;1.99;2.03;1.95;2.13;2.01;2.09;2.1;2.12;2.09;1.95;1.93;1.89;1.91;2.02;1.87;1.92;1.84;1.7;2.14;2.2;1.9;1.93;1.94;2.03;2.05;2.18;2.21;2.23;2.39;2.61;2.78;2.77;2.78;2.67;2.66;2.92;2.59;2.8;2.65;2.78;2.83;2.93;3.18;3.31;2.98;2.93;2.67;2.64;2.61;2.0;1.98;1.88;1.76;1.85;1.89
Bagpipes;29.56;30.43;30.85;32.43;30.83;31.8;31.65;29.15;31.23;30.87;29.89;28.88;28.82;28.16;27.03;26.51;26.98;25.84;28.45;28.02;27.48;29.29;26.62;26.05;25.29;24.71;25.38;30.2;26.93;26.1;26.25;31.59;32.31;33.67;33.9;32.5;32.56;32.55;32.74;32.66;32.63;30.72;30.07;30.18;29.59;29.48;31.04;32.8;31.16;32.24;33.38;35.79;28.9;31.28;30.99;28.26;29.44;31.68;30.41;31.68;30.93;29.99;28.18;27.36;25.67;25.43;26.36;28.0;28.22;26.97;26.46;24.7;31.61;31.6;32.42;31.93;29.7;30.03;29.31;29.54;29.76;30.78;31.15;32.65;33.79;34.85;36.45;26.94;29.4;29.57;26.98;30.12;28.92;29.74;29.75;28.57;32.0;31.38;32.59;31.21;33.07;33.86;35.41
Ball bearings (bag of 1,000);0.86;0.87;0.96;0.89;0.88;0.88;0.89;0.92;0.91;0.98;0.94;1.0;1.03;1.03;0.99;1.01;0.99;0.94;0.89;0.87;0.91;0.91;0.97;0.92;1.05;1.05;0.99;0.93;0.99;1.02;0.97;0.97;0.94;0.91;0.9;0.9;0.94;0.98;0.99;0.94;0.86;0.84;0.81;0.82;0.76;0.95;0.96;0.92;0.92;0.92;0.96;0.95;0.85;0.87;0.82;0.82;1.09;0.98;1.0;0.96;0.93;0.9;0.94;0.97;0.95;0.96;0.9;0.95;0.93;0.94;0.92;0.96;1.01;1.01;1.08;1.07;1.18;1.1;1.04;1.09;1.09;1.09;1.14;1.15;1.11;1.2;1.11;1.1;0.95;0.89;0.92;0.92;0.86;1.04;1.01;1.01;1.01;0.94;0.84;0.89;0.88;0.9;0.9;0.93;0.97;0.92;0.85;0.9
Barrel;2.24;2.38;2.06;2.26;2.23;2.1;2.03;2.02;2.08;1.88;1.88;1.68;1.82;1.67;1.79;1.73;1.57;1.49;1.56;1.56;2.12;2.09;1.92;1.84;2.03;2.0;1.92;2.01;1.94;1.98;2.12;2.27;2.39;2.39;2.37;2.41;2.17;2.19;2.06;2.0;2.07;2.13;2.12;2.09;2.05;2.06;2.05;2.02;1.93;1.86;1.7;1.65;1.69;1.58;1.59;1.54;1.59;1.71;1.97;2.04;1.97;2.08;2.1;2.04;2.26;2.09;2.03;2.08;2.18;1.85;1.66;1.97;2.09;2.24;2.06;2.03;2.01;1.84;1.7;1.65;1.63;1.59;1.67;1.63;1.52;1.48;1.82;1.87;1.59;1.65;1.71;1.65;1.67;1.75;1.77;2.03;1.82;1.92;1.94;1.93;1.95;1.8
Basket;0.44;0.43;0.43;0.43;0.42;0.41;0.41;0.41;0.39;0.38;0.37;0.38;0.4;0.4;0.42;0.38;0.35;0.36;0.35;0.35;0.36;0.34;0.35;0.34;0.34;0.31;0.42;0.35;0.36;0.35;0.36;0.38;0.39;0.39;0.42;0.45;0.44;0.43;0.43;0.4;0.4;0.41;0.43;0.43;0.44;0.45;0.47;0.5;0.5;0.4;0.38;0.37;0.36;0.35;0.34;0.35;0.33;0.32;0.32;0.31;0.32;0.38;0.35;0.33;0.41;0.4;0.38;0.37;0.35;0.36;0.34;0.33;0.31;0.31;0.3;0.31;0.31;0.32;0.3;0.25;0.43;0.43;0.4;0.38;0.35;0.33;0.33;0.33;0.34;0.36;0.37;0.32;0.32;0.33;0.34;0.33;0.33;0.32;0.35;0.33;0.33;0.32;0.31;0.31;0.31;0.3;0.29
Battleaxe;13.49;13.43;13.34;14.27;14.02;10.83;10.64;10.63;10.47;10.26;10.24;10.31;10.17;9.89;9.73;8.71;9.01;9.0;8.9;8.92;8.63;8.47;8.5;8.09;7.39;7.44;7.1;9.78;9.78;9.26;9.28;9.94;9.94;10.22;9.93;9.66;9.25;9.17;9.91;9.8;9.02;9.58;10.29;10.04;10.66;11.16;10.81;10.13;10.58;11.1;10.48;10.04;10.55;11.12;11.14;9.55;9.88;9.99;9.48;9.26;9.62;8.97;9.61;9.19;9.35;9.02;9.35;9.25;9.19;9.05;8.66;8.9;8.24;8.49;8.5;9.14;8.31;10.26;10.81;9.56;9.2;9.18;9.68;9.46;9.32;9.01;9.07;8.75;9.34;9.1;9.11;9.19;10.54;10.95;11.27;10.72;10.26;9.98;9.53;9.96;10.17;10.63;9.37;9.48;9.57;9.85;9.74;9.27;9.58
Bedroll;0.97;1.05;1.01;1.02;1.03;1.09;1.08;1.12;1.06;1.0;1.0;0.96;0.96;0.91;0.86;0.83;0.87;0.88;0.89;0.9;0.83;0.83;0.84;0.87;0.95;0.93;0.99;1.03;1.02;0.96;0.93;1.08;1.05;1.13;1.21;1.24;1.2;1.23;1.22;1.15;1.14;1.06;1.0;0.97;1.04;1.06;1.13;1.21;1.21;0.84;0.83;0.82;0.77;0.96;0.86;0.89;0.92;1.05;1.14;1.0;0.98;0.89;0.95;0.87;1.05;1.08;1.07;1.06;0.9;0.85;0.79;0.78;0.72;0.73;0.68;0.64;0.64;0.63;0.6;0.6;0.59;0.58;0.55;0.52;0.55;0.48;0.51;0.5;0.52;0.54;0.55;0.55;0.56;0.52;0.53;0.52;0.49;1.01;0.96;0.96;0.98;1.04;1.04;1.07;1.07;1.04;1.08;1.06;0.98
Bedroll;0.08;1.05;1.01;1.02;1.03;1.09;1.08;1.12;1.06;1.0;1.0;0.96;0.96;0.91;0.86;0.83;0.87;0.88;0.89;0.9;0.83;0.83;0.84;0.87;0.95;0.93;0.99;1.03;1.02;0.96;0.93;1.08;1.05;1.13;1.21;1.24;1.2;1.23;1.22;1.15;1.14;1.06;1.0;0.97;1.04;1.06;1.13;1.21;1.21;0.84;0.83;0.82;0.77;0.96;0.86;0.89;0.92;1.05;1.14;1.0;0.98;0.89;0.95;0.87;1.05;1.08;1.07;1.06;0.9;0.85;0.79;0.78;0.72;0.73;0.68;0.64;0.64;0.63;0.6;0.6;0.59;0.58;0.55;0.52;0.55;0.48;0.51;0.5;0.52;0.54;0.55;0.55;0.56;0.52;0.53;0.52;0.49;1.01;0.96;0.96;0.98;1.04;1.04;1.07;1.07;1.04;1.08;1.06;0.98
Bell;0.96;0.98;0.93;0.9;0.89;0.82;0.81;0.79;0.82;0.81;0.86;0.89;0.93;0.99;0.98;1.03;0.99;0.92;0.93;0.87;0.79;0.85;0.81;0.76;0.8;0.85;0.81;0.82;0.75;0.68;1.01;1.05;1.04;1.05;0.93;1.01;1.06;1.03;1.07;1.01;0.95;0.89;0.82;0.82;0.8;0.76;0.73;1.06;1.0;0.97;1.02;1.02;1.1;1.05;0.99;0.93;1.0;1.04;1.11;1.0;1.08;1.12;1.13;1.16;1.18;1.16;1.18;1.1;1.08;1.1;1.03;1.07;1.12;1.1;1.09;1.11;0.98;1.01;1.06;1.13;1.07;0.98;1.05;1.01;1.05;0.97;0.96;0.99;0.97;0.98;1.04;1.07;1.11;1.03;0.98;1.01;0.99;1.0;0.97;0.91;0.88;1.04;1.01;1.17;1.01;1.0;0.98;0.96;0.97;0.98;1.08;1.06
Blanket;0.49;0.51;0.47;0.47;0.45;0.46;0.5;0.53;0.5;0.48;0.46;0.42;0.43;0.4;0.38;0.42;0.42;0.42;0.53;0.53;0.48;0.51;0.52;0.52;0.48;0.49;0.45;0.47;0.5;0.46;0.47;0.47;0.45;0.49;0.49;0.51;0.53;0.55;0.52;0.54;0.54;0.51;0.53;0.47;0.47;0.44;0.44;0.42;0.42;0.41;0.44;0.45;0.43;0.49;0.54;0.56;0.52;0.49;0.52;0.5;0.47;0.48;0.49;0.5;0.51;0.47;0.46;0.47;0.48;0.47;0.46;0.48;0.49;0.54;0.52;0.53;0.55;0.55;0.51;0.52;0.48;0.44;0.46;0.52;0.47;0.45;0.43;0.42;0.41;0.39;0.4;0.38;0.37;0.37;0.35;0.37;0.34;0.32;0.3;0.32;0.31;0.3;0.29;0.27;0.26;0.24
Block and tackle;0.7;0.73;0.77;0.74;0.65;0.99;1.03;1.04;0.99;1.01;1.01;0.97;0.91;0.9;0.85;0.81;0.79;1.06;0.99;1.02;1.06;1.01;0.97;1.0;1.02;0.96;0.95;0.93;0.92;0.86;0.94;0.92;0.96;0.95;0.93;0.96;1.01;1.04;1.02;0.97;0.96;0.9;0.97;0.94;0.85;0.86;0.91;0.92;0.94;0.95;0.94;0.91;0.87;1.01;1.04;1.07;1.09;1.19;1.18;1.11;1.13;1.15;1.07;1.01;0.99;1.05;1.09;1.1;0.98;1.0;1.03;0.97;0.94;0.81;0.77;0.71;0.72;1.03;0.97;0.94;0.96;1.0;1.03;1.01;0.93;0.97;0.93;0.97;1.05;0.99;0.94;0.91;0.83;0.84;1.05;0.96;1.04;1.06;1.06;1.18;1.34;1.37
Blowgun;9.28;9.78;10.08;9.94;10.85;11.23;10.6;10.36;9.9;9.78;9.35;9.11;9.45;9.41;9.82;9.74;9.65;9.34;9.15;10.34;10.51;11.13;11.4;9.93;10.15;10.22;10.41;9.96;9.93;9.65;9.72;11.35;10.95;11.65;10.79;8.65;9.0;8.56;8.67;8.69;7.93;8.45;8.91;8.97;9.29;8.85;9.45;9.07;9.08;8.31;9.01;8.32;8.6;8.67;8.7;8.78;9.16;8.8;10.12;9.64;9.94;9.74;9.66;8.5;8.31;8.21;10.13;10.39;10.46;10.92;11.15;11.94;11.7;12.66;12.55;12.21;12.69;12.25;12.55;11.81;12.56;9.92;9.47;8.86;8.58;8.79;8.04;7.74;7.11;6.98;6.76;6.84;10.42;9.5;9.04;8.46;8.08;8.22;8.02;7.94;7.92;8.17;9.1;9.47;8.89;9.09
Blowgun Needles (50);0.97;0.94;1.01;1.0;1.0;1.01;0.94;0.94;0.94;0.98;0.92;0.96;0.9;0.87;0.88;1.04;1.0;0.99;0.96;0.99;0.86;0.86;0.88;0.83;0.88;0.87;0.98;1.0;0.96;1.04;1.07;1.05;1.12;1.18;1.05;1.0;0.94;0.93;0.97;0.96;0.83;0.78;0.77;0.78;0.8;0.82;0.81;0.84;0.82;0.76;0.77;0.75;0.8;0.82;0.76;0.78;0.79;0.74;0.77;0.81;0.81;0.76;0.75;1.02;1.0;0.99;1.05;1.12;1.11;1.06;1.14;1.14;0.98;1.02;1.05;1.01;1.08;1.09;1.15;1.23;1.22;1.25;1.24;1.01;1.06;1.09;1.1;1.14;1.26;1.28;1.28;1.33;1.21;1.0;1.01;0.97;0.99;1.02;1.04;1.14;1.04;1.04;0.85;0.81;0.76;0.69;0.7;0.66;0.65
Book;24.73;26.55;28.04;27.19;27.59;25.52;24.24;24.1;24.24;23.13;23.05;24.12;25.86;24.75;24.76;25.73;27.12;26.61;27.3;27.05;26.33;27.12;22.82;21.58;21.19;21.01;27.88;25.55;25.7;25.56;26.14;26.3;26.75;26.63;26.44;27.95;29.66;28.44;28.79;28.65;22.17;23.79;23.19;24.99;25.63;25.49;25.97;25.8;25.4;24.88;25.42;24.35;25.79;24.83;27.04;26.54;29.03;28.52;28.92;29.25;30.03;28.12;28.56;28.52;28.34;30.46;31.12;24.47;23.97;23.61;22.82;21.22;20.61;21.08;21.29;21.05;20.86;19.21;18.22;16.96;16.49;17.74;16.83;16.29;16.52;16.12;17.32;17.14;18.25;18.43;18.22;18.17;16.66;17.32;16.53;16.92;16.36;16.04;15.7;15.72;16.29;16.73;16.14;17.59;26.27;27.98;29.19;28.38;28.82;23.7;24.38;24.52
Bottle, glass;1.8;1.76;1.61;1.51;1.45;1.49;1.54;1.47;1.44;1.49;1.5;2.01;1.97;1.93;1.86;1.98;1.96;2.07;1.86;1.96;1.95;1.94;2.04;1.94;1.78;1.73;1.65;1.69;1.63;1.67;1.68;1.68;1.63;1.58;1.65;1.63;1.65;1.61;1.55;1.53;1.45;1.39;1.39;1.4;1.39;1.45;1.47;1.32;1.98;2.05;2.01;2.02;2.02;2.03;1.82;1.78;1.82;1.83;1.94;2.1;2.04;2.12;2.03;2.07;2.0;1.78;1.83;1.81;1.78;1.76;1.59;1.53;2.01;1.95;1.88;1.97;1.64;1.55;1.59;1.61;1.58;1.59;1.57;1.61;1.57;1.58;1.47;1.35;1.24;1.12;1.16;1.14;1.15;1.18;1.18;1.2;1.16;1.14;1.13;1.18;1.19;1.21;1.14;1.25;1.19;1.13;1.04;1.02;1.88;1.74;1.68;1.69
Brewer’s supplies;19.92;20.44;21.05;22.91;19.32;19.21;17.24;18.84;18.86;19.94;19.4;19.33;18.57;18.54;18.57;19.24;18.09;17.35;16.51;16.37;16.85;16.43;16.71;17.49;18.55;19.18;20.83;20.97;20.61;20.01;19.65;19.61;21.17;21.7;22.03;22.64;19.31;19.12;17.85;17.24;17.53;17.31;17.03;17.14;18.62;16.54;17.72;16.76;15.91;16.09;16.89;17.38;17.29;16.2;15.59;15.46;16.05;17.5;16.21;15.89;16.97;17.02;16.58;16.09;15.64;16.12;18.14;18.57;17.32;17.06;18.65;20.65;20.72;19.76;19.9;19.44;20.44;18.93;20.56;21.47;21.52;19.71;20.32;21.32;21.1;20.4;18.93;17.48;17.82;18.66;18.68;17.65;17.84;17.54;17.36;19.1;20.58;21.68;20.74;21.93;21.7;23.08;22.19;22.38;21.47;19.5;20.87;19.23;20.81;20.71;19.78
Bucket;0.01;0.01;0.01;0.04;0.03;0.03;0.04;0.04;0.03;0.02;0.01;0.04;0.04;0.03;0.02;0.01;0.01;0.01;0.01;0.01;0.01;0.01;0.01;0.01;0.01;0.01;0.05;0.05;0.04;0.04;0.04;0.03;0.03;0.02;0.04;0.03;0.05;0.05;0.05;0.04;0.04;0.04;0.05;0.04;0.04;0.03;0.04;0.04;0.04;0.03;0.02;0.01;0.01;0.01;0.01;0.01;0.04;0.04;0.04;0.03;0.02;0.01;0.01;0.01;0.01;0.01;0.01;0.01;0.01;0.01;0.01;0.01;0.01;0.01;0.05;0.04;0.04;0.03;0.03;0.02;0.02;0.01;0.01;0.01;0.01;0.01;0.01;0.01;0.01;0.01;0.01;0.01;0.01;0.01;0.01;0.01;0.05;0.04;0.05;0.05;0.04
Calligrapher's Supplies;9.93;9.99;9.16;9.99;10.79;11.18;12.47;10.11;10.01;9.97;10.05;10.39;9.65;9.46;9.06;9.04;8.8;10.53;10.49;10.69;11.15;12.33;10.34;11.08;11.57;11.94;11.26;11.22;11.98;11.83;13.14;13.09;13.18;12.56;13.22;13.6;12.77;12.86;12.91;12.98;13.34;12.01;12.67;11.59;11.84;9.06;8.58;8.21;9.14;8.3;8.36;7.7;8.12;9.04;9.22;9.4;10.55;10.48;11.39;11.27;10.77;9.64;9.11;8.47;8.1;7.55;7.06;6.8;6.84;7.02;7.58;6.9;6.55;6.65;6.81;6.36;9.9;9.57;9.65;8.92;8.97;8.53;7.88;8.37;8.1;7.78;7.72;7.42;9.68;9.55;9.76;8.97;9.16;8.64;9.82;10.14;9.84;9.91;9.89;10.64;9.91
Caltrops (bag of 20);1.1;1.14;1.13;1.14;1.1;1.12;1.05;1.03;1.0;0.99;0.99;1.04;1.03;1.07;1.06;1.14;1.15;1.13;1.15;1.12;1.16;1.11;0.99;0.99;0.95;0.94;0.9;0.86;0.95;0.9;0.98;0.96;0.96;0.92;0.83;0.74;0.8;0.8;0.84;0.85;0.85;0.86;0.84;0.9;0.97;0.98;1.0;1.0;0.96;0.95;1.0;0.91;0.92;0.81;0.81;0.84;0.85;0.88;0.8;0.8;0.81;0.78;0.98;0.98;1.04;0.95;0.94;0.87;0.84;0.83;0.89;0.8;0.84;0.82;0.84;0.79;0.97;0.99;1.0;1.01;1.01;0.92;0.95;0.92;0.96;1.05;1.02;0.95;0.95;1.0;1.0;1.04;1.07;1.13;1.16;0.95;0.9;0.96;1.0;0.95;0.92;0.79;0.74;0.98;0.97;0.96
Candle;0.01;0.01;0.01;0.01;0.01;0.01;0.01;0.03;0.03;0.03;0.03;0.02;0.03;0.03;0.03;0.02;0.02;0.02;0.02;0.01;0.01;0.01;0.01;0.01;0.01;0.01;0.03;0.02;0.01;0.01;0.01;0.01;0.01;0.01;0.01;0.01;0.01;0.01;0.01;0.01;0.03;0.04;0.03;0.03;0.02;0.02;0.01;0.01;0.01;0.01;0.01;0.01;0.01;0.01;0.04;0.04;0.04;0.03;0.02;0.02;0.02;0.03;0.02;0.02;0.01;0.01;0.01;0.01;0.01;0.01;0.01;0.01;0.01;0.01;0.01;0.01;0.01;0.01;0.01;0.01;0.01;0.01;0.01;0.01;0.01;0.01;0.01;0.01;0.01;0.01;0.01;0.03;0.02;0.02;0.02;0.02;0.01;0.01;0.01;0.01;0.01;0.01;0.01;0.01;0.01;0.01;0.01;0.01;0.01;0.01
Carpenter’s tools;8.95;8.89;8.23;9.12;8.42;9.25;9.4;10.59;11.02;8.26;7.93;7.77;8.16;8.26;8.52;8.11;7.98;7.62;7.6;7.59;7.2;7.58;8.4;8.18;8.21;7.79;8.22;7.82;8.26;7.91;7.21;7.98;8.88;8.95;8.43;8.04;7.61;8.02;8.03;7.83;7.64;7.47;7.44;7.33;7.13;7.8;7.35;7.4;7.26;7.22;6.77;6.87;8.35;7.49;7.35;6.91;7.96;7.59;7.85;8.0;7.58;7.9;8.46;8.93;8.25;8.32;8.64;8.54;8.61;8.54;8.5;9.01;8.96;8.71;9.33;7.79;7.79;8.32;8.56;8.01;8.37;8.49;7.34;7.49;7.26;6.61;6.97;7.02;6.52;6.5;6.46;5.92;5.7;5.73;5.7;5.96;6.37;7.66;7.44;7.39;7.85
Cartographer’s tools;16.74;16.95;17.26;16.53;15.07;14.75;15.64;14.56;15.56;14.76;16.51;16.32;14.78;13.96;15.53;15.76;16.41;17.37;17.18;16.32;16.96;17.96;17.16;14.74;15.85;15.94;15.71;13.71;13.68;12.93;12.95;15.47;15.37;15.87;16.24;16.15;16.14;15.76;14.18;13.44;14.1;14.38;15.15;14.7;15.79;15.0;16.28;15.67;16.38;16.15;14.71;14.09;14.27;14.47;14.58;14.02;13.42;16.31;13.78;13.47;14.13;14.52;14.76;14.68;15.5;16.18;16.13;13.99;13.59;13.51;13.53;13.86;15.27;15.47;16.92;17.78;18.48;18.76;18.31;19.54;19.1;18.25;18.8;19.61;19.25;19.97;18.96;17.58;17.09;17.73;17.68;15.99;16.84;16.85;15.17;14.92;15.14;14.89;15.0;15.02;14.49;14.96;14.27;14.9;14.37;14.07;13.63
Case, crossbow bolt;0.99;0.93;0.99;1.01;0.87;0.9;0.92;0.95;0.97;0.92;0.85;0.86;0.88;0.84;0.83;0.87;0.86;0.87;0.79;0.93;0.87;0.81;0.8;0.8;0.77;0.79;0.94;0.89;0.97;0.97;0.93;0.91;0.92;0.9;0.9;0.92;1.02;1.02;0.98;0.97;0.89;0.84;0.77;0.72;0.79;0.78;0.78;0.75;0.73;0.75;1.04;1.02;0.94;0.93;0.92;0.86;0.96;0.92;0.89;0.93;0.88;0.87;0.84;0.77;0.82;0.84;0.87;0.85;0.85;0.74;0.71;0.73;0.77;0.76;0.72;1.03;1.06;1.08;1.1;1.22;1.32;1.36;1.38;1.34;1.4;1.45;1.49;1.54;1.54;1.52;0.95;0.9;0.91;0.91;0.84;0.86;0.84;0.93;0.93;0.88;0.93;0.95;0.91;0.95;1.02;0.93
Case, map or scroll;0.75;0.74;0.99;0.93;0.93;0.95;0.96;1.04;1.04;1.06;1.0;1.04;1.0;1.02;0.99;0.95;0.97;0.95;0.93;0.94;1.07;1.07;1.11;1.03;1.0;0.99;1.09;1.11;1.06;1.07;1.02;1.06;1.02;1.03;0.99;0.93;0.81;0.74;0.76;0.67;0.65;0.59;0.59;0.59;0.91;0.96;0.96;0.9;0.93;0.86;0.88;0.9;0.9;0.89;0.86;0.89;0.92;0.92;0.99;0.89;0.82;1.06;0.96;0.93;0.87;0.76;1.01;0.97;0.99;1.07;1.02;1.05;0.99;0.98;1.01;1.17;0.95;0.95;0.94;0.92;0.99;0.99;0.99;1.04;1.08;1.06;1.08;1.01;1.08;1.08;1.06;1.15;1.13;1.12;1.03;1.04;0.93;0.88;0.82;0.84;0.83;0.75;0.76
Chain (10 feet);3.89;3.83;3.92;3.96;4.67;5.39;4.96;4.78;5.09;5.37;5.3;5.25;4.9;4.81;4.58;4.11;3.96;4.12;4.36;4.2;3.69;3.69;3.62;3.7;3.86;3.85;4.42;3.96;5.19;5.3;5.39;5.03;4.35;4.21;3.9;3.78;3.95;3.86;3.8;3.62;4.93;5.16;5.13;4.93;4.9;4.43;4.24;4.34;4.4;5.45;5.04;5.23;5.27;5.08;4.62;4.88;4.72;4.92;4.89;5.11;4.75;4.96;5.17;5.32;5.16;5.1;4.84;4.76;5.24;5.41;5.55;5.03;5.2;5.35;5.48;6.01;5.93;6.1;5.82;5.84;5.79;5.7;6.24;6.05;6.34;6.47;7.27;7.34;7.14;7.12;7.24;7.23;7.13;6.63;5.0;4.77;4.7;4.83;4.77;4.74;4.88;4.64;4.79;4.77;5.25;5.08;4.94
Chain shirt;42.41;40.1;39.92;41.83;41.18;44.26;44.59;44.57;48.89;51.8;49.98;49.75;49.09;47.7;46.22;49.99;53.53;55.52;55.99;55.75;60.47;53.51;54.05;45.71;49.99;47.55;48.53;49.98;51.89;52.56;52.28;49.96;54.0;54.07;52.58;55.28;50.26;44.69;46.66;48.13;47.71;48.78;51.17;52.26;49.84;46.63;45.73;53.62;51.89;56.46;52.47;56.17;56.5;56.77;62.7;62.87;63.11;61.64;62.28;64.97;58.73;55.43;55.49;47.99;50.96;48.54;55.31;51.54;47.94;50.89;47.55;44.59;46.87;45.32;45.64;42.75;40.53;39.0;35.06;36.09;37.73;49.77;44.35;40.67;42.31;43.6;44.78;43.67;40.68;42.63;43.5;42.64;42.44;38.86;36.01;35.9;35.99;49.07;48.3;52.29;48.92;47.85;49.39;50.44;48.79;53.57;51.98;55.77;53.81
Chalk (1 piece);0.01;0.01;0.01;0.01;0.01;0.01;0.01;0.01;0.01;0.01;0.01;0.01;0.01;0.01;0.01;0.01;0.01;0.01;0.01;0.01;0.01;0.01;0.01;0.01;0.01;0.01;0.01;0.01;0.01;0.01;0.01;0.01;0.01;0.01;0.01;0.01;0.01;0.01;0.01;0.01;0.01;0.01;0.01;0.01;0.01;0.01;0.01;0.01;0.01;0.01;0.01;0.01;0.01;0.01;0.01;0.01;0.01;0.01;0.01;0.01;0.01;0.01;0.01;0.01;0.01;0.01;0.01;0.01;0.01;0.01;0.01;0.01;0.01;0.01;0.01;0.01;0.01;0.01;0.01;0.01;0.01;0.01;0.01;0.01;0.01;0.01;0.01;0.01;0.01;0.01;0.01;0.01;0.01;0.01;0.01;0.01;0.01;0.01;0.01;0.01;0.01;0.01;0.01;0.01;0.01;0.01;0.01;0.01;0.01;0.01
Chest;5.27;4.73;4.47;4.19;4.16;3.87;3.72;3.51;3.51;3.2;3.09;3.17;3.21;3.28;4.68;4.31;4.08;3.77;3.89;3.96;3.92;3.53;3.04;3.07;5.03;5.22;5.21;5.32;4.73;4.91;4.78;4.93;4.6;4.96;5.12;4.77;4.53;4.25;4.2;4.99;4.69;4.51;4.82;4.87;4.58;4.6;4.72;4.83;5.35;5.53;5.55;5.54;5.65;5.88;5.82;6.06;6.74;4.73;4.77;4.69;4.52;4.72;4.28;4.6;4.75;4.87;4.77;5.18;5.16;5.31;4.84;5.21;5.01;5.13;5.12;5.2;5.24;5.64;5.79;5.85;5.89;6.02;6.31;6.14;6.49;6.68;7.08;6.71;7.26;6.73;6.83;5.3;5.09;5.21;5.18;4.85;4.38;3.98;3.81;3.99;3.9;3.8;3.79;3.6;3.53
Clothes, Common;0.43;0.4;0.4;0.5;0.51;0.52;0.52;0.49;0.44;0.44;0.42;0.51;0.51;0.52;0.56;0.59;0.58;0.54;0.54;0.52;0.53;0.57;0.57;0.49;0.49;0.53;0.51;0.49;0.45;0.43;0.42;0.44;0.45;0.42;0.42;0.48;0.49;0.47;0.4;0.39;0.41;0.4;0.41;0.45;0.46;0.47;0.49;0.48;0.46;0.47;0.45;0.42;0.44;0.44;0.45;0.43;0.39;0.37;0.37;0.36;0.33;0.31;0.31;0.3;0.33;0.32;0.3;0.27;0.27;0.24;0.24;0.23;0.22;0.21;0.19;0.19;0.19;0.18;0.18;0.19;0.51;0.48;0.48;0.5;0.51;0.47;0.47;0.46;0.46;0.45;0.47;0.44;0.52;0.51;0.47;0.47;0.49;0.5;0.45;0.46;0.41;0.42;0.41;0.41;0.38;0.35
Clothes, costume;5.18;5.16;5.1;4.88;4.98;5.4;5.37;4.98;4.8;4.7;4.54;4.68;5.05;5.08;4.87;4.57;4.45;4.34;4.85;4.77;4.48;4.37;4.16;4.05;4.05;3.64;5.06;4.75;5.08;4.9;4.65;4.44;4.9;5.2;5.31;5.74;5.49;5.22;5.46;5.67;5.37;5.66;5.98;5.32;5.43;5.39;5.32;5.45;5.1;5.08;5.08;4.52;4.48;4.59;4.72;5.34;5.39;5.45;5.38;5.87;5.53;6.2;5.28;5.17;5.03;5.27;5.59;5.4;5.49;5.27;5.18;4.95;5.35;5.65;6.01;6.36;6.18;6.84;7.01;5.36;5.82;6.05;6.14;6.46;6.62;6.58;7.03;7.09;6.84;6.83;6.99;7.23;6.91;6.55;5.94;4.63;4.84;4.29;4.7;5.45;5.41;5.61;5.26;5.07;4.99;5.01;4.6
Clothes, fine;14.93;15.01;15.2;14.17;15.33;15.85;15.38;14.37;15.12;15.42;14.67;14.29;14.07;15.43;15.8;14.91;13.43;14.23;13.59;14.66;15.01;14.67;15.34;16.27;15.86;15.21;15.61;16.42;16.03;15.46;15.57;16.56;16.81;18.04;19.29;14.84;14.84;16.3;16.18;15.99;15.09;16.03;15.3;15.27;15.22;16.03;16.59;16.92;15.4;15.54;14.83;13.95;12.92;15.17;13.82;13.53;13.12;12.71;13.02;11.7;12.54;12.68;12.6;12.28;12.21;13.43;13.67;14.59;14.22;12.86;15.28;15.55;16.07;15.0;14.31;14.62;14.3;15.02;14.95;14.45;13.98;14.13;15.51;15.29;14.74;15.29;13.9;13.3;13.79;13.57;13.69;12.54;13.63;15.72;17.48;16.99;17.7;17.52;15.95;15.23;15.53;15.78;16.5;15.05;16.39;16.87;16.22
Clothes, traveler’s;1.5;1.49;1.47;1.44;1.43;1.5;1.49;1.46;1.37;1.37;1.24;2.04;2.1;2.18;2.11;1.96;1.88;2.14;1.97;1.96;2.05;1.99;2.11;2.08;2.13;2.0;1.92;1.82;1.86;1.88;1.9;1.84;1.77;1.7;1.78;1.79;1.78;2.07;2.03;2.03;2.11;1.95;2.01;1.98;2.24;2.27;2.4;1.95;1.99;2.06;2.23;2.46;2.18;2.27;2.35;2.22;2.39;2.38;1.98;1.98;1.82;1.76;1.73;1.85;1.94;1.97;2.03;1.99;2.07;2.05;2.04;2.03;1.99;2.07;1.97;2.07;2.19;2.09;1.97;1.97;1.87;1.83;1.66;1.77;1.75;1.74;1.76;1.75;1.98;2.11;2.13;1.99;1.92;1.81;2.06;1.93;2.04;2.16;2.15;2.31;2.27;2.4;2.7;2.76
Club;0.07;0.06;0.05;0.04;0.03;0.02;0.02;0.02;0.02;0.02;0.01;0.01;0.01;0.01;0.1;0.09;0.08;0.07;0.06;0.05;0.04;0.03;0.02;0.02;0.02;0.01;0.01;0.01;0.01;0.09;0.09;0.08;0.09;0.08;0.09;0.09;0.08;0.07;0.07;0.07;0.07;0.06;0.06;0.05;0.09;0.08;0.07;0.06;0.06;0.05;0.05;0.04;0.03;0.03;0.03;0.03;0.1;0.1;0.09;0.09;0.09;0.09;0.08;0.07;0.06;0.05;0.05;0.04;0.03;0.03;0.02;0.02;0.02;0.02;0.01;0.01;0.01;0.01;0.01;0.01;0.01;0.01;0.01;0.01;0.01;0.01;0.01;0.01;0.01;0.01;0.01;0.01;0.01;0.01;0.1;0.1;0.1;0.08;0.07;0.07;0.07;0.07;0.07;0.1;0.08;0.08;0.08
Cobbler’s tools;3.75;4.02;3.68;3.44;3.15;4.69;4.7;4.72;5.57;5.43;5.54;5.53;5.69;5.57;5.87;6.29;6.1;5.74;5.88;6.13;6.01;5.78;5.58;5.53;5.8;5.72;5.73;5.5;5.63;5.65;4.89;4.62;4.83;4.43;4.1;4.11;3.8;3.62;3.6;3.62;3.57;3.39;3.49;3.36;3.28;3.35;3.11;3.13;3.18;5.13;4.84;4.76;4.93;4.6;4.41;4.22;4.23;4.44;4.35;4.56;4.17;4.06;3.96;4.19;5.17;5.26;5.56;5.42;4.98;5.17;5.45;5.36;5.72;6.06;6.0;6.09;6.29;4.82;4.55;4.59;4.39;4.5;4.44;4.46;4.41;4.41;4.38;4.33;4.28;4.39;4.39;4.29;4.12;3.64;3.42;3.58;3.52;3.27;3.18;2.9;2.69;5.11;5.55;5.78;5.88;6.15
Component pouch;26.6;28.44;27.46;30.27;31.48;32.9;25.46;26.54;25.47;26.49;26.27;26.3;27.54;26.55;27.44;28.3;29.18;29.06;26.78;28.67;31.84;30.18;28.07;26.76;28.45;26.04;26.45;24.87;25.42;27.11;25.43;25.96;26.6;27.71;29.47;31.38;31.4;30.29;32.97;32.85;35.81;38.42;42.02;41.32;39.96;41.38;40.85;42.49;43.25;45.44;41.73;42.47;39.58;35.59;26.08;24.78;25.17;24.78;26.9;26.87;23.56;25.31;25.51;25.15;25.07;25.29;24.66;26.7;26.79;28.21;27.51;27.9;27.11;27.47;26.17;26.65;24.63;23.22;23.91;23.81;23.53;23.33;23.96;26.54;27.6;27.89;28.66;24.92;25.07;24.59;24.92;24.62;23.85;23.15;25.53;26.3;24.35;25.94;25.81;25.53;25.9;25.57;24.19;22.29;23.95
Cooking Pot;2.04;2.15;2.19;2.06;2.12;2.13;2.08;2.04;1.96;1.97;1.83;1.79;1.68;2.01;2.13;2.02;2.15;2.22;2.27;2.07;2.02;2.0;2.08;2.03;1.97;2.1;2.2;2.05;2.21;2.18;2.02;2.12;2.2;2.16;2.33;1.99;1.8;1.82;1.8;1.73;1.93;1.89;2.01;2.2;2.26;2.29;2.44;2.37;2.34;2.29;2.39;2.31;2.38;2.55;2.55;1.75;1.74;1.69;1.74;2.04;2.03;2.15;2.17;2.2;2.24;2.02;2.19;2.17;2.19;2.29;2.53;2.16;2.03;2.04;2.12;1.92;1.76;1.65;1.62;2.18;2.24;1.98;1.92;1.91;1.9;2.0;1.9;1.78;1.65;1.72;1.68;1.76;1.65;1.57;1.54;1.46;1.5;1.53;1.41;1.45;1.4;1.46;1.5;1.47;1.54;1.69
Cook’s utensils;1.03;1.05;0.98;0.99;0.97;0.97;0.94;0.96;0.91;0.99;0.98;0.95;0.89;0.92;0.92;0.96;0.92;0.91;0.96;1.01;1.07;0.99;0.97;0.92;0.99;1.04;1.01;1.09;1.04;1.04;1.01;1.0;1.03;1.01;0.94;0.9;0.91;1.03;1.06;1.02;1.08;1.08;1.03;1.03;1.03;0.99;0.92;0.97;1.0;0.94;0.98;1.02;0.98;1.01;1.1;1.07;1.08;1.05;0.92;0.89;0.83;0.76;0.77;0.77;1.05;1.07;1.09;1.09;1.08;1.02;1.06;1.05;1.0;1.03;1.0;0.97;0.97;1.02;0.99;1.03;0.95;0.93;0.92;0.94;0.86;0.88;0.88;0.9;0.88;0.86;0.82;0.74;0.69;0.63;0.61;0.59;0.59;0.56;0.58;0.55;0.54;0.98;0.97;0.96;0.94;0.95;0.86;0.88;0.89
Crossbow bolts (20);1.12;1.11;1.1;1.16;1.17;1.13;1.14;1.13;1.13;1.11;1.05;0.96;0.99;1.04;1.09;1.11;1.07;0.95;0.92;0.93;0.97;1.03;0.89;0.9;0.88;0.89;1.04;1.0;0.98;1.01;0.96;1.0;1.05;1.01;0.97;0.93;0.95;0.98;0.98;0.89;0.87;0.86;0.83;0.84;0.87;0.9;0.94;0.95;0.94;1.0;1.03;1.1;1.17;1.17;1.17;1.16;1.2;1.13;1.17;0.99;0.99;0.99;1.01;0.98;1.0;0.97;0.99;1.02;1.01;1.07;0.97;1.03;0.94;0.89;0.87;0.88;0.8;0.85;0.79;0.96;0.89;0.89;0.92;0.87;0.84;0.82;0.88;0.9;0.89;0.88;0.98;0.94;0.95;0.87;0.83;0.87;0.97;0.93;0.94;0.97;0.96;0.87;0.97;0.91;0.95;0.93;0.96;1.02;1.02;1.0;1.02
Crossbow, hand;65.13;67.45;68.11;71.64;70.73;75.05;70.39;70.02;75.12;76.13;78.85;72.01;66.1;65.25;60.38;65.66;63.09;67.5;78.79;66.76;67.57;63.46;65.8;66.55;65.93;69.67;67.57;73.85;74.47;75.16;74.23;82.73;93.13;93.93;96.04;100.28;97.86;102.61;109.36;108.17;72.52;63.22;66.6;73.56;74.75;81.42;77.37;76.32;80.95;82.72;90.13;98.75;72.64;74.21;74.74;79.36;70.34;72.35;71.19;68.26;67.43;72.05;72.87;72.77;66.71;61.31;60.86;59.09;54.45;57.6;54.27;54.58;54.58;50.78;51.34;52.62;56.45;54.8;53.45;56.88;65.51;69.13;68.71;77.85;76.91;73.03;75.58;70.86;71.92;73.37;73.84;75.75;77.25;83.82;89.7;92.84;94.96;75.79;69.72;72.11;74.49;75.75;76.4;69.81;71.87
Crossbow, heavy;52.75;51.54;54.34;56.03;54.89;53.9;53.07;53.96;47.88;53.75;57.15;53.03;53.88;55.18;54.65;52.29;53.09;50.15;54.66;58.95;58.82;57.37;55.99;56.75;63.75;62.12;64.24;61.3;58.8;60.19;57.6;53.32;54.89;58.5;57.72;59.82;56.42;61.04;60.61;65.14;66.73;65.08;66.37;65.64;65.27;66.01;67.41;65.48;49.22;47.39;51.32;54.08;55.17;53.94;51.55;46.49;46.78;43.26;41.83;45.76;55.63;54.04;55.15;47.96;49.55;49.76;49.29;53.03;53.17;56.53;55.84;55.42;55.5;50.32;49.96;46.09;49.08;48.34;47.74;48.88;49.93;48.49;50.06;51.04;53.35;53.66;55.62;50.19;48.06;43.18;41.07;41.9;40.6;43.07;42.34;41.24;43.3;42.49;42.26;41.98;45.0;49.96;54.36;55.6;53.68;52.26;53.07;55.28
Crossbow, light;26.01;27.25;27.12;26.24;27.2;27.14;26.79;24.35;22.99;25.9;24.85;24.53;23.15;22.2;20.63;19.89;20.06;21.03;20.93;21.18;20.4;20.81;20.95;23.08;21.88;21.74;21.57;22.06;22.24;24.84;25.31;26.67;25.72;25.69;26.71;27.08;27.7;23.97;25.18;27.12;26.24;25.62;23.78;24.58;25.65;24.37;24.21;23.03;20.83;21.85;26.37;27.6;27.45;29.53;30.38;32.29;32.99;35.2;32.97;33.27;35.43;35.67;23.62;22.84;23.5;22.85;22.13;21.14;22.01;21.63;20.8;20.8;19.69;25.98;27.2;29.44;27.68;27.14;25.93;27.48;29.78;28.37;28.06;29.55;28.71;30.58;31.21;30.8;30.52;27.88;27.32;27.5;27.34;26.25;23.46;23.96;21.68;22.25;22.09;23.67;23.94;22.67;22.19;22.98;21.47;19.96;27.51;28.48;29.59
Crowbar;1.61;1.57;1.65;2.05;2.07;2.15;2.13;2.15;1.99;2.11;1.92;1.9;1.84;1.83;1.93;2.01;1.89;1.79;1.75;1.82;1.74;2.01;1.96;1.96;2.08;2.14;2.09;2.18;2.34;2.62;2.06;2.02;2.14;2.15;2.18;2.22;2.34;2.06;1.92;1.87;1.83;1.84;1.98;1.94;1.91;1.87;1.95;1.9;1.98;1.98;1.81;1.65;1.6;1.53;1.51;1.55;1.58;1.55;1.61;1.57;1.71;1.68;1.63;1.55;2.01;2.23;2.26;2.43;2.34;1.99;2.05;2.15;2.07;1.96;1.98;2.05;2.08;2.16;2.22;1.98;1.98;2.01;2.06;1.92;1.83;1.76;1.66;1.73;1.74;1.78;1.68;1.85;2.01;2.12;2.05;2.21;2.12;2.08;1.98;1.98;1.94;1.98;1.96
Dagger;2.04;1.91;2.0;2.02;1.99;1.91;2.02;2.0;1.98;2.02;2.04;2.09;2.09;2.09;1.99;2.03;2.02;2.11;2.13;2.01;1.86;1.92;2.07;2.08;2.01;2.06;1.99;2.05;2.11;2.2;2.09;1.89;1.91;2.04;2.13;2.12;2.12;2.12;2.07;2.07;2.16;1.84;1.82;1.72;1.61;1.64;2.01;1.95;1.95;1.83;1.74;1.7;1.77;1.6;1.9;1.85;1.75;1.94;2.03;2.1;2.24;2.42;2.45;2.45;2.36;2.27;2.33;2.27;2.46;2.49;2.45;2.51;2.75;2.6;2.76;2.72;2.73;2.87;2.88;2.74;2.79;2.79;2.63;2.6;2.7;2.87;2.79;2.82;2.99;2.96;2.84;2.01;2.13;2.02;2.11;2.06;2.02;1.83;1.98;1.9;1.95;1.94;1.92;1.78;1.9;1.79
Dart;0.01;0.01;0.01;0.01;0.01;0.01;0.01;0.01;0.01;0.01;0.04;0.03;0.03;0.02;0.04;0.03;0.03;0.03;0.03;0.03;0.02;0.02;0.02;0.02;0.01;0.01;0.05;0.04;0.03;0.03;0.02;0.01;0.01;0.01;0.01;0.04;0.04;0.04;0.04;0.03;0.03;0.03;0.03;0.03;0.03;0.02;0.02;0.02;0.04;0.04;0.04;0.03;0.05;0.05;0.05;0.05;0.04;0.03;0.03;0.03;0.02;0.02;0.02;0.01;0.01;0.01;0.01;0.01;0.01;0.01;0.01;0.01;0.01;0.01;0.01;0.01;0.01;0.01;0.01;0.01;0.01;0.04;0.03;0.03;0.03;0.02;0.02;0.04;0.04;0.03;0.04;0.03;0.03;0.02;0.02;0.01;0.01;0.01;0.05;0.04;0.03;0.02;0.02;0.02;0.02;0.01;0.01
Dice set;0.06;0.05;0.04;0.04;0.04;0.04;0.1;0.1;0.09;0.08;0.07;0.06;0.06;0.05;0.05;0.05;0.04;0.09;0.08;0.08;0.07;0.07;0.06;0.06;0.05;0.05;0.05;0.04;0.04;0.04;0.04;0.04;0.03;0.02;0.01;0.01;0.01;0.01;0.01;0.01;0.09;0.09;0.09;0.09;0.09;0.08;0.07;0.06;0.06;0.09;0.1;0.09;0.08;0.07;0.06;0.06;0.05;0.04;0.03;0.03;0.02;0.02;0.02;0.02;0.1;0.09;0.08;0.09;0.1;0.1;0.1;0.09;0.09;0.09;0.08;0.07;0.09;0.07;0.07;0.06;0.05;0.04;0.03;0.09;0.09;0.09;0.08;0.08;0.08;0.07;0.07;0.06;0.05;0.04;0.03;0.02;0.02;0.01;0.01;0.01;0.01;0.01;0.09;0.08;0.08;0.07;0.07
Drum;5.87;5.37;5.43;6.12;6.34;5.73;5.57;5.86;6.32;6.04;5.87;5.71;5.45;5.66;5.71;5.71;5.92;5.89;5.73;5.45;5.65;5.73;5.9;5.78;5.62;5.75;5.64;5.73;5.61;6.11;6.13;6.5;6.37;6.21;5.88;6.09;6.7;6.8;7.23;7.3;7.06;7.1;7.76;7.92;8.87;8.25;7.84;7.54;7.68;6.93;6.75;6.82;7.06;6.94;7.3;8.19;5.22;5.43;5.37;5.2;5.21;5.16;5.71;5.67;5.21;6.21;6.55;6.23;5.89;6.6;7.02;7.27;7.44;7.48;7.63;7.92;7.74;7.23;6.68;6.39;5.72;5.93;6.05;5.76;5.66;5.22;4.96;5.35;5.13;5.21;4.89;5.76;5.78;5.7;5.74;5.63;6.36;6.03;6.05;5.77;5.48;5.64;5.45;5.27;4.65;4.51
Dulcimer;24.98;26.06;26.11;24.4;24.33;23.79;24.28;24.33;23.71;25.31;27.2;27.68;27.93;28.79;30.48;27.45;26.41;24.43;23.94;25.04;23.94;23.35;24.88;25.52;25.44;24.24;23.26;24.07;24.04;23.99;24.97;26.08;26.58;27.76;27.63;26.32;27.24;29.14;30.86;34.66;36.02;36.27;36.34;36.81;35.43;31.39;29.77;31.06;30.84;31.07;28.01;29.19;23.74;23.91;23.97;24.59;23.76;24.65;21.93;24.29;24.03;24.32;24.65;22.82;23.7;23.91;24.75;26.7;25.37;24.59;23.88;23.63;23.67;25.36;26.54;28.34;26.74;28.3;29.26;28.77;30.72;24.78;24.08;24.95;26.53;25.7;27.03;27.84;26.15;26.67;26.43;27.43;26.28;24.52;23.32;23.97;24.27;24.65;25.13;24.2;25.44;27.34;25.51;24.74;25.02;25.15;22.65;21.75
Fishing Rod;1.2;1.27;1.09;0.93;0.83;0.8;1.01;1.04;1.0;1.02;1.0;1.01;0.99;1.07;1.02;1.03;1.0;1.0;0.9;0.89;0.8;0.83;0.81;0.83;0.81;0.82;0.88;0.83;0.87;0.86;0.86;1.05;0.94;0.98;0.96;1.01;1.04;1.04;1.02;1.15;1.04;1.09;1.01;1.02;0.99;0.92;0.88;0.86;0.77;0.78;0.79;0.83;1.01;0.93;0.86;0.83;1.02;1.1;1.16;1.04;0.98;0.96;0.99;0.92;0.87;0.81;0.85;0.8;0.76;0.78;0.78;0.76;0.79;0.78;0.75;0.74;0.79;0.77;0.77;0.76;0.76;0.76;0.71;0.73;0.77;1.04;0.99;1.0;1.0;0.88;0.91;0.91;0.88;0.89;0.87;0.83;0.84;0.82;0.81;0.85;0.85;0.88;0.85;0.89;0.87
Fishing tackle;1.12;1.11;1.08;1.07;1.1;1.15;1.15;1.13;1.17;1.2;1.13;1.15;1.09;1.17;1.24;1.13;1.1;1.09;1.12;1.09;1.13;1.15;1.13;1.08;1.03;1.02;1.01;0.99;0.99;1.03;1.04;1.02;0.94;0.95;0.9;0.9;0.84;0.81;0.82;0.89;0.85;0.86;0.98;0.95;0.92;1.04;1.07;1.02;1.0;1.01;0.97;0.98;0.95;0.94;0.88;0.81;1.05;1.03;1.02;0.96;0.98;0.89;0.95;0.92;0.91;0.93;0.96;0.92;0.93;0.85;0.81;0.96;0.9;0.87;0.81;0.77;1.02;0.97;0.89;0.92;0.91;0.91;0.88;0.9;0.86;0.86;0.8;0.82;0.87;0.83;0.83;0.85;0.81;0.85;0.87;1.0;1.05;1.02;1.06;1.03;1.08;1.13;1.15;1.04;0.99;0.95;0.89
Flail;8.53;7.97;8.35;9.06;8.87;8.71;9.35;10.22;9.48;9.53;10.12;10.02;9.65;9.33;8.86;8.94;9.92;8.72;8.47;9.2;9.77;10.24;9.86;9.98;10.08;10.28;9.87;10.41;10.04;9.85;9.85;10.11;10.21;10.35;9.96;10.0;10.0;10.62;9.97;9.71;10.07;10.52;11.41;11.58;11.41;11.29;10.07;9.98;10.32;10.08;10.89;10.21;10.29;8.94;8.84;8.97;10.18;10.03;10.28;10.6;10.36;10.02;9.66;9.77;10.12;10.19;9.93;10.18;9.39;10.84;10.75;10.32;10.64;10.21;10.14;9.89;9.49;9.56;9.98;10.08;10.04;10.11;9.98;10.99;10.51;9.67;10.04;10.05;9.92;10.11;9.77;10.55;10.0;10.04;9.69;10.0;9.96;10.07;9.51;8.9;9.68;10.23;10.03;10.18;11.28;11.08;12.08;12.32
Flask or Tankard;0.01;0.01;0.01;0.01;0.01;0.01;0.01;0.01;0.01;0.01;0.02;0.01;0.01;0.01;0.01;0.01;0.01;0.01;0.01;0.01;0.01;0.01;0.01;0.01;0.01;0.01;0.01;0.02;0.01;0.01;0.01;0.01;0.01;0.01;0.01;0.01;0.01;0.01;0.01;0.01;0.01;0.01;0.01;0.01;0.01;0.01;0.01;0.01;0.01;0.01;0.01;0.01;0.01;0.01;0.01;0.01;0.01;0.01;0.01;0.01;0.01;0.01;0.01;0.01;0.01;0.01;0.01;0.01;0.02;0.02;0.01;0.01;0.01;0.01;0.01;0.02;0.01;0.02;0.01;0.01;0.01;0.01;0.01;0.01;0.01;0.01;0.01;0.01;0.01;0.01;0.01;0.01;0.01;0.01;0.01;0.01;0.01;0.01;0.01;0.01;0.01;0.01;0.01;0.02;0.02
Flute;2.0;2.04;2.19;2.23;2.3;1.17;2.07;1.12;2.08;2.24;0.9;2.23;0.96;2.13;0.91;2.04;2.19;2.18;2.08;2.06;2.03;1.98;2.06;2.03;1.98;2.04;2.08;1.89;1.92;1.88;1.98;2.01;1.97;2.09;2.17;2.15;2.11;1.95;2.1;1.82;1.7;2.09;1.98;1.92;2.03;0.66;1.98;1.9;1.16;1.81;1.71;1.68;1.63;1.98;1.98;2.01;1.99;1.91;1.93;2.02;2.12;2.24;2.23;0.74;2.28;0.58;2.13;0.51;2.17;0.37;2.07;0.43;2.12;1.92;1.88;1.96;1.85;1.87;1.92;0.97;1.81;1.72;1.62;1.65;1.65;1.69;1.82;1.21;1.72;1.29;1.8;1.73;1.71;1.63;1.77;1.61;1.56;1.55;1.54;1.56;1.7;1.81;1.98;0.91;1.84;1.83;1.8;1.89;1.83;1.84;1.91;1.98;2.14;2.13;2.08;1.93;1.88;1.8;1.78;1.79;0.9;1.68;0.94;1.8;0.97;1.63;0.71;1.67;0.88
Glaive;20.36;21.68;22.18;19.39;18.61;18.16;18.49;18.05;17.35;17.85;17.71;18.53;17.38;17.37;17.25;16.56;15.26;15.91;16.43;16.97;17.39;17.77;17.46;17.45;17.59;17.39;17.45;17.93;18.14;18.78;19.08;18.04;19.96;18.17;19.27;18.77;17.03;16.59;16.16;16.34;19.94;20.24;19.96;18.75;17.16;18.98;18.78;18.32;17.41;17.53;16.06;17.01;18.64;18.93;17.37;17.45;16.84;16.25;16.19;20.44;21.44;22.38;22.37;22.68;21.77;21.51;20.95;18.38;18.13;17.9;16.9;16.55;17.56;17.53;18.65;18.58;18.73;19.08;18.02;17.28;18.16;18.55;18.51;19.63;18.9;18.55;18.33;17.08;17.04;16.01;16.79;17.23;16.23;20.25;21.96;23.51;22.81;22.18;23.07;21.99;23.2;23.69;25.42;23.61;22.15;22.04;21.76;19.84
Glassblower’s tools;26.96;25.64;24.18;25.08;23.69;27.05;26.74;29.72;28.56;25.87;25.48;24.49;25.89;24.54;24.66;23.79;25.0;29.44;30.85;29.3;30.27;30.22;28.84;28.64;30.71;33.42;33.63;34.65;35.48;36.82;36.95;35.02;34.5;27.19;28.52;30.45;28.69;29.42;30.13;32.8;32.4;32.85;33.22;33.99;34.73;34.71;28.58;26.94;25.35;22.42;21.72;23.48;23.13;21.72;23.92;23.9;24.89;24.17;24.31;23.69;25.39;25.82;26.21;27.46;26.16;25.88;27.34;25.93;23.33;22.68;21.94;29.35;27.77;29.15;26.92;26.15;24.72;25.08;25.64;26.01;24.15;26.05;27.44;27.65;25.24;26.57;26.24;26.59;27.1;23.84;23.68;24.74;23.28;26.13;27.07;28.36;33.59;33.34;33.96;33.93;32.71;31.78;31.87;32.26
Grappling hook;1.32;1.28;1.46;1.46;1.34;2.02;2.2;1.81;1.74;1.91;1.82;1.72;1.76;1.66;1.72;1.7;1.75;1.62;1.55;1.54;1.5;1.56;1.52;1.51;2.13;2.11;2.09;1.86;2.11;2.04;2.04;1.84;1.82;1.7;1.88;1.87;1.86;1.84;1.73;1.66;1.52;1.5;1.47;1.39;1.39;2.07;2.02;1.93;1.97;2.02;2.14;2.19;2.22;2.15;2.31;2.29;2.34;2.35;2.27;2.17;2.04;2.08;2.02;2.04;2.17;2.2;1.93;2.01;1.96;1.99;1.88;1.84;1.83;1.99;2.13;2.26;2.3;2.35;2.19;2.01;2.04;2.19;2.27;2.07;1.9;1.84;1.59;1.57;2.12;1.96;1.92;2.01;2.05;2.18;2.17;2.03;1.94;1.85;1.8;1.81;1.83;1.84
Greatclub;0.17;0.17;0.17;0.16;0.16;0.15;0.14;0.19;0.18;0.19;0.18;0.18;0.16;0.15;0.14;0.13;0.12;0.13;0.11;0.1;0.09;0.08;0.07;0.07;0.07;0.06;0.06;0.06;0.06;0.06;0.06;0.06;0.06;0.05;0.05;0.05;0.04;0.04;0.03;0.03;0.02;0.02;0.01;0.01;0.01;0.01;0.01;0.01;0.21;0.2;0.2;0.18;0.17;0.17;0.16;0.16;0.16;0.16;0.19;0.17;0.17;0.17;0.17;0.16;0.2;0.2;0.18;0.17;0.17;0.16;0.15;0.14;0.15;0.15;0.14;0.14;0.13;0.13;0.13;0.14;0.14;0.14;0.14;0.14;0.13;0.13;0.13;0.13;0.13;0.13;0.13;0.12;0.12;0.12;0.1;0.1;0.1;0.09;0.08;0.19;0.21;0.2;0.2;0.19;0.19;0.17;0.16;0.15;0.16;0.16
Greatsword;57.04;57.46;54.76;50.59;51.29;55.88;55.7;55.73;52.62;50.3;53.14;53.8;54.22;55.97;50.03;52.13;50.88;52.03;54.12;54.55;52.41;49.02;52.04;49.05;51.66;51.27;52.42;49.51;50.57;49.95;48.0;48.25;42.67;39.05;36.3;37.53;37.91;38.21;35.38;33.8;35.21;37.82;37.58;32.6;31.38;27.98;52.04;51.01;53.83;57.26;58.54;49.45;49.03;49.5;48.93;52.17;57.26;46.71;47.57;43.59;42.69;43.24;44.94;47.87;49.36;51.1;48.28;47.66;48.42;46.71;46.22;50.65;49.79;51.36;49.99;44.13;46.35;49.73;47.89;49.83;48.08;51.58;55.52;52.13;52.44;54.92;54.45;54.96;55.47;56.88;53.97;50.54;50.85;47.17;46.73;48.28;49.49;47.24;48.0;43.61;43.32;40.42;45.63
Halberd;22.9;23.2;21.76;22.85;22.96;23.65;24.84;25.58;20.1;20.66;18.71;20.46;21.19;21.32;23.26;24.22;24.44;25.43;22.7;20.64;19.87;17.96;18.03;18.67;19.77;19.95;19.83;21.62;19.93;20.52;20.59;21.13;20.75;21.77;21.38;21.6;20.81;18.77;18.32;17.84;17.6;19.24;19.6;18.35;20.46;21.28;20.4;20.95;22.02;22.21;21.92;22.67;22.83;24.25;22.16;21.66;21.07;19.89;19.79;18.99;18.05;18.76;18.22;17.09;16.56;15.64;16.55;17.67;17.84;16.97;15.64;15.62;16.72;17.58;17.33;17.99;17.63;18.99;19.04;20.12;20.85;20.53;21.71;21.72;21.38;20.62;19.82;20.33;20.12;19.24;20.62;19.82;19.36;20.42;22.12;21.61;21.8;22.54;23.34;20.12;20.51;19.36;19.37;19.84;20.14;19.93;18.2;19.1;19.48;21.6
Half plate;872.87;901.36;954.91;906.27;912.63;937.93;1027.76;961.44;734.05;713.63;781.53;818.33;762.03;739.13;704.19;646.73;601.83;837.97;886.61;837.54;865.43;849.97;823.53;854.39;860.7;767.07;721.15;679.43;711.31;642.89;652.05;659.08;672.31;738.39;706.76;821.39;810.75;903.48;849.46;787.99;721.74;769.79;763.24;737.71;749.29;770.81;793.96;787.97;799.12;714.75;765.26;796.27;825.2;858.55;913.78;861.92;808.26;845.4;864.99;858.75;905.84;990.3;1078.08;1056.61;1115.34;762.21;702.04;685.48;799.78;805.15;923.03;898.18;941.05;944.16;945.38;962.15;972.63;998.54;744.87;682.69;643.01;642.95;648.03;665.2;640.81;640.99;647.27;659.99;646.43;668.44;702.96;706.39;749.37;753.15;823.22;834.1;785.56;765.29;719.39;703.48;668.09;598.73;604.54;624.98;652.7
Hammer;1.03;0.94;0.94;0.92;0.89;1.01;0.95;0.91;0.97;0.99;0.96;1.06;1.07;1.11;1.01;1.0;1.09;1.09;1.15;1.13;1.15;1.21;1.25;1.22;1.17;1.18;1.05;1.04;0.97;1.01;1.0;0.97;0.96;0.93;0.96;1.01;1.03;0.98;1.0;0.99;0.94;1.01;0.98;0.98;0.99;1.01;1.07;1.06;1.22;1.14;1.09;1.09;1.15;1.14;1.12;0.96;0.91;0.97;0.98;1.0;0.9;1.04;1.0;1.06;1.11;1.11;1.08;0.97;0.98;0.95;0.93;0.93;1.01;0.93;0.89;0.95;1.03;1.01;0.98;0.97;0.98;1.02;0.9;0.92;0.93;0.92;0.81;0.85;0.82;0.91;0.98;0.91;0.88;0.88;0.82;0.85;0.84;0.84;1.0;0.92;0.94;0.95;0.91;0.89
Hammer and Nails;0.47;0.47;0.49;0.51;0.5;0.52;0.48;0.48;0.45;0.48;0.48;0.47;0.46;0.46;0.44;0.43;0.37;0.36;0.38;0.36;0.34;0.35;0.39;0.39;0.37;0.39;0.39;0.42;0.41;0.39;0.37;0.49;0.51;0.47;0.44;0.43;0.46;0.47;0.46;0.46;0.5;0.54;0.54;0.56;0.58;0.58;0.53;0.51;0.51;0.5;0.44;0.39;0.36;0.36;0.32;0.5;0.5;0.49;0.47;0.49;0.44;0.4;0.37;0.37;0.39;0.41;0.37;0.37;0.37;0.43;0.46;0.48;0.45;0.41;0.4;0.38;0.37;0.33;0.32;0.33;0.49;0.48;0.49;0.54;0.5;0.45;0.44;0.44;0.44;0.42;0.42;0.41;0.41;0.49;0.49;0.49;0.5;0.53;0.54;0.53;0.51;0.53;0.54;0.55;0.56;0.6;0.5;0.5;0.48
Hammer, sledge;1.35;1.97;1.85;1.75;2.0;2.01;1.91;1.8;1.76;1.89;1.87;1.8;1.8;1.82;1.92;2.01;1.73;1.85;1.84;1.91;1.82;1.88;1.66;1.84;1.87;1.87;1.82;1.95;1.82;1.88;1.84;1.74;1.63;1.52;1.57;1.64;1.53;1.59;1.61;1.66;1.62;1.6;1.77;1.93;1.87;2.04;2.07;2.05;2.13;2.08;1.91;1.87;2.07;2.08;2.06;2.03;2.13;2.24;2.28;2.34;2.7;2.64;2.47;2.57;2.51;2.57;2.65;2.03;1.99;1.91;1.74;1.59;1.46;1.44;1.57;1.7;1.76;1.77;1.73;1.73;1.52;1.45;1.35;1.4;1.44;1.97;1.88;1.77;1.67;1.57;1.6;1.52;1.52;1.56;1.58;1.85;1.78;1.77;1.75;1.58;1.49;1.51;1.44;1.41;1.44;1.51;2.03;2.02;1.99
Handaxe;4.67;4.78;4.74;4.93;5.34;5.4;5.57;5.57;5.29;5.82;5.8;5.86;6.2;6.33;6.46;6.57;6.47;6.93;6.67;6.86;6.41;6.27;6.3;5.68;6.11;6.42;6.65;6.68;6.86;7.01;7.23;7.52;7.81;7.64;7.91;7.85;8.53;8.7;8.09;8.2;8.11;8.33;8.85;5.09;5.3;5.42;5.42;5.41;5.71;5.81;5.58;5.53;5.55;5.24;5.12;5.5;5.14;5.5;5.34;5.07;4.8;5.0;5.06;5.01;4.47;5.51;5.58;5.06;5.35;5.36;4.94;5.04;5.04;4.91;4.89;5.0;4.88;4.59;4.15;3.78;5.14;4.81;5.18;5.48;5.56;5.45;5.12;4.56;5.42;5.36;4.74;4.9;4.73;4.65;4.54;4.43;5.37;5.17;5.17;5.28;4.81;4.59;4.46
Healing Potion;43.84;43.46;44.66;44.25;39.93;39.26;37.8;38.09;50.81;53.29;57.08;55.71;57.06;56.24;55.49;56.19;59.53;54.7;51.99;53.96;56.77;56.03;48.98;45.56;45.93;40.86;40.3;39.32;49.8;50.07;49.45;49.38;50.25;47.35;43.92;44.03;39.98;42.02;50.66;51.97;50.72;49.33;47.54;46.92;45.55;45.84;46.51;45.89;47.42;51.98;53.43;55.48;55.68;48.05;45.04;42.18;50.83;53.0;53.96;54.55;55.83;59.18;58.19;54.91;54.33;53.14;52.52;51.91;51.85;49.83;46.81;44.97;41.03;40.27;41.01;42.56;40.26;39.65;38.19;36.01;49.14;50.11;51.61;55.25;57.55;59.48;57.8;54.67;45.27;43.53;48.92;45.66;41.86;43.69;49.32;47.75;53.56;55.79;56.44;56.78;59.04;61.73;61.26;62.96;60.94;64.19;61.42;62.62;57.61;53.54
Hide;9.1;8.62;8.76;8.97;8.78;8.37;8.08;7.81;8.18;7.38;7.79;7.88;7.3;8.11;7.93;10.13;10.04;9.29;8.98;8.86;9.5;10.53;10.64;9.83;9.87;9.04;9.84;9.52;9.72;10.12;10.38;9.82;10.35;10.02;10.75;11.83;9.9;10.27;10.93;10.83;10.41;10.95;10.33;9.99;9.91;10.35;9.87;9.09;10.07;9.28;9.41;9.62;9.75;9.37;9.94;9.32;9.77;10.35;10.5;11.01;11.44;11.34;11.11;10.96;11.1;11.37;11.45;11.56;11.34;12.17;12.36;12.05;11.25;11.68;11.7;12.25;12.55;11.88;9.34;9.21;9.44;9.7;10.39;10.37;9.45;9.53;9.59;9.63;9.64;9.89;9.91;10.37;11.05;10.73;10.01;9.91;9.85;9.76;8.84;8.33;8.15;8.48;8.33
Holy Water (flask);23.14;23.31;22.27;24.08;25.73;26.81;28.28;29.64;30.03;23.97;25.98;24.56;23.92;25.24;26.27;26.25;26.54;26.22;27.3;27.87;27.94;27.96;29.11;28.13;28.61;28.27;27.55;25.17;26.06;26.02;26.56;25.11;24.5;23.94;24.88;25.59;24.15;24.59;22.84;23.28;22.66;23.34;21.49;23.26;24.57;24.2;22.66;21.24;22.92;26.15;24.86;23.22;23.71;23.99;23.88;23.49;23.52;21.94;23.24;23.94;24.12;25.32;25.57;27.33;27.05;27.94;28.55;29.22;24.61;25.02;24.11;24.41;24.48;26.9;28.78;30.74;30.8;30.36;31.07;29.38;28.99;28.95;29.18;30.44;31.21;33.33;34.61;32.9;31.17;32.53;35.21;34.76;35.58;35.86;38.26;41.2;43.42;41.33;42.97;40.43;42.78;43.79;41.89;25.74;23.76;21.08
Horn;2.99;2.8;2.66;2.87;2.94;2.91;2.92;2.86;2.9;2.81;2.45;2.35;2.36;2.3;2.35;2.36;2.39;2.5;2.44;2.34;2.17;2.32;2.35;2.31;2.21;2.23;2.28;1.94;1.88;1.89;1.9;3.08;2.81;2.64;2.86;2.81;2.75;2.78;3.03;3.33;3.51;3.41;3.3;3.11;3.28;2.96;2.96;3.04;3.03;2.99;2.74;2.64;2.64;2.76;2.68;2.62;3.11;3.09;3.07;3.16;3.35;3.16;3.28;3.32;3.31;3.49;3.47;3.31;3.25;3.04;3.08;3.13;3.14;3.04;3.08;3.01;2.79;2.75;2.62;2.62;2.51;2.56;2.5;2.59;2.65;2.59;2.67;2.71;2.63;2.88;2.81;2.81;2.67;2.9;2.9;2.72;2.7;2.7;2.54;2.58;2.65;2.5;2.65;2.47;2.49;2.37;2.46;2.51;2.43;2.51;2.67;2.74
Hourglass;21.09;19.87;21.46;21.33;21.42;24.09;23.54;22.57;20.16;20.27;20.66;21.22;21.88;23.16;23.0;23.73;23.99;23.04;21.61;22.32;25.07;25.36;25.44;24.92;23.31;23.42;22.64;21.83;18.46;19.74;18.63;26.05;24.25;24.83;23.28;24.2;25.56;24.92;25.97;26.22;26.34;25.47;26.28;26.51;26.37;26.79;26.04;25.61;26.38;26.9;26.72;26.25;23.56;26.17;27.69;29.07;29.9;33.87;32.94;32.58;34.61;35.36;35.21;37.9;35.26;35.34;35.8;36.13;33.96;33.34;32.73;30.3;29.9;26.42;25.35;25.61;27.42;27.74;28.12;27.73;26.79;27.09;26.21;27.44;27.93;28.95;29.73;29.7;28.89;28.46;24.15;22.87;25.35;25.94;24.55;24.89;26.88;27.43;28.0;29.49;30.07;30.75;29.99;28.87;29.42;27.86;29.24;29.59
Hunting trap;5.48;5.01;4.9;4.92;5.12;4.75;5.29;4.72;4.83;4.69;4.83;4.93;4.5;4.28;4.09;4.94;5.18;5.18;4.89;4.94;4.68;4.75;5.04;5.22;4.98;4.73;4.5;3.9;4.05;3.79;3.69;4.12;4.1;4.02;3.83;4.18;4.07;3.73;3.43;3.37;3.61;3.42;3.73;3.55;3.48;3.4;3.69;3.56;3.62;4.2;4.09;4.0;3.88;3.69;3.63;3.14;3.04;2.86;2.88;2.83;2.98;2.96;3.01;2.88;2.9;2.87;3.04;2.9;2.73;2.7;2.9;2.58;2.53;2.52;2.48;2.56;2.66;2.52;2.3;2.31;2.36;2.31;2.33;2.4;2.29;2.26;2.19;2.15;2.12;2.05;4.64;4.54;4.51;4.68;4.6;4.66;4.45;4.53;4.62;4.47;4.62;4.77;5.03;5.19;5.12;4.88;5.05
Ink (1 ounce bottle);10.3;10.33;10.64;10.08;10.39;9.6;10.07;10.06;10.47;10.27;10.68;10.66;10.68;10.36;10.04;9.68;9.91;9.98;11.28;11.03;12.33;12.37;12.0;11.59;11.96;11.7;11.91;11.32;10.22;11.2;12.01;10.05;11.03;11.94;11.48;10.35;10.49;10.8;11.07;9.96;8.9;9.35;10.74;10.68;10.59;10.72;11.34;11.99;11.74;12.04;11.66;11.09;10.68;10.76;10.69;11.26;9.05;9.3;9.23;9.23;9.54;9.91;9.26;9.16;9.99;9.94;10.21;9.5;9.74;9.97;10.28;9.04;9.84;8.81;9.95;9.54;8.8;9.74;9.8;9.8;9.72;9.11;8.67;9.4;9.14;10.04;9.7;9.91;10.54;10.77;11.05;11.86;10.97;11.29;10.53;9.58;8.65;8.35;8.7;9.18;9.26;8.9;9.42;10.11
Ink and Quill;0.01;0.01;0.01;0.01;0.01;0.01;0.01;0.01;0.01;0.01;0.01;0.01;0.01;0.01;0.01;0.01;0.01;0.01;0.01;0.01;0.01;0.01;0.1;0.09;0.08;0.08;0.08;0.07;0.07;0.06;0.05;0.05;0.09;0.09;0.1;0.09;0.08;0.07;0.06;0.06;0.06;0.06;0.05;0.04;0.04;0.09;0.09;0.09;0.08;0.08;0.07;0.06;0.1;0.09;0.08;0.1;0.09;0.08;0.07;0.06;0.06;0.06;0.05;0.09;0.08;0.07;0.07;0.07;0.06;0.05;0.04;0.04;0.03;0.03;0.03;0.02;0.01;0.01;0.1;0.09;0.08;0.08;0.07;0.06;0.06;0.05;0.05;0.04;0.03;0.02;0.01;0.01;0.01;0.01;0.1;0.09;0.08;0.07;0.07;0.06;0.06;0.05;0.04;0.04;0.04;0.09;0.07;0.07
Ink pen;0.01;0.01;0.01;0.01;0.01;0.01;0.01;0.01;0.01;0.02;0.01;0.01;0.01;0.01;0.01;0.01;0.01;0.01;0.01;0.01;0.01;0.01;0.01;0.01;0.01;0.01;0.01;0.01;0.01;0.01;0.01;0.01;0.01;0.01;0.01;0.01;0.01;0.01;0.01;0.01;0.01;0.01;0.01;0.01;0.01;0.01;0.01;0.01;0.01;0.01;0.01;0.01;0.01;0.01;0.01;0.01;0.01;0.01;0.01;0.01;0.02;0.01;0.01;0.01;0.01;0.01;0.01;0.01;0.01;0.01;0.01;0.01;0.01;0.01;0.01;0.01;0.01;0.01;0.01;0.01;0.02;0.01;0.01;0.01;0.01;0.01;0.01;0.01;0.01;0.01;0.02;0.02;0.01;0.01;0.02;0.02;0.01;0.01;0.01;0.01;0.01;0.01;0.01;0.01;0.01;0.01;0.01;0.01;0.01;0.01;0.01;0.01;0.01
Javelin;0.47;0.42;0.39;0.39;0.38;0.4;0.5;0.51;0.5;0.53;0.52;0.53;0.53;0.5;0.53;0.53;0.53;0.49;0.48;0.52;0.55;0.49;0.5;0.52;0.53;0.57;0.52;0.49;0.48;0.47;0.46;0.48;0.47;0.44;0.43;0.42;0.41;0.42;0.41;0.46;0.47;0.46;0.45;0.45;0.43;0.41;0.49;0.54;0.49;0.5;0.48;0.48;0.47;0.45;0.46;0.46;0.49;0.49;0.5;0.49;0.5;0.45;0.42;0.39;0.42;0.43;0.41;0.4;0.38;0.38;0.36;0.38;0.39;0.39;0.41;0.48;0.46;0.44;0.43;0.41;0.49;0.48;0.49;0.44;0.49;0.52;0.54;0.55;0.51;0.5;0.51;0.5;0.47;0.47;0.46;0.46;0.46;0.4;0.4;0.49;0.44;0.42;0.42;0.47;0.43;0.43;0.44
Jeweler’s tools;23.15;24.07;24.06;23.96;23.15;22.23;23.75;22.77;28.15;26.18;27.39;26.3;24.29;24.23;25.08;23.77;22.0;23.18;23.2;23.64;23.42;22.88;23.19;22.35;23.88;25.42;26.13;27.45;26.44;26.38;30.06;29.86;27.63;29.9;30.06;32.33;30.6;30.45;29.49;31.1;30.52;26.26;24.51;25.63;22.81;23.26;24.45;22.97;24.61;25.59;25.1;25.41;23.6;25.14;24.6;25.21;25.31;25.24;24.51;23.12;23.5;24.24;25.73;24.23;26.19;24.97;24.32;22.96;21.47;21.1;20.67;20.63;21.25;21.67;20.4;19.01;19.27;23.94;27.86;25.92;25.89;23.32;23.12;24.05;23.92;23.03;21.64;21.76;23.42;24.27;24.63;23.12;22.3;23.23;23.43;24.67;24.49;24.32;22.42;22.37;23.43;24.39;22.47;23.36
Jug or Pitcher;0.01;0.01;0.01;0.01;0.01;0.01;0.01;0.02;0.02;0.01;0.01;0.01;0.01;0.01;0.01;0.01;0.01;0.01;0.01;0.01;0.02;0.02;0.02;0.02;0.02;0.01;0.01;0.02;0.01;0.01;0.02;0.02;0.02;0.02;0.01;0.01;0.01;0.01;0.01;0.01;0.01;0.01;0.01;0.01;0.01;0.01;0.01;0.01;0.01;0.01;0.01;0.01;0.01;0.01;0.01;0.01;0.01;0.01;0.01;0.01;0.01;0.01;0.01;0.01;0.01;0.01;0.02;0.01;0.01;0.01;0.01;0.01;0.01;0.01;0.01;0.01;0.01;0.01;0.01;0.01;0.01;0.01;0.01;0.01;0.01;0.01;0.01;0.01;0.01;0.01;0.01;0.01;0.01;0.01;0.01;0.01;0.01;0.02;0.01;0.01;0.02;0.02;0.01;0.01;0.01;0.01;0.01
Kit, climber’s;23.12;23.75;24.79;27.17;26.26;26.34;24.91;25.72;25.42;26.46;26.13;24.54;24.77;25.29;25.38;27.37;27.99;28.99;27.27;26.39;25.8;25.51;25.41;24.71;25.54;26.59;25.73;25.56;25.85;25.78;26.1;25.75;24.33;24.54;24.99;24.54;23.91;23.7;22.08;21.51;20.29;22.02;23.1;23.72;23.84;21.9;21.75;21.29;22.82;24.77;23.49;24.64;23.91;24.45;24.07;24.55;23.26;23.2;23.85;25.86;27.1;27.02;26.38;27.37;28.21;28.03;29.93;27.13;28.57;21.6;20.74;21.44;22.27;21.93;22.46;24.32;22.99;23.35;22.22;21.92;26.71;26.2;25.89;25.38;26.12;27.59;27.85;29.41;28.61;26.6;28.26;28.94;27.22;27.91;26.96;28.24;27.46;29.98;30.08;30.8;24.04;22.07;21.13
Kit, disguise;22.44;23.56;24.24;21.76;20.74;24.15;24.12;23.63;23.55;23.16;23.02;25.44;25.28;25.92;26.04;26.67;27.98;30.69;30.63;34.48;34.75;33.45;35.1;25.35;23.64;24.82;26.73;26.54;26.22;26.81;26.86;26.44;27.02;25.89;22.95;24.34;23.28;23.34;24.09;23.38;22.93;24.01;24.71;22.0;22.87;21.31;22.93;22.83;23.01;21.92;20.65;22.2;24.55;25.97;26.48;25.57;25.87;26.31;26.67;28.31;30.33;31.86;30.03;30.76;29.32;27.0;27.42;28.17;23.83;25.53;23.12;23.43;23.66;22.53;25.07;25.88;27.33;25.89;25.41;26.35;24.86;24.37;23.97;21.84;22.6;21.67;23.66;26.65;25.94;26.59;28.73;28.97;28.19;26.65;25.87;25.12;25.83;30.32;28.02;24.02;24.14;24.67;27.21;27.81;27.32;28.77
Kit, forgery;17.05;14.48;16.0;17.2;16.88;16.67;16.99;18.08;14.63;13.38;14.89;16.0;17.04;16.86;17.44;16.05;16.3;17.34;16.02;14.97;14.91;14.36;14.06;13.63;14.19;14.43;13.75;13.31;13.78;14.73;14.62;14.57;14.25;13.91;14.76;16.44;16.39;13.98;14.83;14.8;15.2;15.29;14.41;13.7;13.31;11.85;14.66;14.5;15.85;17.17;17.75;18.17;15.91;15.17;15.84;14.77;14.7;13.78;14.06;14.54;14.39;15.02;15.13;14.84;14.55;13.39;14.19;15.4;15.22;14.32;14.63;16.17;14.84;15.36;15.32;14.23;13.24;13.66;14.31;13.61;12.76;13.88;12.23;11.37;10.92;13.74;14.12;14.96;15.07;14.28;13.94;12.64;12.15;12.41;13.17;14.18;14.0;14.5;15.56;15.69;15.9;14.69;13.83;13.77;13.76
Kit, healer’s;3.2;2.95;3.29;3.23;3.19;3.14;3.28;4.73;4.56;4.62;4.83;5.02;4.93;5.02;4.89;5.17;4.88;5.21;5.42;5.32;5.46;5.12;4.87;4.73;4.93;4.59;4.51;4.63;4.71;4.19;4.15;4.25;3.68;3.71;3.55;3.5;3.19;3.38;3.01;2.97;2.73;5.33;5.0;5.4;5.14;4.59;4.31;4.2;4.43;3.95;3.61;3.97;4.36;4.22;4.07;4.19;4.21;3.96;4.07;4.96;4.75;4.52;5.09;4.72;5.05;5.11;5.08;5.46;5.73;5.74;6.02;4.71;5.22;5.18;5.19;5.23;5.54;5.38;5.28;5.36;5.21;5.49;5.53;5.52;5.42;4.96;5.1;4.87;4.79;4.79;5.03;5.31;5.51;5.58;6.05;5.9;5.44;5.62;5.37;5.9;6.1;6.69;6.68;6.59;6.23;5.81
Kit, herbalism;4.87;5.04;4.91;4.8;4.71;5.14;4.89;4.44;3.98;4.04;4.31;4.65;4.94;4.92;4.96;5.01;4.69;4.54;4.91;4.63;5.12;4.88;4.6;4.96;5.13;5.1;5.01;4.83;4.67;4.64;4.81;4.35;4.6;4.25;4.39;4.22;4.0;3.97;3.89;5.01;5.38;5.23;5.27;5.04;4.48;4.32;4.5;4.67;4.29;3.98;3.95;3.5;3.58;4.76;4.39;4.77;4.86;5.43;5.65;5.76;5.42;4.96;5.0;4.85;5.01;5.16;5.51;5.03;4.7;4.79;4.71;4.81;4.9;4.92;4.64;4.53;4.79;4.33;4.2;3.82;4.2;4.37;4.0;4.6;4.49;4.32;4.03;3.98;3.78;3.92;3.64;3.99;4.1;3.93;4.16;4.23;4.35;4.34;4.47;4.54;4.64;4.64;4.72;4.49;4.54;4.23;3.86;3.91;4.04;4.08
Kit, mess;0.16;0.16;0.14;0.14;0.14;0.2;0.19;0.19;0.19;0.19;0.2;0.19;0.19;0.18;0.19;0.19;0.17;0.15;0.14;0.14;0.12;0.12;0.12;0.12;0.11;0.12;0.11;0.21;0.21;0.21;0.2;0.19;0.19;0.19;0.18;0.18;0.17;0.17;0.16;0.15;0.16;0.15;0.15;0.15;0.16;0.16;0.16;0.15;0.15;0.19;0.19;0.18;0.18;0.17;0.16;0.15;0.15;0.15;0.15;0.13;0.12;0.12;0.11;0.12;0.11;0.17;0.18;0.17;0.17;0.15;0.14;0.13;0.13;0.12;0.12;0.12;0.2;0.19;0.18;0.17;0.18;0.19;0.17;0.16;0.16;0.14;0.19;0.18;0.18;0.18;0.16;0.15;0.15;0.15;0.14;0.13;0.13;0.19;0.18;0.17;0.2;0.19;0.19;0.19
Kit, poisoner’s;45.47;46.19;47.95;46.85;50.83;45.69;43.28;46.84;51.99;56.69;57.23;57.79;58.24;53.83;46.44;47.48;49.38;44.51;45.93;47.4;48.31;52.46;52.68;48.93;48.33;49.32;53.23;54.3;55.47;56.64;54.68;52.79;51.01;55.16;52.37;55.42;56.26;56.13;57.05;58.51;58.45;57.83;55.46;57.86;58.75;54.15;52.54;52.68;46.57;47.08;46.74;51.82;52.25;56.06;52.85;55.47;53.81;56.63;55.9;51.85;49.19;54.17;56.06;49.16;48.38;49.41;50.06;50.18;50.73;48.24;46.93;49.68;46.3;45.32;50.39;52.32;52.27;50.96;49.01;48.18;45.99;45.93;45.77;48.02;52.09;50.81;49.05;48.29;46.01;43.9;40.75;41.15;40.57;42.46;42.43;50.9;52.73;50.87;48.41;49.13;52.59;49.82
Ladder (10-foot);0.02;0.01;0.01;0.01;0.01;0.01;0.09;0.09;0.08;0.07;0.06;0.06;0.06;0.06;0.06;0.06;0.05;0.05;0.05;0.04;0.04;0.04;0.04;0.1;0.09;0.09;0.1;0.09;0.08;0.08;0.07;0.07;0.06;0.05;0.05;0.05;0.04;0.04;0.03;0.09;0.08;0.08;0.07;0.07;0.07;0.1;0.09;0.08;0.08;0.07;0.06;0.11;0.11;0.1;0.09;0.09;0.09;0.08;0.07;0.1;0.09;0.08;0.07;0.07;0.07;0.07;0.07;0.06;0.1;0.1;0.09;0.08;0.07;0.06;0.1;0.1;0.1;0.1;0.09;0.09;0.09;0.09;0.09;0.08;0.07;0.07;0.06;0.05;0.04;0.03;0.03;0.03;0.02;0.01;0.01;0.01;0.01;0.01;0.01;0.01;0.01;0.01;0.01;0.01
Lamp;0.5;0.43;0.49;0.47;0.45;0.46;0.46;0.46;0.46;0.46;0.46;0.42;0.5;0.51;0.51;0.52;0.47;0.41;0.44;0.46;0.46;0.43;0.43;0.41;0.43;0.47;0.47;0.48;0.43;0.39;0.5;0.47;0.44;0.49;0.44;0.45;0.51;0.52;0.5;0.49;0.51;0.52;0.51;0.49;0.5;0.52;0.52;0.45;0.46;0.45;0.45;0.42;0.39;0.36;0.34;0.37;0.37;0.35;0.34;0.32;0.31;0.32;0.32;0.32;0.33;0.3;0.29;0.28;0.28;0.28;0.26;0.26;0.26;0.28;0.5;0.52;0.5;0.53;0.5;0.48;0.5;0.48;0.49;0.5;0.48;0.48;0.47;0.47;0.47;0.48;0.46;0.47;0.49;0.46;0.47;0.45;0.47;0.42;0.39;0.36;0.35;0.35;0.34;0.35;0.33;0.49;0.48;0.54
Lance;9.4;9.79;9.52;10.75;9.87;9.04;9.41;9.39;9.64;9.33;9.77;9.68;9.37;9.67;9.2;10.02;9.32;8.64;10.13;9.63;8.34;8.8;8.6;10.21;9.2;8.96;8.7;8.9;9.23;9.52;9.74;9.66;9.65;9.75;10.05;9.8;9.64;9.45;9.06;8.85;9.35;9.76;9.59;10.2;10.38;10.63;11.04;11.65;11.71;11.56;11.32;11.67;11.03;9.53;9.58;10.31;10.25;9.41;10.1;9.87;9.94;9.76;8.62;8.46;8.83;8.13;7.88;7.88;9.19;9.46;9.69;10.52;11.45;12.11;10.07;10.68;9.73;9.53;9.51;9.24;9.48;9.27;8.95;9.87;9.55;9.55;10.6;9.92;10.08;10.54;10.48;10.47;10.15;10.38;11.31;11.56;11.58;11.57;10.47;9.8;10.39;10.28;10.47;9.4;9.48
Lantern;5.28;5.06;5.39;5.62;6.05;6.64;5.1;5.59;4.92;5.13;4.98;5.35;5.26;5.14;4.78;4.99;5.42;4.82;4.48;4.29;4.0;4.09;4.12;4.03;4.26;4.3;4.3;4.12;4.02;4.01;3.57;5.48;5.37;5.76;5.68;5.56;5.42;5.63;5.6;5.87;5.29;5.35;5.28;4.58;4.65;4.76;5.04;5.16;5.41;5.23;5.56;5.06;4.68;4.87;4.78;4.78;4.92;5.37;5.39;5.64;5.68;5.17;5.25;5.16;4.99;5.03;4.84;4.59;4.67;4.74;4.64;4.36;5.13;5.23;4.91;4.84;4.97;5.35;5.29;5.19;4.72;5.05;4.93;4.81;5.02;4.91;4.87;4.95;5.02;5.11;5.38;5.36;5.61;5.52;5.92;5.8;6.12;6.28;6.33;6.57;6.3;6.33;6.46;6.23
Lantern Oil;0.09;0.09;0.09;0.08;0.07;0.06;0.05;0.05;0.04;0.03;0.02;0.02;0.1;0.09;0.09;0.08;0.07;0.06;0.05;0.05;0.05;0.05;0.05;0.04;0.04;0.04;0.03;0.02;0.01;0.01;0.01;0.1;0.1;0.1;0.11;0.11;0.11;0.1;0.09;0.08;0.08;0.07;0.1;0.1;0.09;0.09;0.09;0.09;0.08;0.1;0.09;0.08;0.1;0.08;0.08;0.07;0.1;0.1;0.09;0.09;0.09;0.08;0.08;0.08;0.08;0.08;0.07;0.07;0.07;0.06;0.06;0.1;0.1;0.1;0.09;0.09;0.08;0.08;0.1;0.09;0.09;0.08;0.07;0.06;0.06;0.05;0.04;0.04;0.03;0.02;0.01;0.01;0.01;0.01;0.01;0.01;0.01;0.01;0.01;0.01;0.01;0.09;0.08;0.07;0.07
Lantern, bullseye;10.48;11.13;12.17;10.03;10.02;9.84;9.25;9.27;9.99;10.42;11.27;11.8;12.91;13.38;10.05;9.45;9.2;8.84;9.12;8.4;9.04;9.33;9.48;10.02;9.28;10.02;10.25;9.21;9.55;9.77;9.8;10.02;10.08;10.74;11.21;11.79;9.91;9.86;10.1;10.12;10.31;10.23;10.92;10.96;10.75;10.1;11.15;10.54;10.8;11.84;11.08;11.13;10.85;10.91;10.59;10.69;10.3;9.74;9.98;9.46;8.91;8.24;8.44;10.28;9.77;9.65;9.76;9.22;9.61;9.78;9.74;10.54;11.08;10.84;10.69;10.64;10.02;9.17;9.31;8.92;9.04;9.64;9.18;9.29;10.02;9.05;8.68;8.98;9.14;8.5;10.98;10.45;11.03;10.97;11.11;10.25;10.21;10.49;11.08;10.29;10.18;10.95;10.42;10.66;10.91
Lantern, hooded;5.46;5.25;5.55;5.8;4.8;4.58;4.62;4.49;4.76;4.97;5.24;5.32;5.33;5.3;5.18;4.85;4.58;4.63;4.23;4.2;4.07;3.6;3.69;3.83;3.97;4.03;4.26;3.91;3.95;4.76;4.91;5.01;5.09;5.3;5.44;5.74;6.29;7.04;7.19;7.5;4.69;4.81;4.98;5.11;4.28;4.19;5.04;4.65;4.77;4.87;4.95;4.88;4.93;4.97;5.02;5.01;4.94;4.8;5.15;5.4;5.6;5.82;5.4;5.37;5.52;6.12;6.14;4.8;4.62;4.54;4.62;4.17;3.95;3.69;3.64;5.01;4.72;4.56;4.64;4.71;5.03;4.79;4.75;4.95;4.89;5.04;5.13;5.15;5.19;5.37;5.29;4.6;4.11;4.25;4.38;4.13;4.6;4.48;4.95;4.51;4.72;4.77
Leather;11.81;11.28;12.33;12.34;12.89;13.81;13.79;10.06;9.66;9.8;9.32;9.66;9.48;9.53;8.62;9.14;8.3;7.94;8.38;8.06;7.76;7.35;7.41;10.11;9.55;9.27;10.54;9.81;9.9;10.26;10.46;9.93;9.82;10.06;9.74;9.64;8.38;8.22;7.84;7.69;9.31;8.97;8.56;9.04;8.74;8.62;8.06;7.86;7.52;7.69;10.22;10.24;10.6;10.38;10.19;10.35;10.84;10.45;10.38;11.1;10.83;10.55;10.83;12.28;12.76;12.6;12.81;13.21;13.55;13.76;14.32;12.71;12.55;12.36;9.84;9.34;8.79;8.4;8.15;7.78;7.23;7.16;7.56;7.43;7.83;8.62;9.01;10.01;10.29;9.92;10.11;9.61;9.43;10.07;10.98;11.01;10.76;10.2;10.44;10.27;10.45;9.89;10.74;10.32;10.8;10.55;10.48;10.97;11.39;12.5
Leatherworker’s tools;3.87;4.26;4.22;4.14;3.99;3.89;5.57;5.7;5.96;5.68;5.57;5.57;5.42;5.74;6.21;5.49;5.93;5.93;6.14;6.4;4.71;4.34;4.81;4.65;4.89;4.59;4.73;4.82;4.58;5.03;5.27;5.3;4.91;4.47;4.86;4.54;4.51;4.68;4.59;5.02;5.19;5.17;5.2;4.73;4.6;4.54;4.47;4.67;4.52;4.61;4.34;4.17;4.27;4.58;4.92;5.2;5.44;5.63;5.71;5.94;6.05;5.82;5.76;5.23;5.37;5.03;5.19;5.65;5.46;5.23;5.28;5.34;5.08;4.79;4.96;4.96;4.69;4.43;4.39;4.25;4.23;4.28;4.42;4.41;3.98;4.18;4.18;4.06;4.03;3.92;3.97;4.25;4.19;4.11;4.18;4.11;4.88;4.43;4.53;4.48;4.76;4.68;4.45;4.09;4.23;4.07;4.11;4.02
Light Hammer;1.74;1.64;1.66;1.67;1.72;1.77;2.09;2.01;2.16;1.93;1.97;1.91;1.78;1.93;1.89;1.88;1.95;1.92;1.86;1.83;1.84;1.77;1.75;1.74;1.76;1.45;1.44;1.38;1.38;1.34;1.41;1.39;1.44;1.44;1.44;1.42;1.4;1.28;1.24;1.17;1.08;1.06;0.95;0.94;1.76;2.03;1.98;2.1;2.09;2.05;2.11;2.15;2.05;2.05;1.99;2.02;2.12;2.03;2.12;2.09;2.09;2.1;1.97;1.96;1.9;1.96;1.83;1.87;2.02;2.03;1.84;1.74;1.74;1.69;1.69;1.71;1.8;1.72;1.86;1.78;1.9;1.93;2.12;2.09;2.22;2.26;2.14;2.14;2.01;2.03;2.06;2.17;2.18;2.08;1.95;1.95;1.89;1.91;1.89;2.01;2.1;2.24;2.24;2.32;2.26;2.17;2.28
Lock;7.7;7.56;7.63;7.49;9.7;10.11;9.72;9.61;9.48;9.14;10.09;10.69;10.41;9.3;8.72;8.48;8.19;7.85;7.28;10.6;9.31;9.67;9.84;9.64;9.77;9.85;9.69;9.94;10.43;10.02;9.77;10.36;9.67;9.66;10.59;11.32;12.18;12.4;11.28;11.81;10.99;10.76;10.53;11.26;11.72;12.33;12.21;11.65;12.09;12.08;12.28;10.62;10.55;9.85;10.34;10.93;10.18;10.64;10.49;10.71;10.59;10.61;10.87;10.55;10.84;10.22;10.24;10.26;10.4;10.18;10.02;9.67;9.66;9.74;9.62;9.17;9.98;9.87;10.05;9.91;9.41;9.0;9.55;9.57;9.38;9.45;9.77;9.64;9.29;9.25;9.86;9.61;9.45;9.06;9.15;10.49;9.76;9.37;9.32;10.01;9.65;9.56;9.67
Lockpicks;21.28;22.77;21.64;21.0;19.3;18.15;18.08;17.77;16.33;16.44;16.27;16.34;16.69;17.27;15.38;16.18;17.38;19.27;25.41;26.24;26.97;26.05;27.83;28.0;26.37;26.48;25.81;26.66;25.42;27.04;26.42;25.73;25.59;27.1;28.32;29.15;24.43;23.24;25.34;25.73;27.18;25.91;25.11;26.4;25.53;24.35;26.09;24.96;24.31;25.24;26.51;25.46;25.47;25.66;24.4;23.89;24.59;24.8;24.14;22.77;23.95;23.35;22.1;24.9;27.21;26.95;26.42;24.49;25.88;25.47;25.1;25.27;24.75;23.62;24.58;25.73;24.65;25.57;27.06;26.91;26.64;26.54;25.48;24.25;26.53;24.71;25.86;27.19;27.87;27.09;26.25;23.9;25.31;26.33;27.78;27.9;30.08;29.6;25.03;24.51;25.21;24.13;23.43;23.29;23.86
Longbow;48.38;47.02;41.31;40.44;41.01;41.81;39.46;36.85;48.39;46.94;47.69;49.83;50.04;47.98;47.41;48.75;49.19;51.73;49.51;46.49;46.14;45.66;46.32;50.78;48.84;48.45;48.7;47.31;48.33;44.45;44.7;43.34;52.0;48.75;46.31;46.52;47.8;44.87;46.15;46.46;44.83;39.26;39.09;51.58;50.4;46.05;51.42;55.39;51.92;54.15;51.87;47.61;46.25;48.71;47.77;49.7;48.04;49.08;50.67;49.26;50.87;51.62;51.0;50.66;44.01;44.16;47.41;45.79;46.11;47.49;50.21;52.85;51.41;49.48;46.58;44.45;47.62;45.87;42.97;41.74;54.01;52.58;54.97;55.23;53.54;59.98;59.44;63.09;62.81;66.79;67.96;44.67;45.95;45.29;48.61;47.56;49.98;48.35;51.35;44.07;45.01;44.74;42.03
Longsword;12.35;12.42;12.66;12.43;12.12;15.66;14.09;15.32;14.78;14.64;14.86;15.59;15.21;14.21;14.32;15.38;14.76;15.23;13.96;15.27;15.22;16.13;16.42;16.76;18.41;18.84;19.19;18.91;17.79;16.5;17.05;17.42;18.56;19.56;20.48;20.22;17.88;17.29;17.0;18.19;19.5;20.24;16.26;16.03;15.02;15.05;14.36;13.38;13.11;12.18;12.11;12.97;13.52;12.91;12.85;14.79;13.83;14.07;14.77;14.67;15.74;17.25;17.72;17.69;19.29;14.26;14.23;12.91;12.65;13.24;12.86;12.0;12.28;12.23;12.54;14.55;15.01;13.64;14.34;12.79;13.56;14.35;14.14;15.23;15.59;16.64;15.74;15.56;16.05;15.22;14.3;13.79;13.6;14.97;13.62;14.47;13.88;14.76;15.7
Lute;36.43;39.07;36.61;33.86;35.09;33.62;32.68;32.3;33.2;36.36;36.65;37.87;35.79;36.21;35.76;37.65;39.1;38.36;37.44;40.13;34.04;35.89;34.23;34.61;34.54;31.34;30.8;35.29;34.62;35.79;35.18;37.03;34.82;33.37;34.35;34.4;35.76;39.96;35.41;32.02;31.25;33.02;34.38;34.6;34.34;36.02;35.42;35.73;33.09;34.75;33.66;35.07;35.89;36.62;34.95;36.2;37.63;38.02;36.75;34.45;36.18;36.79;34.84;32.64;32.23;33.25;31.81;34.45;35.93;35.42;34.22;35.05;35.95;33.56;34.82;36.08;38.08;41.32;43.75;40.66;44.23;43.37;44.16;40.97;41.29;40.0;40.26;39.58;42.35;43.4;43.94;35.4;35.22;35.62;33.87;33.45;35.95;36.67;37.03;36.06;37.26
Lyre;29.12;28.68;29.48;32.89;31.52;30.85;28.69;29.76;27.85;28.61;27.16;28.47;30.05;30.13;32.54;30.62;30.35;30.05;28.13;27.4;30.23;31.73;30.14;28.72;27.31;27.3;26.66;24.92;24.11;25.72;25.28;26.88;27.98;25.59;25.44;25.12;24.25;23.59;23.25;21.54;21.05;21.39;20.35;19.42;18.31;17.94;18.52;18.6;16.71;33.51;34.09;33.61;34.31;33.89;33.27;34.38;35.41;33.79;33.36;32.46;30.9;32.66;29.93;27.86;26.59;27.35;26.48;29.51;27.51;29.62;27.74;26.91;29.35;30.28;28.17;27.6;25.39;24.64;25.31;23.59;23.49;23.42;24.07;24.47;26.41;25.06;25.48;32.76;32.99;35.08;34.16;33.83;33.85;33.38;35.28;35.41;37.8;37.07;36.34;33.37;32.06;32.22;33.4;28.97;29.93;30.27;29.33
Mace;5.04;4.9;4.85;4.79;4.79;5.27;5.26;5.39;4.85;4.85;4.93;4.68;4.99;5.32;4.69;4.53;4.44;4.93;4.45;4.52;4.51;4.52;3.93;4.22;5.09;4.94;4.72;4.8;4.7;4.64;4.64;4.91;4.84;4.88;4.49;4.34;3.77;3.66;3.29;3.07;3.08;2.83;2.78;5.01;4.51;4.61;4.71;5.01;5.26;5.23;5.34;6.0;5.94;5.86;6.39;6.66;6.92;7.01;6.95;6.72;6.64;4.96;4.78;4.96;4.62;4.62;4.59;4.71;4.5;4.46;4.44;4.28;4.5;4.95;5.11;5.15;5.54;5.27;5.25;5.23;5.64;5.42;5.34;5.33;5.61;5.37;5.25;4.93;4.75;4.8;4.83;4.9;4.52;4.46;4.27;4.72;4.89;5.16;4.96;5.16;5.19;4.63;4.67;4.85;4.75;4.67;4.74
Manacles;1.8;1.73;1.66;1.99;1.87;1.84;1.76;1.64;1.67;1.74;1.72;1.87;1.72;1.77;1.8;1.81;1.73;1.79;1.72;2.03;2.06;2.19;2.11;1.95;2.13;2.16;2.38;2.32;2.29;2.18;1.91;1.85;1.82;2.08;2.09;2.21;2.33;2.05;2.17;2.12;2.01;2.16;2.23;2.21;2.3;2.37;2.41;2.61;2.65;2.57;2.63;2.07;2.14;2.11;2.0;2.0;2.01;2.07;2.23;2.4;2.53;2.5;2.39;2.03;2.01;1.82;1.96;2.06;2.01;2.03;2.08;2.15;2.25;2.28;2.09;2.02;2.02;2.09;2.16;2.07;2.17;2.19;2.28;2.34;2.3;2.27;2.19;2.29;2.13;2.24;2.28;1.97;1.91;1.93;1.94;2.1;2.16;2.19;2.3
Map of the Region;9.35;10.49;10.52;10.52;10.64;10.06;9.33;9.24;9.59;9.19;8.58;8.35;8.0;8.14;7.94;7.81;7.57;7.35;6.63;6.38;6.09;6.7;6.7;6.39;6.2;6.47;6.54;6.79;6.22;6.37;5.72;5.65;5.88;5.69;5.39;10.61;10.75;10.8;11.1;9.8;9.8;9.31;9.21;9.28;9.51;8.86;10.52;10.85;11.75;12.06;11.78;12.27;11.66;12.14;11.54;11.73;11.18;10.91;10.2;9.76;10.77;9.51;9.16;8.91;9.91;9.89;10.19;10.98;11.69;11.38;11.39;12.25;12.37;10.71;11.11;10.81;11.48;10.46;10.93;11.33;12.04;11.58;11.67;10.57;10.79;10.12;9.25;9.44;9.06;8.89;8.2;10.16;10.52;11.29;11.79;9.38;8.88;8.8;9.07;10.42;9.51;9.64;9.32
Mason’s tools;7.12;10.71;11.29;11.34;12.15;12.16;12.25;12.14;12.62;12.98;13.67;13.86;12.86;13.37;13.59;14.14;14.72;15.13;9.8;9.34;10.04;9.82;10.28;9.94;9.98;9.43;9.6;9.2;9.92;9.97;10.24;10.34;10.08;10.7;10.3;9.83;10.08;9.26;9.13;8.77;8.42;8.09;8.5;8.51;7.6;7.84;9.99;9.74;9.39;9.67;9.8;10.09;10.39;11.5;10.05;9.51;9.49;9.0;8.5;8.02;8.23;8.74;9.0;8.7;8.27;8.86;9.09;8.52;9.26;9.07;10.11;10.19;10.0;9.69;9.62;9.7;10.34;10.2;10.19;10.37;10.11;10.35;11.21;12.15;12.52;12.88;12.51;12.88;14.51;14.75;14.82;14.01;14.12;14.47;13.89;10.54;9.93;9.13;8.28;7.86;7.66;6.93;6.77;10.06;9.81;9.1;9.31;8.93
Maul;8.14;9.1;8.95;9.28;8.53;8.51;8.63;8.79;9.01;9.29;9.46;9.58;9.06;8.79;9.55;8.7;7.38;8.2;8.02;8.21;8.47;8.36;8.26;8.3;8.15;8.19;7.92;8.52;8.41;8.17;9.94;10.65;10.69;11.27;12.08;11.22;11.42;11.18;10.59;10.93;10.68;10.62;9.9;10.58;9.97;10.03;10.73;11.38;12.42;12.78;12.33;12.44;12.81;10.85;10.74;9.31;8.64;8.52;8.77;9.9;10.15;10.29;10.37;9.68;10.29;10.8;9.73;10.26;10.74;10.45;10.26;10.2;10.67;11.16;12.06;11.91;12.83;12.81;13.71;13.0;14.12;13.65;12.69;13.74;13.79;12.91;13.18;13.25;13.01;13.39;10.81;10.56;10.56;10.17;10.45;10.65;9.76;10.28;10.29;10.58;9.52;9.8;9.84;9.88;10.07;10.56;9.57;9.8;9.33;8.08
Mirror, steel;3.34;3.26;3.2;3.42;3.68;5.37;4.89;4.73;4.72;4.82;4.34;4.58;4.69;4.71;5.01;5.29;4.72;5.05;5.22;4.67;4.57;4.28;4.32;4.26;4.5;5.0;5.61;5.54;5.28;5.22;5.36;5.23;4.97;5.43;4.74;4.5;4.41;4.26;4.54;5.09;4.7;4.62;4.32;4.69;4.46;4.07;3.97;3.83;3.89;4.4;4.35;4.06;3.98;5.1;5.28;5.17;4.99;5.27;5.4;5.66;5.59;5.21;4.95;5.17;5.4;5.64;5.33;5.23;5.2;5.06;5.07;4.76;4.53;4.41;5.18;5.33;4.86;4.85;4.76;4.94;4.89;5.06;4.77;4.67;4.6;4.4;4.33;4.5;4.67;4.94;5.26;5.7;6.32;6.1;6.08;6.12;5.84;5.69;5.99;5.98;5.4;5.51;5.31;5.42
Morningstar;14.26;14.69;15.17;13.33;14.34;15.63;15.48;14.97;14.58;14.06;13.38;13.93;14.7;15.39;15.1;15.05;15.01;15.51;16.54;14.58;14.72;14.44;13.77;13.4;12.64;14.9;14.45;14.15;14.53;15.17;16.13;16.24;15.44;16.66;14.37;14.62;14.8;13.92;15.26;15.85;15.43;15.91;15.83;16.58;17.32;18.03;18.05;19.63;20.28;21.44;22.4;20.11;21.59;20.74;19.74;20.77;17.98;17.02;16.86;16.16;16.62;15.67;17.29;16.75;16.98;14.5;14.43;14.06;14.26;14.45;14.29;13.82;13.99;13.2;13.57;14.28;13.95;14.39;15.48;14.81;14.62;13.1;13.77;13.83;14.62;14.92;16.36;15.87;17.08;17.33;18.81;18.73;18.87;18.82;18.99;18.97;19.55;15.4;16.38;15.93;15.86;15.56;16.05;15.87;16.13;15.45
Navigator’s tools;25.83;25.19;23.6;24.38;25.77;23.98;25.06;25.66;24.88;24.18;27.25;29.39;29.31;28.96;27.68;29.64;28.05;27.56;28.81;29.39;30.24;30.06;30.32;28.73;28.63;24.71;26.12;25.43;28.05;30.31;30.45;33.57;32.72;32.47;35.42;36.31;24.67;23.66;23.86;24.55;24.71;25.04;23.19;23.12;22.63;22.94;22.72;22.47;22.6;24.47;23.48;22.74;21.15;21.12;21.93;20.38;21.19;19.88;21.03;21.93;21.53;20.38;20.9;24.05;22.32;24.7;24.41;26.38;22.63;23.47;23.56;24.43;24.44;24.12;25.61;24.84;23.77;24.24;24.31;24.37;22.98;22.96;23.27;23.1;21.66;26.8;28.36;29.31;28.43;28.57;31.26;30.01;25.1;24.8;26.19;25.76;23.79;24.23;24.82;25.44;26.76;28.14;29.3;28.6;27.98;27.17;27.59;27.33;28.15;29.36
Net;0.95;0.91;0.85;0.86;0.84;0.76;0.81;0.71;0.63;0.62;0.6;0.58;0.57;0.55;0.55;0.97;0.92;1.0;1.04;0.94;0.96;0.97;0.99;1.01;0.98;1.07;1.1;0.95;1.02;0.97;1.02;0.99;0.98;0.95;0.88;0.85;1.05;0.99;0.98;0.98;0.91;0.93;0.94;0.84;0.86;0.87;0.89;0.85;0.89;0.83;0.87;0.93;0.98;0.95;0.96;0.93;0.9;0.85;0.81;0.74;0.78;0.76;0.98;1.03;1.07;1.05;1.02;1.08;1.04;1.05;0.99;1.05;1.13;0.95;0.9;0.96;0.86;0.89;0.91;0.99;1.01;1.02;0.93;0.98;0.99;1.02;1.01;1.07;0.99;0.96;0.92;1.06;1.06;1.08;1.01;1.13;1.18;1.18;1.23;1.28;0.97;0.9;1.08;1.12;1.05;1.1;1.08;1.07
Oil (flask);0.01;0.01;0.01;0.01;0.01;0.01;0.01;0.01;0.01;0.01;0.01;0.01;0.01;0.01;0.01;0.01;0.01;0.01;0.01;0.01;0.1;0.09;0.1;0.09;0.09;0.08;0.08;0.07;0.06;0.05;0.09;0.09;0.08;0.07;0.07;0.06;0.05;0.04;0.03;0.02;0.09;0.08;0.08;0.08;0.07;0.06;0.05;0.05;0.05;0.05;0.1;0.09;0.08;0.08;0.07;0.07;0.07;0.07;0.07;0.06;0.05;0.05;0.04;0.03;0.03;0.03;0.02;0.02;0.01;0.01;0.01;0.01;0.01;0.01;0.01;0.01;0.09;0.09;0.1;0.1;0.1;0.1;0.09;0.08;0.07;0.06;0.06;0.06;0.06;0.06;0.06;0.06;0.06;0.06;0.05;0.04;0.03;0.03;0.03;0.02;0.01;0.01;0.01;0.01;0.09;0.09;0.09
Padded;5.24;5.64;5.88;5.95;5.67;5.91;5.59;5.74;5.81;5.97;5.99;5.78;5.9;5.12;5.24;4.89;4.72;4.76;5.02;4.6;4.53;4.97;5.61;6.1;5.89;5.83;5.71;5.85;5.8;5.3;5.65;5.58;6.02;6.34;6.29;6.27;6.41;6.09;6.64;6.69;6.61;5.04;4.59;4.29;3.82;3.88;4.08;4.27;4.41;4.51;4.85;4.91;4.9;4.84;4.85;4.55;4.43;4.45;4.46;4.56;4.59;5.04;5.06;4.81;4.65;4.4;3.84;4.11;3.91;3.71;3.81;4.03;4.34;4.1;4.06;4.05;4.39;4.1;4.14;4.27;4.21;3.74;3.63;3.71;4.02;3.95;4.78;4.67;4.85;4.7;4.87;4.79;4.79;4.72;5.25;4.96;4.88;4.68;5.14;5.46;5.31;4.62;4.09;4.95;5.18;5.19;4.7;4.75;4.84;4.54;4.51
Painter’s supplies;9.52;9.36;9.41;9.42;9.55;9.81;10.21;10.0;9.77;9.76;10.29;10.29;9.46;9.08;9.09;9.43;9.55;9.82;9.1;9.11;9.3;8.91;7.53;7.03;7.15;7.52;7.54;7.85;8.08;8.36;8.27;8.13;8.47;8.42;8.8;9.51;10.23;9.42;9.66;11.09;11.07;10.41;9.87;9.74;10.16;10.52;10.76;10.42;11.06;11.47;12.57;12.72;12.65;13.23;13.41;13.01;10.93;10.0;9.71;9.86;9.68;10.45;10.43;9.7;9.02;8.94;7.94;7.45;7.52;7.86;7.91;7.96;7.96;8.35;8.91;9.61;9.92;10.01;10.64;10.53;11.68;10.95;10.62;9.68;10.04;9.69;9.14;9.16;9.21;9.72;9.92;10.6;11.31;10.35;11.85;12.57;12.38;12.26;12.31;13.72;13.08;14.21;13.28;13.9;14.17;14.26;14.13;13.16;12.5
Pan flute;12.48;12.8;11.63;12.92;13.02;12.75;13.6;13.46;12.75;12.62;11.9;11.46;11.26;11.91;11.82;12.38;11.72;12.94;13.6;13.58;13.91;12.98;12.17;11.61;11.24;10.78;10.55;10.46;9.27;9.69;9.63;9.67;10.15;10.75;11.55;12.03;12.23;12.36;10.48;10.81;9.74;10.13;10.14;8.94;9.35;13.19;14.34;14.54;12.24;12.45;13.37;12.26;12.14;11.76;10.84;10.03;9.87;10.21;9.33;9.55;9.24;13.16;11.44;11.84;11.66;12.67;12.92;11.33;10.98;10.89;11.01;11.54;10.45;10.53;11.11;11.21;10.54;10.73;10.42;11.05;11.92;11.49;11.24;11.29;10.46;10.24;10.26;9.49;9.59;9.86;9.13;9.15;13.12;12.81;12.2;12.39;12.65;11.99;11.56;11.36;12.28;12.24;11.23;11.41
Paper (one sheet);0.09;0.09;0.08;0.08;0.07;0.07;0.06;0.05;0.04;0.03;0.03;0.02;0.02;0.02;0.02;0.02;0.01;0.18;0.17;0.18;0.17;0.16;0.16;0.16;0.16;0.16;0.16;0.15;0.15;0.12;0.13;0.19;0.19;0.19;0.18;0.17;0.17;0.16;0.15;0.13;0.14;0.14;0.15;0.14;0.14;0.13;0.13;0.12;0.11;0.1;0.1;0.09;0.09;0.21;0.21;0.22;0.23;0.19;0.2;0.19;0.17;0.16;0.15;0.16;0.15;0.15;0.15;0.15;0.14;0.14;0.13;0.14;0.14;0.13;0.12;0.11;0.11;0.11;0.1;0.1;0.11;0.18;0.18;0.16;0.14;0.13;0.11;0.1;0.1;0.09;0.09;0.19;0.19;0.18;0.18;0.2;0.2;0.2;0.19;0.16;0.14;0.14;0.13;0.13;0.12;0.12;0.12;0.2;0.2;0.19
Parchment (one sheet);0.05;0.04;0.03;0.02;0.01;0.01;0.01;0.01;0.01;0.01;0.01;0.01;0.01;0.01;0.01;0.01;0.01;0.01;0.01;0.01;0.01;0.01;0.01;0.1;0.09;0.08;0.07;0.07;0.06;0.06;0.05;0.05;0.04;0.04;0.03;0.02;0.02;0.02;0.02;0.02;0.02;0.01;0.09;0.1;0.08;0.07;0.06;0.05;0.04;0.04;0.03;0.1;0.1;0.1;0.1;0.1;0.1;0.1;0.09;0.09;0.08;0.07;0.07;0.1;0.1;0.09;0.09;0.08;0.07;0.07;0.07;0.06;0.05;0.04;0.03;0.03;0.02;0.02;0.01;0.01;0.01;0.01;0.01;0.01;0.01;0.01;0.01;0.01;0.01;0.01;0.09;0.08;0.08;0.09;0.1;0.1;0.09;0.09;0.08;0.08;0.07;0.1;0.09;0.09;0.08;0.08
Perfume (vial);4.36;4.69;5.01;4.84;4.8;4.93;5.02;5.15;5.52;5.45;5.05;4.95;4.66;4.53;4.32;4.58;5.44;5.34;5.81;5.31;5.13;4.77;4.79;5.28;5.64;5.27;5.31;4.95;4.86;4.69;4.78;4.47;4.63;4.75;4.58;4.58;4.54;4.4;4.92;4.95;4.75;4.68;4.68;4.88;4.81;4.96;5.14;5.39;5.11;5.23;4.96;4.72;5.03;4.75;4.78;5.07;5.21;4.82;4.62;4.59;4.51;4.14;3.99;4.4;4.71;5.49;5.3;5.3;5.05;5.4;5.19;4.77;4.51;4.42;4.46;4.19;3.88;5.22;5.27;5.8;5.56;5.65;5.89;5.44;5.7;5.94;6.09;5.92;6.5;6.57;6.66;5.98;5.37;4.88;4.93;4.95;4.91;4.73;4.54;4.97;4.88;4.76;4.62;4.62
Pick, miner’s;1.8;1.83;1.74;1.58;1.53;1.5;1.85;1.98;2.0;2.09;2.06;2.08;1.85;1.94;2.05;2.06;2.07;1.9;2.0;2.05;1.98;2.12;2.14;2.15;1.99;1.9;1.81;2.0;1.97;1.95;2.1;2.15;2.13;2.11;2.13;2.08;2.17;2.18;2.29;2.46;2.45;2.7;2.69;2.8;2.88;2.88;3.03;3.0;2.97;3.16;3.17;1.95;2.08;2.06;2.0;2.01;1.92;1.9;1.83;1.75;1.67;1.57;1.48;1.59;1.61;1.55;1.55;1.54;1.5;1.52;1.47;1.38;1.48;1.57;1.49;1.55;1.63;1.61;1.73;1.7;1.72;2.03;1.88;1.97;1.96;1.85;1.84;1.95;1.91;1.84;1.88;2.0;1.99;1.91;2.0;1.87;2.11;2.04;2.05;2.08;2.05;2.07;2.16;2.15;2.21
Pike;4.89;5.01;5.1;5.07;5.03;5.15;4.98;5.07;5.23;5.31;5.12;5.21;4.98;5.0;4.89;5.1;5.49;5.52;5.44;5.66;5.41;5.21;5.24;4.76;4.51;4.72;4.65;5.13;4.9;4.76;4.73;4.77;4.79;4.87;5.12;4.95;4.95;5.08;5.22;5.15;5.28;4.98;5.03;4.72;4.9;4.72;4.81;4.57;4.78;4.24;4.3;4.18;4.19;4.23;3.96;3.84;4.11;3.74;3.85;5.0;4.8;4.78;4.61;4.81;5.11;5.18;5.02;5.03;5.0;5.27;5.14;5.12;5.25;5.11;5.0;5.18;5.11;5.16;5.19;5.05;4.69;5.02;4.96;4.81;5.09;4.97;5.18;5.24;5.12;5.16;4.97;4.87;4.5;4.86;4.73;4.87;4.94;4.97;5.31;5.68;6.21;5.94;5.48;5.5
Piton;0.01;0.01;0.01;0.01;0.01;0.01;0.01;0.04;0.03;0.02;0.05;0.04;0.03;0.02;0.02;0.02;0.01;0.01;0.01;0.01;0.01;0.01;0.01;0.01;0.01;0.01;0.05;0.05;0.05;0.04;0.04;0.03;0.02;0.01;0.01;0.01;0.01;0.01;0.01;0.04;0.04;0.04;0.04;0.03;0.04;0.04;0.03;0.02;0.01;0.01;0.01;0.01;0.01;0.01;0.01;0.01;0.01;0.01;0.01;0.05;0.04;0.04;0.04;0.04;0.03;0.02;0.01;0.01;0.01;0.01;0.01;0.01;0.01;0.01;0.01;0.04;0.04;0.03;0.03;0.03;0.02;0.01;0.05;0.04;0.04;0.03;0.02;0.01;0.01;0.01;0.01;0.01;0.01;0.01;0.01;0.05;0.04;0.03;0.02;0.01;0.01;0.05;0.04;0.04;0.03
Plate;1583.97;1664.96;1714.72;1761.35;1646.39;1691.82;1689.87;1562.36;1634.05;1563.61;1542.75;1556.99;1473.31;1410.02;1326.72;1262.96;1173.68;1171.47;1185.82;1273.33;1255.99;1224.91;1223.49;1120.05;1110.21;1150.53;1135.62;1072.9;1415.27;1366.2;1441.67;1485.86;1570.41;1592.03;1511.99;1466.72;1448.12;1513.56;1598.05;1625.17;1552.31;1611.03;1678.16;1735.92;1923.52;2000.86;2133.36;1489.54;1586.88;1584.01;1621.77;1663.31;1808.38;1800.62;1613.93;1716.12;1574.29;1613.91;1638.25;1603.54;1532.11;1500.58;1399.41;1358.68;1460.95;1422.43;1493.2;1364.01;1283.76;1242.68;1317.32;1315.56;1258.38;1276.49;1479.18;1440.78;1518.04;1550.47;1482.79;1588.22;1497.23;1519.67;1486.62;1440.11;1417.72;1514.55;1557.78;1487.89;1392.98;1333.13;1433.49;1394.56;1289.67;1370.1;1461.47;1465.07;1528.69;1601.5;1642.97;1629.49;1630.01;1712.59;1537.8;1498.46;1457.7;1243.7;1301.99;1235.24;1168.78
Playing card set;0.51;0.48;0.47;0.45;0.42;0.43;0.46;0.43;0.43;0.39;0.37;0.37;0.36;0.39;0.39;0.38;0.35;0.34;0.35;0.32;0.33;0.33;0.31;0.32;0.32;0.29;0.3;0.27;0.27;0.25;0.25;0.26;0.27;0.28;0.25;0.25;0.25;0.24;0.25;0.48;0.49;0.5;0.47;0.43;0.44;0.43;0.43;0.4;0.41;0.38;0.36;0.34;0.33;0.33;0.3;0.27;0.27;0.28;0.26;0.27;0.28;0.24;0.23;0.21;0.2;0.17;0.15;0.43;0.42;0.4;0.38;0.36;0.36;0.34;0.32;0.31;0.33;0.31;0.3;0.31;0.28;0.27;0.28;0.28;0.29;0.27;0.26;0.26;0.54;0.54;0.51;0.45;0.45;0.44;0.44;0.44;0.42;0.44;0.43;0.43;0.38;0.35;0.36;0.36;0.48;0.49;0.44;0.41;0.41;0.42;0.4;0.41;0.39;0.39;0.36
Poison, basic (vial);107.12;98.94;88.35;93.75;94.77;86.95;107.69;99.44;91.91;90.05;92.6;94.03;86.77;85.01;83.27;80.62;93.23;95.44;101.65;94.82;94.0;96.45;100.13;106.27;109.25;98.29;97.71;100.11;100.05;99.47;101.14;103.14;101.29;109.9;108.3;99.8;99.94;95.62;104.77;104.49;103.86;108.4;107.27;106.92;104.83;93.02;92.71;95.37;99.03;95.45;92.02;89.6;93.23;98.03;96.5;104.08;105.22;103.35;119.73;118.19;111.85;109.64;113.86;133.09;139.43;95.77;93.32;87.93;88.32;98.23;97.13;94.18;88.54;88.0;94.62;93.22;92.84;100.62;96.99;84.67;86.33;90.57;97.36;109.66;109.78;114.24;119.71;126.85;99.93;101.65;97.91;97.28;97.25;97.13;101.04;94.51;96.9;99.13;95.59;86.26;82.47
Pole (10-foot);0.03;0.02;0.01;0.01;0.01;0.01;0.05;0.04;0.04;0.03;0.02;0.02;0.02;0.01;0.04;0.04;0.04;0.04;0.04;0.03;0.02;0.01;0.01;0.01;0.01;0.01;0.01;0.01;0.01;0.01;0.01;0.01;0.01;0.01;0.04;0.04;0.03;0.03;0.03;0.03;0.02;0.01;0.01;0.01;0.01;0.01;0.04;0.03;0.02;0.01;0.01;0.01;0.04;0.04;0.05;0.04;0.04;0.03;0.02;0.01;0.01;0.01;0.01;0.01;0.01;0.01;0.01;0.01;0.01;0.01;0.01;0.01;0.01;0.01;0.01;0.01;0.01;0.01;0.01;0.01;0.01;0.01;0.01;0.01;0.01;0.01;0.01;0.01;0.01;0.01;0.04;0.03;0.03;0.02;0.02;0.01;0.01;0.01;0.01;0.01;0.01;0.05;0.04;0.05;0.04;0.03;0.02;0.01
Pot, iron;1.67;1.95;1.98;2.17;2.09;1.95;2.04;1.98;1.87;1.83;1.69;1.58;1.67;1.77;1.6;1.49;2.13;2.1;2.11;2.1;2.04;2.04;1.94;1.9;1.83;2.03;2.17;2.04;2.15;2.14;2.15;2.24;2.23;2.2;2.23;2.37;2.27;2.15;2.1;2.15;2.21;2.23;2.28;2.1;2.19;2.22;1.93;1.73;1.79;1.77;1.71;1.55;1.67;1.72;1.77;1.74;1.6;1.56;1.42;1.4;1.28;1.21;1.18;1.26;2.15;2.17;2.11;2.0;1.93;1.89;1.74;1.7;2.0;2.12;2.29;2.3;2.19;2.1;2.16;2.01;1.99;1.79;1.97;1.94;2.0;2.16;2.07;2.09;1.94;1.85;2.0;1.87;1.88;1.93;2.02;2.07;2.06;2.05;2.0;2.06;1.99;2.06
Potion of Healing;42.18;42.73;40.03;38.57;37.85;39.18;41.1;55.77;52.23;81.08;52.17;48.91;48.35;47.52;53.7;52.67;51.21;49.51;51.27;51.62;50.88;50.84;52.93;55.55;54.87;53.27;119.41;56.95;143.04;53.67;99.31;54.82;93.08;55.82;70.51;52.57;80.75;47.74;47.23;130.05;49.64;53.63;91.15;58.21;60.11;65.71;66.81;49.85;49.93;52.43;56.24;57.41;57.93;56.3;56.63;51.59;51.36;54.65;52.16;51.13;52.91;53.14;142.74;54.5;123.31;44.37;45.14;46.56;102.64;53.21;51.59;93.3;56.19;54.62;50.71;54.36;47.07;45.52;48.91;49.66;107.78;49.28;108.78;46.31;46.95;47.95;53.53;55.05;57.44;62.49;58.56;53.96;55.32;56.12;54.92;53.36;115.11;52.11;139.4;50.24;139.53;48.77;136.77;48.89;148.19;51.42;156.38;49.85;51.16;54.57;55.87;127.24;50.44;46.82;48.5;45.73;46.59;45.5;44.33;89.56;49.85;48.14;45.87;45.42;47.25
Potter’s tools;11.37;12.55;10.54;11.62;11.36;11.68;10.95;10.98;11.71;9.17;9.45;9.68;9.45;9.38;9.5;9.18;8.07;8.55;7.79;7.27;7.83;7.83;7.9;7.72;7.73;9.86;11.01;11.22;11.77;11.26;10.65;11.04;9.78;10.29;9.83;9.3;9.67;9.74;9.01;9.17;8.44;8.25;8.78;8.45;9.52;9.71;10.73;11.59;10.61;9.2;9.25;9.58;10.31;9.37;9.76;9.82;10.6;10.59;10.56;10.58;10.98;10.93;11.07;11.76;11.69;10.11;9.67;9.77;9.97;9.14;9.04;8.88;8.9;9.29;9.06;9.4;10.11;10.25;10.76;9.61;10.01;10.16;10.17;10.62;10.18;10.08;10.04;9.33;10.28;10.26;11.37;11.89;10.83;10.91;10.46;9.77;10.23;10.04;10.18;9.93;10.39;10.21;10.44
Pouch;0.63;0.6;0.55;0.54;0.53;0.49;0.48;0.51;0.55;0.57;0.51;0.49;0.5;0.48;0.5;0.49;0.5;0.51;0.48;0.51;0.53;0.51;0.51;0.48;0.5;0.46;0.48;0.47;0.45;0.43;0.41;0.41;0.4;0.41;0.42;0.38;0.36;0.38;0.38;0.41;0.4;0.4;0.4;0.43;0.48;0.46;0.44;0.44;0.46;0.51;0.52;0.46;0.45;0.43;0.44;0.43;0.4;0.39;0.39;0.38;0.41;0.41;0.42;0.43;0.43;0.43;0.42;0.39;0.39;0.4;0.39;0.39;0.38;0.34;0.33;0.34;0.33;0.32;0.44;0.42;0.41;0.52;0.53;0.56;0.47;0.47;0.44;0.43;0.4;0.38;0.36;0.33;0.29;0.29;0.51;0.52;0.55;0.5;0.49;0.51;0.5;0.51;0.42;0.41;0.4;0.39;0.38
Quarterstaff;0.1;0.21;0.22;0.23;0.19;0.19;0.21;0.2;0.21;0.2;0.2;0.19;0.18;0.19;0.19;0.19;0.2;0.19;0.19;0.2;0.2;0.2;0.2;0.2;0.2;0.19;0.18;0.19;0.19;0.18;0.17;0.16;0.14;0.15;0.14;0.12;0.12;0.12;0.12;0.12;0.12;0.11;0.1;0.2;0.19;0.19;0.19;0.18;0.18;0.16;0.15;0.14;0.14;0.13;0.21;0.21;0.21;0.2;0.21;0.21;0.19;0.19;0.18;0.19;0.18;0.17;0.16;0.15;0.15;0.14;0.12;0.11;0.1;0.18;0.19;0.19;0.2;0.19;0.19;0.18;0.18;0.17;0.17;0.17;0.17;0.18;0.18;0.21;0.2;0.2;0.18;0.18;0.17;0.17;0.16;0.15;0.14;0.14;0.14;0.13;0.13;0.13;0.13;0.13;0.13
Quiver;0.58;0.58;0.5;0.51;0.48;0.45;0.42;0.41;0.42;0.47;0.44;0.85;0.88;0.86;0.84;0.81;0.86;0.89;0.94;0.85;0.92;0.88;0.91;0.89;0.87;0.88;0.89;0.88;0.85;0.89;0.9;0.82;0.81;0.75;0.7;0.7;0.73;0.78;0.77;0.8;0.8;0.73;0.74;0.75;0.76;0.75;0.76;0.77;0.79;0.84;0.82;0.85;0.83;0.7;0.97;0.95;0.95;0.94;0.96;1.03;0.97;1.04;0.94;0.87;0.86;0.89;0.92;0.86;0.84;0.97;0.93;1.01;0.87;0.87;0.84;0.78;0.77;0.8;0.82;0.76;0.69;0.6;1.03;0.93;0.95;0.96;0.99;0.95;0.86;0.82;0.85;0.86;0.88;0.83;0.87;0.81;0.98;0.88;0.88;0.88;0.9;0.95;1.01;1.07;1.06;1.08;1.08;1.13;1.19;1.23;1.22;1.2
Ram, portable;5.08;5.14;5.6;5.42;5.36;4.23;4.16;3.91;3.81;4.14;4.4;4.11;4.08;3.98;3.97;4.19;4.0;3.98;3.63;3.44;3.32;3.38;3.36;3.45;3.38;4.09;3.96;3.57;3.82;3.91;3.89;3.68;3.46;3.58;3.54;3.8;3.9;4.18;3.8;3.99;4.03;4.23;4.13;4.17;4.32;4.03;4.21;4.28;4.23;4.27;3.96;4.29;3.73;3.91;3.62;3.64;3.46;3.93;4.23;4.19;4.25;4.17;4.23;3.87;3.94;3.93;3.94;4.13;3.93;4.14;4.01;4.32;4.34;4.4;4.1;4.02;3.76;3.64;3.66;3.81;3.47;3.5;3.31;3.2;3.25;3.57;3.78;3.61;3.63;3.85;3.58;3.71;3.78;3.75;3.54;3.35;3.41;3.27;2.99;2.95;2.93;2.79;2.82;2.88
Rapier;24.9;24.59;24.07;23.34;23.45;22.73;21.17;22.15;20.3;20.05;20.94;19.41;20.46;20.3;20.58;21.06;18.82;19.43;19.48;23.9;25.29;25.31;25.36;23.62;24.75;23.96;24.72;24.3;23.56;23.67;23.63;26.38;26.07;24.02;26.47;27.14;25.76;25.59;27.61;28.21;29.43;29.63;28.6;29.04;29.18;29.06;25.71;22.8;22.24;21.95;20.31;25.69;24.83;24.89;25.83;27.81;26.67;28.92;29.61;24.05;22.96;24.32;25.56;25.86;24.97;25.75;25.55;25.27;23.63;24.32;26.1;26.73;30.29;28.95;28.06;30.55;32.09;33.67;35.23;25.54;26.25;27.93;30.09;31.45;30.8;32.57;32.77;33.05;32.04;32.72;32.97;31.72;24.11;24.48;25.27;24.07;23.72;25.71;24.66;24.92;25.14;24.26;23.32;23.36;22.9;23.89;24.09;23.13
Rations (1 day);0.51;0.54;0.51;0.51;0.45;0.48;0.51;0.51;0.52;0.49;0.51;0.47;0.44;0.45;0.47;0.45;0.55;0.48;0.51;0.52;0.5;0.47;0.49;0.46;0.45;0.48;0.5;0.52;0.49;0.49;0.52;0.51;0.52;0.55;0.61;0.59;0.58;0.55;0.54;0.51;0.51;0.51;0.5;0.49;0.5;0.45;0.45;0.47;0.46;0.44;0.5;0.55;0.58;0.6;0.6;0.62;0.59;0.6;0.58;0.56;0.48;0.43;0.47;0.45;0.44;0.45;0.45;0.44;0.43;0.42;0.44;0.4;0.42;0.46;0.5;0.53;0.56;0.61;0.55;0.52;0.47;0.47;0.46;0.45;0.46;0.48;0.47;0.48;0.53;0.52;0.56;0.57;0.48;0.47;0.51;0.49;0.51;0.53;0.5;0.48;0.47;0.47;0.46;0.48;0.44;0.38
Ring mail;29.62;26.74;26.87;25.89;25.71;23.3;24.52;24.5;24.37;28.61;26.34;27.3;27.37;26.58;28.84;27.95;26.35;26.51;26.96;25.95;27.32;26.19;28.29;26.77;26.32;26.63;27.43;28.78;30.0;28.76;28.73;29.95;31.64;31.52;32.9;34.73;35.25;37.25;35.72;35.3;34.66;37.95;39.79;42.4;42.57;38.17;34.98;35.89;33.38;34.43;31.51;33.2;34.47;28.45;30.06;31.51;29.71;33.24;30.89;28.34;29.52;30.43;29.77;29.24;31.71;32.47;32.26;31.14;30.51;31.99;33.77;33.4;36.68;34.26;33.59;31.19;32.21;33.05;32.33;30.01;28.56;33.01;34.91;34.76;36.46;36.25;37.34;37.28;35.59;35.04;35.57;35.65;36.68;33.7;35.19;37.33;35.02;39.41;39.28;37.04;38.51;38.47;37.38;31.29;32.72;33.91;32.35;28.43;29.59;30.1
Robes;1.16;1.25;1.18;1.17;1.14;1.11;1.11;1.12;1.13;1.2;1.24;1.23;1.27;1.21;1.2;1.15;1.18;1.24;1.21;1.22;1.19;0.95;1.0;1.07;0.94;0.97;1.02;1.04;1.01;1.05;1.03;0.94;1.08;1.06;0.95;0.95;0.93;0.85;0.79;0.87;0.84;0.8;0.72;0.69;0.67;0.64;0.62;0.62;0.6;0.57;0.54;0.5;0.5;0.49;0.52;0.98;0.89;0.93;0.95;0.96;0.91;0.87;0.83;1.07;0.98;0.96;0.99;0.99;0.91;0.98;0.98;0.94;0.92;0.87;0.83;0.79;0.84;0.8;1.01;0.95;0.89;0.97;1.04;0.93;0.91;0.92;1.1;1.12;1.12;1.02;1.05;1.03;1.02;1.07;1.1;1.15;1.21;1.13;1.14;1.14;1.12;1.05;0.94;0.95;1.01;1.06;1.06;1.09
Rope, 50 feet;0.93;1.01;1.02;1.04;1.04;0.91;0.9;0.93;0.9;0.93;0.96;0.98;0.88;0.87;0.91;0.92;0.95;0.97;1.04;1.06;1.04;1.07;0.95;0.88;0.97;0.91;0.92;0.98;0.85;0.89;0.98;0.92;0.95;0.96;0.95;0.95;0.97;1.06;1.02;0.98;0.95;0.91;0.84;0.85;0.88;0.99;0.94;1.02;1.03;0.94;0.87;0.85;0.89;0.88;0.86;0.92;0.91;1.0;1.0;0.92;0.99;0.91;0.94;0.99;0.93;0.94;0.85;1.07;1.06;1.1;1.15;1.12;1.01;0.92;0.91;0.95;0.97;0.93;0.97;0.95;0.94;0.97;0.89;0.98;0.97;0.96;0.98;1.02;1.01;0.97;0.9;0.86;0.99;0.93;0.97;0.95;0.96;1.0;1.02;1.01;1.01;0.97;1.03;1.07;1.16;1.11;1.05;1.11;1.08
Rope, hempen (50 feet);0.48;1.04;1.02;1.08;1.09;1.05;0.97;0.95;0.86;0.82;0.86;1.0;0.91;0.98;0.98;0.94;0.96;0.94;0.84;0.8;0.8;0.78;0.79;0.74;0.82;0.81;0.94;0.96;0.98;0.96;0.97;0.92;0.88;0.84;0.83;0.87;0.96;0.96;0.99;0.96;0.99;0.92;0.93;0.88;0.87;0.83;0.83;0.84;0.77;0.76;0.71;0.71;0.68;0.66;0.7;0.7;0.71;1.02;0.92;0.88;1.01;0.98;1.02;1.0;1.01;1.05;1.14;1.15;1.09;1.09;1.1;1.07;1.08;0.94;1.01;1.16;1.08;1.1;1.12;1.04;0.99;1.01;0.98;1.03;0.87;0.74;0.77;0.74;0.7;0.67;0.62;0.6;0.57;0.55;0.5;0.5;0.47;0.94;0.94;0.96;0.98;0.97;0.97;1.04;1.04
Rope, silk (50 feet);10.05;10.4;9.86;9.75;9.37;9.64;9.86;9.32;9.33;9.4;9.51;9.64;9.63;9.21;8.99;9.83;9.42;10.19;9.49;8.81;8.2;7.69;7.98;8.38;8.74;8.66;8.69;9.05;8.9;8.86;9.36;9.16;9.35;9.37;9.81;10.96;11.83;12.26;12.27;13.09;13.88;13.04;13.59;12.71;12.98;12.29;11.95;10.68;10.05;9.84;9.84;10.28;10.49;10.16;11.45;11.05;10.39;10.18;10.32;11.01;10.56;9.88;10.14;9.96;9.73;9.51;9.34;8.87;8.92;8.44;8.81;8.72;8.38;8.02;7.68;7.81;7.14;7.29;7.02;7.6;7.85;7.86;7.92;7.56;7.76;8.23;7.94;7.38;10.42;9.52;10.6;9.52;10.02;8.95;8.38;8.63;8.14;8.38;8.81;9.48;8.83;9.11;10.09;10.68;9.79;9.94;10.9;11.34;11.66;12.68;10.94;11.34;11.22
Sack;0.01;0.01;0.01;0.01;0.01;0.01;0.02;0.01;0.01;0.01;0.01;0.01;0.01;0.03;0.03;0.02;0.02;0.02;0.02;0.01;0.01;0.01;0.01;0.01;0.01;0.01;0.01;0.01;0.01;0.01;0.01;0.03;0.03;0.02;0.02;0.02;0.02;0.02;0.02;0.02;0.02;0.01;0.01;0.01;0.01;0.01;0.01;0.01;0.01;0.01;0.01;0.02;0.01;0.01;0.01;0.01;0.01;0.01;0.01;0.01;0.01;0.01;0.01;0.01;0.01;0.01;0.01;0.01;0.01;0.01;0.01;0.01;0.01;0.01;0.01;0.02;0.02;0.02;0.02;0.02;0.01;0.01;0.01;0.01;0.01;0.01;0.03;0.03;0.03;0.02;0.02;0.01;0.01;0.01;0.01;0.01;0.02;0.01;0.01;0.01;0.01;0.01;0.01;0.02;0.02;0.01
Saddlebags;3.84;3.76;3.58;3.29;3.25;3.21;3.43;3.39;3.11;3.2;3.28;3.28;3.46;3.31;3.47;4.0;3.77;3.78;4.01;4.16;4.46;4.88;4.84;4.75;4.47;4.5;4.51;4.77;3.75;3.91;4.12;3.98;4.13;4.0;4.18;4.06;4.42;4.62;4.16;4.24;3.85;4.0;3.9;3.98;3.84;3.82;4.07;3.85;4.28;4.25;4.27;4.26;4.27;3.95;3.91;3.88;3.93;3.91;4.36;3.8;3.94;3.84;3.85;3.88;3.65;3.54;3.3;3.16;3.26;4.13;4.09;3.91;4.3;4.24;4.21;4.44;4.46;4.4;4.45;4.03;4.22;4.06;3.91;4.08;4.21;4.11;4.43;4.48;4.5;4.38;4.56;4.57;4.53;4.44;4.68;4.34;4.18;3.96;3.78;3.86;4.32;4.12;4.0;3.97;4.0;3.91
Scale mail;51.38;53.17;52.71;52.12;52.16;51.23;50.02;49.9;49.25;47.56;55.51;54.85;55.18;56.65;53.46;52.17;51.19;53.84;52.02;51.15;53.52;54.82;56.06;60.27;53.77;60.42;59.01;56.79;56.31;51.34;50.39;50.95;49.35;51.37;49.29;51.04;51.11;53.77;56.99;46.65;42.92;51.48;49.95;51.05;51.6;50.65;51.62;52.11;54.42;55.9;54.01;52.19;56.15;58.33;52.41;52.62;50.83;49.96;48.25;47.87;48.42;46.45;47.79;49.09;46.96;47.81;52.75;50.77;53.59;59.82;60.23;64.69;65.04;63.22;68.36;68.88;68.99;75.13;72.81;73.05;71.95;76.94;80.22;49.26;47.64;47.35;45.92;45.89;46.12;45.06;45.06;42.63;39.99;36.26;37.05;37.13;37.7;47.47;52.5;54.19;59.43;50.41;48.51;49.58;50.47;52.05;52.71;47.57;49.03
Scale, merchant’s;5.88;5.27;5.79;5.48;5.65;5.6;5.7;5.83;6.17;6.42;7.18;4.89;4.93;4.76;4.88;4.69;4.32;4.38;4.51;4.93;4.37;4.44;4.3;4.23;4.03;4.71;4.58;4.86;4.75;4.84;5.14;5.37;5.81;5.61;6.08;5.69;5.7;5.91;4.88;4.9;4.88;4.86;4.42;4.16;4.01;4.09;4.28;4.17;4.42;4.47;4.26;4.18;3.96;4.08;4.28;4.39;5.49;5.48;5.7;4.79;4.9;5.02;4.77;4.84;5.31;5.21;5.17;5.47;5.34;4.97;5.03;5.05;4.93;4.65;4.5;4.56;4.43;4.44;4.65;5.06;5.15;4.87;4.68;4.64;4.26;4.28;4.46;5.3;5.17;4.85;4.65;4.85;4.67;4.57;4.34;4.45;4.91;4.81;4.69;4.46;4.18;4.23;4.46;4.71;4.45;4.4;4.23;4.25
Scimitar;25.59;26.81;29.31;28.55;32.28;29.66;28.39;23.94;23.89;23.8;24.59;24.4;22.94;23.31;24.81;25.71;26.33;26.07;25.12;27.15;26.24;25.09;25.41;27.57;28.88;29.15;28.6;28.44;27.01;26.25;24.53;22.44;21.01;21.4;23.46;23.82;24.18;24.5;23.8;24.88;22.8;23.69;25.93;25.36;24.27;23.82;23.56;23.96;24.8;24.59;23.96;21.63;22.05;21.53;21.97;23.57;25.88;25.76;25.27;24.37;26.05;26.22;23.96;24.42;23.92;24.13;22.13;21.46;21.76;22.52;22.16;22.82;23.08;24.16;23.57;25.14;27.35;26.44;24.68;24.78;25.08;24.03;22.72;22.22;22.76;24.38;26.04;26.21;26.35;25.82;23.72;21.25;24.37;24.3;24.41;23.82;24.65;25.39;24.55;25.71;22.85;22.77
Sealing wax;0.45;0.41;0.41;0.4;0.42;0.43;0.5;0.49;0.52;0.54;0.49;0.48;0.49;0.49;0.48;0.47;0.48;0.48;0.49;0.52;0.49;0.52;0.52;0.49;0.48;0.46;0.49;0.5;0.5;0.55;0.55;0.55;0.59;0.65;0.62;0.64;0.67;0.63;0.59;0.45;0.45;0.45;0.4;0.4;0.49;0.51;0.53;0.48;0.47;0.46;0.48;0.49;0.5;0.49;0.48;0.44;0.47;0.43;0.42;0.38;0.48;0.49;0.46;0.45;0.42;0.42;0.41;0.41;0.36;0.51;0.54;0.54;0.54;0.6;0.57;0.6;0.55;0.5;0.48;0.43;0.38;0.36;0.34;0.33;0.27;0.26;0.25;0.26;0.27;0.25;0.24;0.23;0.23;0.21;0.49;0.48;0.41;0.39;0.52;0.44;0.51;0.53;0.53
Shawm;1.99;1.9;1.84;2.0;1.99;2.02;2.29;2.12;1.96;1.96;1.97;1.88;2.11;1.97;2.1;2.26;2.29;2.08;2.04;2.0;1.84;1.75;1.85;1.95;1.9;2.13;2.27;2.34;2.23;2.19;1.99;1.94;2.21;2.15;2.06;1.92;1.83;1.92;1.9;1.92;2.03;2.18;2.21;2.28;2.11;2.09;2.23;2.25;1.94;1.88;1.96;1.91;2.0;1.9;2.05;2.03;1.95;1.9;1.9;2.11;2.05;2.09;2.22;2.17;2.26;1.95;1.88;1.86;1.98;2.05;1.92;1.95;1.86;1.92;1.85;1.99;1.97;2.0;2.15;1.94;2.04;1.89;1.88;1.81;1.91;1.99;1.86;1.87;1.81;1.95;2.01;2.03;2.03;2.06;2.11;2.15;2.08;2.07;2.19;2.07;2.0;1.97;1.95;2.13;2.11;2.0;2.05;2.07
Shield;10.27;10.0;9.67;9.89;10.14;10.1;10.1;10.28;10.07;9.63;9.49;9.36;9.89;9.35;9.13;9.19;9.1;8.98;9.37;9.52;9.79;10.45;10.48;10.29;10.69;11.04;11.06;12.03;12.45;9.35;8.87;8.51;8.74;10.0;10.31;10.35;10.16;10.46;10.76;10.35;9.72;9.65;9.3;9.6;10.18;9.31;9.0;8.4;7.88;7.76;7.78;6.97;6.8;6.19;6.31;6.75;6.71;6.51;6.08;6.42;6.75;6.73;7.31;7.46;8.13;7.79;7.98;7.89;8.19;8.17;8.05;9.46;8.87;8.78;8.27;7.65;7.91;7.74;7.79;7.95;8.02;8.11;7.77;7.94;7.51;7.47;7.57;8.22;8.53;8.52;8.74;8.01;8.47;9.16;10.29;9.9;9.64;9.04;8.33;8.47;8.59;8.57;9.52;9.97;10.75;9.9;10.25;10.88;11.21
Shortbow;22.39;24.69;24.54;24.36;23.92;24.19;25.8;26.14;26.87;23.57;23.0;22.25;21.95;23.89;22.54;23.14;21.92;22.61;22.21;23.61;27.39;29.05;29.13;30.59;31.52;29.47;30.22;28.05;27.92;27.67;25.32;24.64;25.74;26.35;24.47;22.91;23.01;24.82;25.36;24.43;25.69;26.49;26.7;24.38;26.1;25.55;25.25;23.73;19.98;19.6;16.26;16.84;17.09;16.73;14.58;14.5;14.77;14.49;25.16;26.44;27.56;28.96;28.04;28.63;28.57;29.82;29.22;28.47;28.67;31.02;31.81;32.93;34.38;23.6;24.67;26.02;24.51;24.24;22.75;25.32;24.9;28.66;28.39;27.54;25.7;25.9;26.94;28.51;28.4;28.91;28.59;23.58;23.79;23.16;22.72;22.91;22.24;22.29;21.18;22.35;21.32;22.95;23.91;25.24;25.19
Shortsword;9.2;10.88;12.45;11.98;9.41;8.68;8.84;7.91;7.46;8.2;7.9;7.46;7.4;7.91;7.64;7.56;7.91;7.7;7.87;7.47;7.4;7.24;7.49;7.67;7.71;8.08;8.22;7.61;9.23;9.28;9.48;10.44;10.93;12.45;12.59;10.48;10.45;10.88;11.2;11.2;10.91;9.49;8.6;8.95;8.31;7.99;7.29;6.99;6.69;6.67;7.09;7.42;7.59;8.42;8.39;8.81;9.31;9.24;9.36;8.92;8.76;8.27;8.05;7.67;7.16;7.19;7.01;6.91;10.43;9.4;10.24;9.98;9.9;9.15;9.18;9.4;9.8;9.07;9.87;9.64;9.44;9.5;9.35;9.01;9.67;10.16;10.06;10.04;10.38;10.27;10.32;9.32;10.47;9.69;9.78;10.19;10.13;9.93;10.31;9.49;9.17;10.26;9.95;9.54
Sickle;1.13;1.03;0.99;1.0;1.03;1.07;1.05;1.03;1.1;1.19;1.29;1.34;1.38;1.31;1.17;1.22;1.32;1.35;1.33;1.05;0.96;0.94;0.94;0.89;0.84;0.81;0.75;0.76;0.79;0.76;0.75;0.72;0.77;0.72;0.74;0.69;0.73;0.68;0.74;0.7;0.97;0.9;0.93;0.91;0.93;0.97;0.97;0.95;0.95;0.91;0.96;0.93;0.97;1.01;0.87;0.93;0.94;0.82;0.79;0.77;0.72;0.7;0.68;0.71;0.74;0.67;0.65;0.63;0.95;0.9;0.94;0.96;0.81;0.84;0.83;0.94;0.86;0.88;0.83;0.82;0.97;0.97;1.01;0.91;0.92;0.99;1.02;1.04;1.08;0.97;0.96;0.99;1.02;0.95;0.97;0.96;1.13;0.96
Signal whistle;0.01;0.01;0.05;0.04;0.04;0.04;0.03;0.03;0.05;0.05;0.04;0.03;0.02;0.01;0.01;0.05;0.04;0.04;0.04;0.03;0.02;0.01;0.01;0.01;0.01;0.01;0.01;0.01;0.01;0.01;0.01;0.01;0.01;0.01;0.01;0.01;0.01;0.01;0.01;0.04;0.05;0.05;0.05;0.05;0.05;0.05;0.04;0.04;0.04;0.03;0.02;0.02;0.05;0.05;0.05;0.05;0.05;0.04;0.03;0.03;0.03;0.02;0.01;0.01;0.01;0.01;0.01;0.01;0.01;0.01;0.01;0.01;0.01;0.01;0.01;0.01;0.01;0.01;0.04;0.03;0.02;0.02;0.01;0.01;0.01;0.01;0.01;0.01;0.01;0.01;0.01;0.04;0.04;0.04;0.03;0.02;0.01;0.01;0.05;0.05;0.05;0.04;0.04;0.03;0.03;0.02
Signet ring;5.05;4.65;4.8;4.6;4.88;4.38;4.44;4.42;4.22;4.22;3.8;3.64;3.87;3.98;3.97;3.87;4.01;3.81;3.72;3.82;5.02;5.04;5.22;5.12;5.52;5.85;5.7;5.45;5.64;6.04;6.56;7.01;6.99;6.79;6.98;6.76;6.62;5.03;5.05;5.32;4.98;5.04;5.3;5.38;5.38;4.77;4.36;4.27;4.37;4.36;3.97;3.88;4.08;5.1;5.26;5.38;5.42;5.66;5.66;5.32;5.33;5.27;5.7;5.52;5.27;5.1;4.99;4.89;4.47;4.3;4.1;4.47;4.45;4.67;4.48;4.71;4.65;4.86;4.9;4.6;4.51;4.35;4.63;4.43;4.01;3.99;4.04;4.23;3.9;3.84;4.12;4.01;3.73;3.71;3.95;4.11;4.08;3.92;3.62;3.72;3.82;3.35;3.41;3.26;3.28;2.92;2.87
Sling;0.1;0.1;0.1;0.09;0.09;0.08;0.07;0.07;0.09;0.09;0.08;0.08;0.08;0.1;0.09;0.09;0.08;0.08;0.07;0.06;0.05;0.05;0.04;0.1;0.1;0.09;0.09;0.08;0.08;0.08;0.07;0.07;0.1;0.09;0.07;0.09;0.09;0.08;0.07;0.07;0.1;0.09;0.08;0.07;0.07;0.07;0.06;0.06;0.05;0.1;0.1;0.09;0.09;0.09;0.09;0.09;0.08;0.07;0.06;0.05;0.04;0.04;0.04;0.04;0.03;0.09;0.08;0.08;0.07;0.06;0.06;0.05;0.1;0.09;0.09;0.09;0.09;0.08;0.07;0.06;0.05;0.04;0.04;0.03;0.1;0.09;0.09;0.09;0.08;0.09;0.09;0.08;0.09;0.08;0.08;0.07;0.07;0.06;0.05;0.05;0.04
Sling bullets (20);0.03;0.03;0.02;0.02;0.02;0.03;0.02;0.04;0.03;0.03;0.03;0.03;0.02;0.04;0.03;0.02;0.01;0.03;0.03;0.03;0.03;0.03;0.03;0.02;0.01;0.01;0.01;0.01;0.01;0.01;0.01;0.01;0.01;0.01;0.01;0.01;0.01;0.01;0.01;0.01;0.01;0.01;0.01;0.01;0.01;0.01;0.01;0.01;0.01;0.01;0.01;0.01;0.01;0.01;0.01;0.01;0.01;0.01;0.01;0.01;0.01;0.01;0.01;0.01;0.01;0.01;0.01;0.01;0.01;0.01;0.01;0.01;0.01;0.01;0.01;0.01;0.01;0.01;0.01;0.01;0.01;0.01;0.01;0.01;0.04;0.04;0.03;0.02;0.01;0.01;0.01;0.01;0.01;0.01;0.01;0.01;0.01;0.01;0.01;0.01;0.01;0.01;0.01;0.01;0.03;0.02;0.02;0.01;0.01;0.01;0.01
Smith’s tools;28.81;31.02;30.31;30.75;30.0;27.82;28.12;28.9;30.68;31.44;29.82;28.68;31.48;29.47;29.98;29.14;27.72;26.44;27.3;27.37;28.46;29.81;29.09;27.24;26.29;26.07;26.08;25.24;26.24;20.35;21.08;19.72;20.53;20.87;21.73;21.63;22.04;19.75;18.99;20.51;20.94;20.87;20.66;21.63;20.43;19.7;18.86;18.57;18.42;19.3;20.23;20.54;20.41;21.63;20.6;21.01;20.53;19.74;18.3;18.26;16.54;16.31;16.47;16.21;17.19;18.8;19.73;19.1;19.47;20.02;21.52;19.94;19.22;20.38;20.66;19.12;20.02;20.63;19.91;21.41;21.67;22.22;22.6;20.23;21.2;19.91;20.19;19.54;20.5;19.29;18.78;20.29;19.71;19.17;18.54;19.15;17.82;18.44;19.05;17.98;19.72;18.93;19.75;20.6;20.5;21.09;22.05;23.3;23.14;24.49
Soap;0.01;0.02;0.02;0.01;0.01;0.01;0.01;0.01;0.01;0.01;0.01;0.01;0.01;0.01;0.01;0.01;0.01;0.01;0.01;0.01;0.01;0.01;0.01;0.01;0.01;0.01;0.01;0.01;0.01;0.02;0.01;0.01;0.01;0.01;0.01;0.01;0.01;0.01;0.01;0.01;0.01;0.01;0.01;0.01;0.01;0.01;0.01;0.01;0.01;0.01;0.01;0.01;0.01;0.01;0.01;0.01;0.01;0.01;0.01;0.01;0.01;0.01;0.01;0.01;0.01;0.01;0.01;0.01;0.01;0.01;0.01;0.01;0.01;0.01;0.01;0.01;0.01;0.01;0.01;0.01;0.01;0.01;0.01;0.01;0.01;0.01;0.02;0.02;0.02;0.02;0.01;0.01;0.01;0.01;0.01;0.02;0.01;0.01;0.01;0.01;0.01;0.01;0.01;0.01;0.01;0.01;0.01;0.01;0.01;0.01
Spear;1.03;1.02;1.11;1.15;1.23;1.22;1.29;1.21;1.16;1.2;1.16;1.18;1.2;1.22;1.24;1.23;1.12;1.04;1.03;1.08;1.13;1.13;1.09;1.03;0.99;1.03;1.11;1.16;1.18;1.14;1.18;0.99;0.94;0.94;1.0;0.97;0.87;1.01;1.04;1.07;1.05;1.06;1.13;1.2;1.17;1.17;1.06;1.05;1.06;1.12;1.11;1.14;1.1;0.96;0.93;0.96;1.02;0.93;0.97;0.9;0.93;0.94;0.91;0.81;0.76;0.95;1.02;0.96;0.96;0.89;0.89;0.87;0.87;0.84;0.81;1.01;0.99;1.05;1.1;1.09;1.13;0.98;0.93;0.95;1.0;1.05;1.05;1.04;0.91;0.92;0.92;0.92;1.0;1.01;0.97;0.89;0.93;0.99;1.0;0.99;0.97;1.02;0.89;0.9
Spellbook;43.94;44.32;44.41;47.5;45.12;47.59;49.65;49.1;50.01;51.55;51.88;45.55;48.11;52.06;47.27;48.26;47.78;48.59;49.28;47.59;48.9;54.76;54.26;50.32;50.71;49.1;48.12;48.58;52.87;50.27;49.8;45.58;47.3;43.53;46.4;48.28;47.66;46.45;45.99;45.78;44.93;48.33;49.97;46.74;43.64;40.66;38.72;39.61;47.32;49.72;51.55;48.93;52.3;53.91;54.8;55.3;53.84;58.88;61.4;62.29;59.49;47.61;46.09;44.46;42.28;42.34;43.44;41.86;41.68;40.37;43.63;44.91;41.45;41.72;41.98;43.96;44.92;46.35;44.16;44.53;49.85;54.06;55.59;53.14;49.13;48.43;46.84;45.88;48.36;48.74;47.0;47.44;46.67;44.53;39.51;37.71;38.52;40.18;51.67;49.0;50.51;50.8;50.71;53.87;55.95;50.48
Spikes, iron (10);0.86;0.89;0.98;0.91;1.06;1.08;1.06;0.99;1.0;1.04;1.04;0.98;0.96;0.96;0.88;1.02;1.04;1.0;0.95;0.99;0.92;0.93;0.99;1.03;1.01;1.03;1.0;1.03;0.98;1.0;1.02;1.12;1.15;1.18;1.16;1.14;1.08;1.05;1.06;1.07;1.1;1.08;1.05;1.17;1.12;1.01;0.97;1.02;1.02;1.02;1.07;0.99;1.08;1.0;0.87;0.98;1.01;0.89;0.9;0.93;0.98;0.99;0.98;0.97;0.93;1.05;1.03;0.97;1.0;0.97;0.96;0.85;0.88;0.82;0.8;0.74;0.77;0.97;1.0;1.01;1.03;1.13;1.19;1.23;1.29;1.21;1.1;0.99;0.94;0.96;0.88;0.98;1.04;1.01;1.13;1.21;1.26;1.32;1.4;1.55;1.6;1.59;1.63;1.64;1.63;1.6;1.61;1.5;1.35;1.32
Splint;177.1;198.91;202.08;188.91;197.27;191.99;199.25;177.5;165.34;168.16;202.93;202.87;190.16;200.13;191.76;184.19;194.91;191.9;198.55;204.64;193.98;206.99;194.24;189.85;197.14;184.15;196.72;211.27;195.84;181.88;187.89;199.3;217.97;215.28;196.47;198.04;189.61;200.83;208.03;196.78;205.04;207.42;192.78;209.93;213.19;213.13;211.09;203.92;184.82;196.49;211.71;211.86;222.94;204.78;201.44;222.09;224.08;224.36;222.57;208.13;211.74;222.07;227.35;231.37;226.8;191.19;180.54;191.78;204.86;206.2;206.54;202.08;192.52;183.85;192.69;203.2;200.88;197.85;195.79;187.26;191.45;184.03;185.56;192.81;193.01;202.08;195.37;183.04;183.44;195.33;190.4;191.56;190.41;213.49;211.46;202.35;189.54;188.88;184.05;197.14;211.37;212.49;199.37;190.77;210.77
Spyglass;856.54;862.68;910.88;927.02;858.05;855.28;765.43;966.27;976.82;935.54;1001.75;953.4;977.46;992.04;1020.67;999.0;1047.91;1015.34;950.12;886.7;894.61;894.23;855.64;855.73;905.86;910.31;886.85;912.18;888.47;932.41;845.45;818.43;791.52;788.22;836.07;870.67;856.7;830.73;764.85;827.89;1050.81;1157.4;1116.68;1021.5;965.08;1004.32;1024.95;1066.22;1106.96;1052.58;1054.81;1043.03;1051.68;1159.83;1201.58;1129.14;1035.08;906.15;1056.47;1104.59;1196.34;1203.19;1097.8;1011.42;975.41;1048.59;1105.97;1099.89;1176.02;1067.62;1022.21;1078.78;1002.11;1096.64;1072.0;1006.95;984.69;1038.29;1047.5;1039.33;1009.52;931.71;959.06;941.48;919.93;890.29;787.31;957.74;985.72;1038.03;1028.29;948.54;870.0;897.87;837.74;804.98;811.93;864.52;889.92;970.56;986.34;1011.77;1030.1;992.36;1088.48;1052.2;1043.36;1012.51;994.79;950.8;937.74;913.01
Studded leather;51.43;48.62;53.01;52.42;51.18;50.18;52.06;50.82;52.57;55.68;55.2;55.68;53.39;53.88;58.69;58.08;58.76;54.12;54.37;52.26;51.56;51.49;56.33;57.25;43.79;41.83;40.63;39.48;38.09;35.05;36.77;38.66;39.55;45.19;48.17;49.14;51.1;49.46;49.05;49.18;48.55;50.5;46.5;49.82;52.71;48.6;50.05;50.35;47.68;47.7;44.53;42.52;42.68;43.64;45.02;47.4;48.24;42.9;40.81;40.89;40.43;41.78;42.92;45.82;45.22;42.89;41.17;42.74;43.48;45.99;47.21;48.52;45.83;51.15;51.05;49.6;51.66;54.45;53.53;50.56;51.23;51.96;51.53;54.3;49.45;49.27;44.47;44.83;47.59;45.85;47.26;46.8;51.0;54.33;56.69;58.73;55.55;58.26;61.72;58.91;52.75;49.07;53.25;52.34;60.12;60.44;60.01;46.41;49.85;49.16
Tents;8.62;9.25;9.46;8.94;9.75;9.8;9.77;9.39;9.19;9.22;8.9;8.71;8.95;9.09;8.54;9.57;9.15;9.63;10.4;9.91;9.89;9.76;9.87;9.51;9.09;8.55;8.31;9.72;9.53;9.53;9.77;10.04;10.01;10.12;10.6;10.63;11.97;10.86;10.67;10.84;10.32;11.03;11.81;12.11;12.75;13.07;11.94;10.69;10.13;9.69;10.12;10.05;8.98;10.31;10.99;10.75;9.76;9.34;9.03;8.64;8.77;10.25;11.4;11.66;11.66;11.49;11.5;11.77;11.87;10.81;11.91;9.27;9.45;9.0;8.8;8.71;9.12;8.95;8.72;9.02;8.9;8.51;8.5;8.48;8.05;8.15;8.65;8.78;7.98;8.54;8.43;8.98;9.09;10.44;9.3;9.15;9.2;9.7;10.65;10.38;10.43;10.59;9.82;9.7;10.05;11.53;11.95;11.94;12.91;12.85;14.68
Thieves’ tools;28.0;26.28;26.41;27.26;28.32;29.92;31.13;30.38;26.28;26.47;24.94;24.02;24.31;25.94;25.7;24.7;24.2;25.57;24.0;24.56;25.27;25.68;25.07;24.0;23.2;22.4;22.54;23.71;22.16;23.32;26.58;27.97;26.91;28.92;29.03;29.02;27.26;28.42;28.77;29.17;29.02;29.45;28.87;26.95;24.71;24.01;23.03;23.29;20.78;20.32;20.11;19.75;18.42;18.11;18.81;20.83;20.58;19.98;20.48;20.01;20.04;21.0;25.24;24.64;22.45;23.11;24.7;25.25;24.56;24.35;23.72;23.74;24.94;24.74;25.34;25.4;26.61;27.92;28.59;29.78;28.13;28.11;24.2;23.7;24.57;24.57;24.95;27.9;27.19;27.79;28.06;29.05;29.41;27.68;27.83;22.85;24.64;22.89;23.49;24.11;24.32;23.5;22.5;24.6;26.25;25.0
Tinderbox;0.45;0.52;0.54;0.5;0.45;0.54;0.47;0.47;0.48;0.46;0.5;0.47;0.44;0.42;0.46;0.46;0.44;0.39;0.51;0.52;0.53;0.53;0.54;0.54;0.53;0.52;0.54;0.51;0.54;0.54;0.48;0.48;0.5;0.5;0.49;0.51;0.51;0.46;0.48;0.52;0.48;0.43;0.4;0.38;0.34;0.33;0.32;0.33;0.35;0.35;0.39;0.34;0.51;0.55;0.57;0.59;0.57;0.55;0.57;0.58;0.6;0.58;0.57;0.59;0.59;0.64;0.6;0.62;0.59;0.55;0.52;0.48;0.44;0.43;0.39;0.39;0.41;0.4;0.42;0.42;0.43;0.42;0.41;0.37;0.36;0.38;0.39;0.38;0.4;0.38;0.51;0.56;0.56;0.49;0.48;0.48;0.49;0.48;0.52;0.49;0.51;0.52;0.55;0.51;0.55;0.52;0.54
Tinker’s tools;57.79;51.56;50.8;47.59;46.88;45.16;44.82;47.36;47.42;47.63;48.23;43.08;45.52;45.87;50.41;51.31;51.68;52.35;49.18;47.25;48.87;48.89;49.17;47.23;48.04;50.24;47.71;44.78;43.18;45.88;47.17;46.3;47.83;48.72;49.36;48.82;55.52;56.45;54.71;47.36;45.14;46.4;48.27;47.5;44.07;41.0;42.15;51.04;55.32;50.43;49.48;45.19;45.58;49.91;48.22;51.14;49.57;52.55;56.06;62.67;54.67;55.18;53.6;50.49;47.27;49.14;47.31;47.65;50.65;52.15;48.23;47.86;46.37;45.2;43.28;40.44;37.3;35.88;32.99;31.58;32.47;30.66;29.23;29.46;47.89;50.38;49.42;51.87;54.04;49.89;50.46;54.5;56.54;57.34;59.55;63.75;63.68;64.82;67.55;70.51;70.61;71.42;71.61;69.77;72.83
Torch;0.01;0.01;0.01;0.01;0.01;0.01;0.01;0.01;0.01;0.01;0.01;0.07;0.07;0.06;0.05;0.04;0.03;0.03;0.02;0.08;0.08;0.08;0.08;0.08;0.07;0.06;0.05;0.05;0.04;0.04;0.04;0.03;0.03;0.03;0.02;0.08;0.07;0.07;0.07;0.06;0.06;0.06;0.05;0.04;0.04;0.03;0.02;0.02;0.02;0.02;0.02;0.01;0.01;0.01;0.01;0.08;0.07;0.06;0.07;0.07;0.06;0.06;0.06;0.05;0.04;0.03;0.02;0.02;0.01;0.01;0.01;0.01;0.01;0.01;0.01;0.01;0.01;0.01;0.01;0.01;0.01;0.07;0.06;0.05;0.07;0.07;0.07;0.06;0.06;0.06;0.05;0.05;0.04;0.04;0.03;0.02;0.01;0.01;0.01;0.01;0.01;0.01;0.01;0.01;0.01;0.01;0.01;0.01;0.01
Trail Rations;0.48;0.5;0.48;0.51;0.51;0.5;0.48;0.47;0.47;0.46;0.43;0.42;0.43;0.42;0.38;0.4;0.39;0.35;0.33;0.33;0.55;0.57;0.59;0.58;0.56;0.54;0.55;0.56;0.53;0.55;0.58;0.57;0.54;0.55;0.49;0.45;0.45;0.51;0.46;0.48;0.47;0.48;0.46;0.44;0.44;0.51;0.5;0.5;0.49;0.54;0.53;0.5;0.47;0.49;0.52;0.5;0.49;0.47;0.47;0.47;0.51;0.5;0.52;0.52;0.48;0.5;0.51;0.51;0.49;0.53;0.52;0.52;0.52;0.54;0.5;0.47;0.51;0.5;0.49;0.52;0.47;0.51;0.46;0.44;0.44;0.43;0.45;0.43;0.44;0.46;0.43;0.4;0.37;0.37;0.37;0.55;0.56;0.48;0.47;0.46;0.46;0.43
Traveler's Clothes;1.01;1.0;1.02;1.05;1.03;0.97;1.0;0.98;0.94;0.94;0.97;0.91;0.89;0.89;0.87;0.82;0.8;0.82;1.16;1.14;1.07;1.13;1.14;1.14;1.14;1.11;1.14;1.01;1.1;1.05;1.02;0.97;0.92;0.99;1.0;0.92;0.99;1.01;1.01;1.02;0.97;0.98;0.93;0.97;1.06;1.12;1.02;1.07;1.14;1.08;1.09;1.09;1.12;1.13;1.27;1.29;1.28;1.35;1.31;1.31;1.3;1.34;1.29;1.28;1.36;1.33;1.32;1.37;1.38;1.31;1.26;1.23;1.27;1.28;1.28;1.26;1.26;1.42;1.33;1.34;1.33;1.36;1.39;1.43;1.55;1.5;1.54;1.45;1.47;1.4;1.4;0.9;0.88;0.84;0.88;0.88;0.88;0.88;0.96;0.96;0.94;0.92;1.01;0.99;1.0;1.08;1.07;1.2;1.1;1.05;1.03
Traveler's Rations;0.99;0.97;1.01;0.89;0.85;0.8;0.9;0.97;0.94;0.94;0.9;0.89;0.89;0.82;0.84;0.89;0.92;0.89;0.87;0.84;0.84;0.8;0.8;0.77;0.8;0.85;0.94;0.92;0.88;0.95;0.96;0.91;0.87;1.03;1.05;1.11;1.15;1.18;1.09;1.14;0.96;1.0;0.97;0.98;1.04;1.07;1.07;1.08;1.17;1.06;1.0;0.94;0.92;0.93;0.9;0.84;0.92;0.96;0.97;1.02;1.04;0.99;0.93;0.91;0.86;1.03;1.0;0.99;0.98;1.0;1.04;0.99;1.06;1.05;1.02;0.99;1.03;1.02;1.03;0.92;0.86;0.84;0.8;0.83;0.82;0.81;0.83;0.88;0.92;0.87;0.86;0.84;0.81;1.1;1.12;0.95;0.93;0.93;0.94;0.95;0.89;0.88;0.81;0.85;0.79;1.04;0.98;1.0
Trident;5.53;5.18;5.19;5.2;4.9;5.12;5.02;4.95;4.88;5.0;4.91;5.19;4.73;4.68;5.07;5.31;5.33;5.28;5.03;5.14;5.51;5.41;5.5;5.36;5.38;5.53;5.48;5.67;5.73;5.75;5.47;5.59;5.46;5.14;5.12;4.97;5.27;5.38;4.96;4.76;4.63;4.5;4.49;4.4;4.55;4.37;4.76;4.66;4.36;4.7;4.63;4.18;4.32;4.21;3.94;4.15;4.28;3.91;3.77;3.7;3.79;4.05;4.13;4.37;4.18;4.82;4.72;4.86;4.67;4.96;5.11;4.45;3.92;3.9;3.88;4.03;3.98;4.16;4.09;4.48;4.29;4.44;4.23;4.3;4.43;4.26;4.81;4.37;4.17;4.2;4.16;4.58;4.84;4.74;4.55;4.57;4.71;4.83;4.75;5.09;4.71;4.71;4.66;4.99;5.42;5.14;4.94;5.05;5.06
Vial;0.9;1.01;1.02;1.01;0.9;0.79;0.76;0.98;0.93;0.83;0.81;0.77;1.01;1.05;1.09;1.01;1.0;0.98;1.06;1.09;1.08;1.06;1.12;1.06;1.17;1.27;1.21;1.2;1.28;1.24;1.17;1.09;1.01;1.02;1.05;1.07;1.13;1.07;1.03;0.97;1.01;0.97;0.98;0.99;0.98;0.99;0.97;0.96;1.02;1.04;1.09;1.09;1.05;1.09;0.99;1.03;0.98;0.92;0.93;0.85;0.85;0.95;0.96;0.95;0.91;0.98;0.99;0.99;1.01;1.03;1.02;1.03;1.0;0.98;0.96;0.92;0.9;0.93;0.9;0.92;0.88;0.86;0.94;0.91;0.93;0.94;0.97;0.99;0.94;0.94;0.92;0.94;0.95;0.98;1.0;1.0;0.96;0.9;0.94;0.83;0.84;0.88;0.85;0.81;0.87;0.9
Viol;19.92;20.95;22.73;20.8;20.14;19.2;27.95;27.34;27.8;28.46;28.06;28.48;28.48;25.68;27.53;30.28;31.05;29.64;31.28;28.86;29.79;31.1;29.66;29.96;27.78;26.84;26.53;24.53;24.66;25.95;26.69;26.24;25.62;25.03;24.23;23.26;23.88;23.93;25.64;27.13;27.12;27.73;28.45;29.37;29.4;29.02;28.33;28.6;31.5;33.46;36.19;29.7;29.64;26.78;28.22;27.87;27.48;29.37;30.62;29.3;28.37;28.46;27.77;27.74;25.84;26.67;27.39;30.52;28.59;27.77;27.09;29.33;27.0;27.63;26.88;27.29;26.79;22.87;30.06;29.71;28.77;28.42;28.12;27.2;26.45;28.49;30.16;29.02;25.67;25.96;25.86;24.83;29.65;30.47;29.04;26.19;27.33;25.13;24.62;27.0;29.62;28.15;27.87;27.32
War Pick;4.74;4.7;4.48;4.57;4.47;4.59;4.92;4.96;4.62;4.99;5.03;5.19;5.4;6.03;5.77;5.78;5.56;4.88;5.23;5.04;4.53;4.54;4.59;4.61;4.58;4.26;4.93;5.07;4.79;5.01;5.12;5.47;5.62;5.82;5.77;5.5;5.27;5.4;4.69;4.64;4.84;4.98;5.24;5.01;4.56;4.5;4.53;4.35;4.13;4.17;3.91;4.15;3.98;4.13;4.91;4.94;4.73;4.93;5.07;5.59;5.57;4.9;5.11;4.69;4.87;4.71;5.18;5.18;5.38;5.26;5.42;5.04;5.22;4.99;5.37;5.37;5.01;4.92;4.91;4.66;4.4;4.95;5.93;5.92;5.9;6.33;6.55;6.17;6.22;6.98;7.36;5.12;4.67;4.64;4.67;4.8;5.02;4.96;4.78;4.98;5.19;5.28;5.11;4.84;4.52;4.64
Warhammer;17.18;18.52;18.19;17.86;15.51;15.27;15.22;13.72;13.38;13.63;13.05;12.58;12.64;13.1;13.1;13.34;12.84;13.25;13.15;12.95;13.06;11.98;11.54;14.69;15.01;15.28;14.73;15.17;15.27;15.91;15.75;15.37;15.33;13.8;14.06;12.91;12.41;12.9;13.68;13.44;13.96;13.77;13.25;14.18;14.3;14.01;13.95;13.73;14.5;15.71;15.06;14.18;13.49;14.46;14.29;14.3;15.0;14.78;14.81;16.69;16.56;17.26;16.46;18.24;19.08;18.23;15.97;16.47;16.48;16.53;15.79;14.41;14.27;13.55;13.39;14.93;14.94;14.72;13.23;12.17;14.31;13.47;14.07;13.67;12.18;11.96;11.2;15.68;15.17;16.03;17.04;16.0;14.58;15.02;14.55;13.55;13.2;14.73;13.83;12.22;11.51;12.11;11.68;12.9;13.03;12.89;13.23;12.57
Waterskin;1.72;1.75;1.76;1.78;1.89;2.02;2.08;1.84;2.0;2.04;0.2;0.2;0.19;0.17;0.16;0.16;0.15;0.15;0.21;0.21;0.22;0.19;0.19;0.17;0.15;0.15;0.14;0.13;0.2;0.21;0.2;0.19;0.17;0.17;0.17;0.18;0.17;0.16;0.17;0.2;0.21;0.19;0.19;0.19;0.19;0.19;0.18;0.19;0.18;0.19;0.2;0.2;0.19;0.19;0.18;0.17;0.16;0.15;0.14;0.13;0.13;0.21;0.19;0.18;0.2;0.18;0.17;0.17;0.17;0.16;0.17;0.17;0.15;0.14;0.13;0.12;0.18;0.2;0.19;0.18;0.19;0.17;0.16;0.15;0.15;0.15;0.15;0.19;0.19;0.19;0.21;0.2;0.2;0.2;0.21;0.2;0.19;0.19;0.17
Weaver’s tools;0.94;1.06;1.06;1.06;1.12;1.17;1.23;1.11;1.11;1.11;1.05;1.05;0.95;0.85;0.79;0.73;1.06;1.06;1.02;1.06;1.03;1.02;1.02;1.06;1.09;1.04;1.07;1.0;0.98;1.04;0.99;1.0;0.99;0.95;0.89;0.93;0.99;0.98;1.01;1.03;1.06;0.96;0.91;1.01;0.94;0.83;0.89;0.89;0.87;0.99;1.09;1.09;1.02;1.01;1.04;1.08;1.01;0.99;1.06;1.03;1.04;1.0;0.97;0.93;0.86;0.89;0.93;1.0;1.0;1.03;1.01;0.97;1.06;1.09;1.04;1.07;0.98;0.96;0.99;1.03;0.99;0.99;0.97;0.99;1.0;1.02;1.1;1.12;1.03;1.09;1.11;0.99;0.91;0.92;0.92;1.01;1.04;1.08;0.97;1.03;0.98;1.01;0.98;0.99
Whetstone;0.01;0.01;0.01;0.01;0.01;0.05;0.05;0.04;0.04;0.03;0.04;0.03;0.02;0.02;0.01;0.05;0.05;0.04;0.04;0.04;0.03;0.03;0.03;0.03;0.04;0.04;0.03;0.03;0.03;0.03;0.03;0.02;0.05;0.05;0.05;0.05;0.04;0.03;0.03;0.02;0.02;0.01;0.01;0.01;0.01;0.01;0.01;0.05;0.04;0.03;0.03;0.02;0.02;0.01;0.01;0.01;0.01;0.04;0.03;0.03;0.03;0.02;0.01;0.04;0.04;0.03;0.02;0.01;0.01;0.01;0.01;0.01;0.01;0.01;0.04;0.04;0.04;0.03;0.03;0.04;0.03;0.02;0.05;0.05;0.04;0.04;0.04;0.04;0.03;0.03;0.05;0.04;0.04;0.04;0.04;0.03;0.02;0.01;0.01;0.01;0.01
Whip;1.94;2.01;2.02;1.9;1.72;1.74;1.77;1.77;1.89;1.89;1.98;1.77;1.67;1.88;2.01;2.04;2.08;2.04;2.05;2.16;2.06;1.93;1.89;1.97;1.95;2.02;2.1;1.98;2.11;2.13;2.04;2.05;2.0;1.99;2.08;2.05;1.96;1.87;1.91;1.94;1.84;1.9;1.76;1.8;1.83;1.73;1.72;1.75;1.78;1.66;1.62;1.58;1.47;1.51;2.0;2.04;2.1;2.15;2.08;2.11;2.0;2.02;2.23;2.22;2.32;2.13;2.06;2.08;2.06;2.03;2.01;2.27;2.19;2.19;2.14;1.98;2.01;2.04;1.95;1.84;1.77;1.79;1.88;2.06;1.94;1.79;1.88;1.81;1.64;1.64;1.68;1.69;1.72;1.75;1.64;1.74;1.81;1.84;1.81;2.08;2.09;2.02;2.13;2.27;2.03;2.18;2.28;2.12;2.11;2.13;2.42
Woodcarver’s tools;0.82;0.85;0.89;0.87;0.86;1.04;1.05;1.05;1.02;0.98;0.97;0.9;0.88;0.87;1.02;0.97;0.85;0.88;1.05;1.04;1.02;1.03;1.11;1.14;1.16;1.15;1.25;1.24;1.34;1.27;1.38;1.31;1.37;1.42;1.45;1.54;1.48;1.37;1.37;1.37;1.4;1.34;1.35;1.37;1.0;1.05;1.08;1.08;0.99;1.03;1.05;1.07;1.1;0.9;0.89;0.9;0.88;0.9;0.89;0.86;0.83;0.82;0.83;0.99;0.95;1.0;1.08;1.08;1.02;1.07;1.13;1.07;1.07;1.05;1.06;0.92;1.01;1.09;1.05;1.06;1.08;1.12;1.16;1.0;0.93;0.91;0.9;0.88;0.91;0.86;0.89;0.92;0.97;0.98;1.04;1.0;1.03;0.98;0.98;0.9;0.91;0.87;0.86;0.8
canvas;0.03;0.03;0.1;0.1;0.1;0.1;0.1;0.09;0.09;0.08;0.07;0.07;0.06;0.06;0.05;0.04;0.03;0.03;0.03;0.03;0.03;0.02;0.01;0.01;0.01;0.01;0.01;0.01;0.01;0.01;0.01;0.01;0.01;0.01;0.01;0.01;0.01;0.01;0.01;0.01;0.01;0.01;0.01;0.01;0.01;0.01;0.01;0.01;0.01;0.01;0.01;0.01;0.01;0.01;0.1;0.09;0.09;0.08;0.08;0.1;0.09;0.08;0.07;0.06;0.06;0.06;0.1;0.09;0.09;0.09;0.08;0.1;0.1;0.09;0.09;0.08;0.08;0.08;0.08;0.07;0.07;0.06;0.05;0.04;0.04;0.04;0.04;0.03;0.02;0.02;0.02;0.02;0.1;0.1;0.09;0.09;0.08;0.08;0.08;0.09;0.08;0.07;0.06;0.06;0.05;0.04;0.03
cinnamon;1.63;1.63;1.57;1.64;1.54;1.91;1.76;1.89;2.01;1.88;1.91;1.82;1.69;1.57;1.73;1.64;1.75;1.64;1.67;1.58;1.96;1.97;1.92;1.87;2.03;2.01;1.94;1.94;1.98;1.88;2.19;2.07;1.99;1.92;1.86;1.78;1.77;1.72;1.82;1.9;1.63;1.75;1.91;1.96;1.86;1.81;1.96;2.02;1.86;1.77;1.79;1.67;1.76;1.73;1.81;1.94;1.87;1.85;2.02;1.91;1.93;1.93;1.98;2.1;2.13;2.08;2.14;1.87;1.84;1.64;1.59;1.49;1.49;1.39;1.33;1.2;1.12;1.09;1.09;1.1;1.07;1.05;1.03;1.03;1.03;1.03;0.98;0.9;0.93;0.92;1.03;1.04;1.13;1.15;1.99;1.93;1.95;1.91;1.83;1.83;1.84;1.68;1.71;1.78
cloves;2.69;2.57;2.47;2.4;2.33;2.45;2.48;2.52;2.44;2.41;2.15;2.91;3.06;3.03;2.91;3.02;2.96;2.9;2.9;2.87;3.06;3.2;3.24;2.92;2.82;3.07;3.13;2.98;3.0;3.06;2.88;3.1;3.09;2.9;3.05;2.79;2.94;3.04;3.16;2.81;2.94;2.86;2.53;2.62;2.64;2.65;2.8;2.81;2.99;2.81;2.78;3.04;3.15;3.07;3.16;3.14;3.51;3.37;2.86;3.11;3.22;3.2;3.06;3.03;3.0;3.07;2.97;2.98;3.05;3.0;3.13;3.16;3.14;3.22;3.09;3.03;2.76;2.73;2.62;2.6;2.54;2.52;2.4;2.5;2.55;2.41;2.36;2.53;2.4;2.97;2.9;2.87;2.84;2.98;3.0;2.9;2.94;2.78;2.56;2.48;2.34;2.44;2.34;2.37;2.59;2.62;2.69;3.1
copper;0.38;0.5;0.48;0.49;0.48;0.46;0.45;0.49;0.47;0.46;0.55;0.54;0.56;0.59;0.59;0.68;0.69;0.66;0.66;0.67;0.64;0.64;0.62;0.6;0.61;0.67;0.51;0.5;0.49;0.44;0.41;0.4;0.36;0.34;0.34;0.35;0.51;0.51;0.53;0.51;0.48;0.46;0.46;0.45;0.43;0.43;0.5;0.48;0.43;0.42;0.43;0.56;0.5;0.52;0.56;0.53;0.53;0.52;0.5;0.45;0.49;0.47;0.46;0.4;0.39;0.4;0.36;0.33;0.34;0.48;0.45;0.45;0.47;0.45;0.48;0.5;0.48;0.46;0.45;0.46;0.48;0.46;0.48;0.46;0.48;0.46;0.49;0.47;0.49;0.49;0.5;0.47;0.47;0.49;0.48;0.51;0.51;0.5;0.49
cotton cloth;0.45;0.43;0.4;0.41;0.38;0.46;0.54;0.54;0.48;0.49;0.51;0.47;0.52;0.52;0.53;0.53;0.5;0.47;0.52;0.51;0.48;0.48;0.47;0.46;0.42;0.54;0.54;0.54;0.52;0.49;0.47;0.47;0.52;0.55;0.47;0.46;0.45;0.48;0.47;0.45;0.42;0.38;0.37;0.35;0.35;0.38;0.36;0.36;0.37;0.36;0.35;0.34;0.32;0.29;0.27;0.47;0.5;0.55;0.52;0.52;0.54;0.57;0.57;0.55;0.57;0.52;0.5;0.54;0.56;0.57;0.58;0.6;0.64;0.63;0.6;0.63;0.62;0.62;0.43;0.42;0.4;0.41;0.4;0.42;0.41;0.42;0.43;0.41;0.41;0.43;0.44;0.44;0.44;0.45;0.47;0.48;0.47;0.43;0.45;0.46;0.45;0.44;0.44;0.46;0.45;0.46;0.46;0.46;0.45
flour;0.01;0.01;0.01;0.01;0.02;0.03;0.02;0.01;0.01;0.01;0.01;0.01;0.01;0.01;0.01;0.01;0.01;0.03;0.03;0.02;0.02;0.04;0.03;0.03;0.02;0.04;0.03;0.04;0.04;0.04;0.04;0.03;0.03;0.03;0.02;0.02;0.01;0.01;0.01;0.01;0.01;0.01;0.01;0.01;0.01;0.01;0.01;0.04;0.04;0.04;0.04;0.04;0.03;0.03;0.02;0.02;0.02;0.01;0.01;0.01;0.03;0.02;0.01;0.01;0.01;0.01;0.01;0.03;0.02;0.01;0.01;0.01;0.01;0.01;0.01;0.01;0.01;0.01;0.01;0.01;0.01;0.01;0.01;0.01;0.01;0.01;0.01;0.01;0.01;0.03;0.04;0.03;0.02;0.02;0.02;0.01;0.01;0.01;0.01;0.01;0.03;0.02;0.02
ginger;0.77;0.72;0.75;0.79;0.8;0.97;0.97;0.92;0.86;0.83;0.82;0.74;0.79;0.74;1.07;1.13;1.13;1.21;0.96;0.92;0.84;0.84;0.8;0.81;0.75;0.96;0.89;0.82;0.78;0.87;0.89;0.87;0.84;0.87;0.87;0.86;1.02;1.0;0.97;0.95;0.99;1.02;1.0;1.03;1.07;1.13;1.05;1.02;1.04;0.95;0.95;0.91;1.07;1.05;0.94;0.91;0.91;0.89;1.02;1.05;1.1;1.12;1.09;1.04;0.96;0.89;0.95;0.86;0.85;0.9;0.9;0.87;0.89;0.93;0.88;0.89;0.88;0.93;0.96;1.04;1.13;1.14;1.07;1.11;1.02;1.02;1.03;1.11;1.04;0.98;0.92;0.89;0.9;0.89;0.91;0.8;0.86;0.81;0.8;0.76;0.94;1.0;0.97;0.99;0.86
gold;45.17;47.37;47.41;45.11;50.2;49.55;51.39;50.57;47.9;47.99;54.5;56.27;60.37;49.01;46.92;46.55;49.89;51.84;51.79;52.38;52.69;53.67;51.49;53.08;54.42;52.34;55.09;56.03;57.45;58.19;57.96;48.94;46.06;50.08;46.51;46.66;47.42;49.78;51.58;47.98;50.08;50.38;50.69;49.46;49.88;49.36;48.52;45.44;48.02;47.16;49.89;53.54;54.0;53.92;55.83;54.21;56.15;52.74;50.95;53.67;58.49;59.02;47.5;49.69;46.87;44.25;42.54;43.05;42.79;47.23;51.06;51.23;47.39;45.0;47.99;48.28;45.84;47.66;50.39;50.0;48.45;47.7;47.19;46.0;44.11;43.81;46.44;44.08;42.24;43.19;44.29;46.73;46.37;50.26;49.12;52.77;55.1;58.09;58.05;56.44;49.21;51.66;51.01;50.7
iron;0.01;0.01;0.01;0.01;0.01;0.01;0.01;0.01;0.01;0.01;0.01;0.01;0.01;0.01;0.01;0.01;0.01;0.01;0.01;0.01;0.01;0.01;0.01;0.09;0.08;0.07;0.06;0.05;0.05;0.08;0.08;0.07;0.07;0.07;0.07;0.07;0.06;0.06;0.05;0.05;0.05;0.04;0.04;0.03;0.03;0.03;0.09;0.08;0.08;0.08;0.07;0.1;0.09;0.07;0.06;0.05;0.05;0.04;0.03;0.03;0.02;0.02;0.09;0.09;0.09;0.08;0.07;0.06;0.05;0.05;0.05;0.05;0.05;0.04;0.03;0.03;0.02;0.02;0.01;0.01;0.01;0.01;0.01;0.01;0.01;0.01;0.01;0.01;0.01;0.01;0.01;0.01;0.01;0.1;0.1;0.1;0.1;0.09;0.09;0.08;0.07;0.06;0.06;0.09;0.08;0.08;0.08;0.09
linen;6.07;6.31;6.27;6.4;6.05;4.94;5.19;4.84;4.93;4.98;5.33;5.27;4.96;4.67;5.07;5.0;5.24;5.05;5.24;5.14;5.42;5.42;5.14;5.02;5.08;4.9;5.01;4.82;5.0;4.84;4.64;4.89;5.02;5.5;5.41;5.36;5.16;5.33;5.47;5.16;5.56;6.07;6.08;6.24;6.17;6.43;6.84;7.0;7.15;6.92;5.1;4.78;5.14;4.91;4.82;4.85;4.34;4.34;4.45;4.0;4.11;3.97;3.92;3.89;3.84;3.92;3.78;4.13;4.03;4.18;4.28;3.97;3.97;3.58;3.78;3.78;3.6;3.58;3.58;4.64;4.54;4.77;4.48;4.46;4.42;4.48;4.19;4.11;3.76;3.93;3.58;3.89;3.94;4.08;4.23;4.39;4.33;4.4;4.44;4.34;4.05;4.07;4.85;4.71;4.77;4.71;4.69
one baby chicken;0.01;0.01;0.01;0.01;0.02;0.01;0.01;0.01;0.01;0.01;0.01;0.01;0.01;0.01;0.04;0.04;0.04;0.03;0.03;0.02;0.01;0.01;0.01;0.05;0.05;0.05;0.04;0.04;0.04;0.04;0.04;0.04;0.03;0.02;0.02;0.04;0.03;0.02;0.01;0.01;0.01;0.01;0.01;0.01;0.01;0.01;0.01;0.01;0.01;0.04;0.04;0.04;0.03;0.03;0.02;0.02;0.01;0.04;0.04;0.04;0.04;0.03;0.03;0.02;0.02;0.02;0.02;0.02;0.01;0.01;0.01;0.01;0.01;0.01;0.01;0.01;0.01;0.01;0.01;0.01;0.01;0.01;0.01;0.01;0.01;0.01;0.01;0.05;0.05;0.05;0.04;0.04;0.04;0.05;0.04;0.04;0.04;0.04;0.04;0.04;0.04;0.04;0.04;0.03;0.03;0.05;0.05;0.05
one baby cow;12.71;13.15;13.38;13.54;13.09;12.92;14.09;14.52;14.72;14.11;13.6;10.21;10.84;10.88;10.6;9.7;9.36;8.73;8.94;8.15;8.84;9.53;10.66;9.66;9.8;9.21;9.06;8.02;7.94;7.94;8.09;8.1;8.6;8.86;8.32;8.13;8.98;8.28;8.72;8.94;8.12;8.82;8.47;9.14;9.56;9.61;9.49;9.92;9.53;9.54;9.48;9.71;10.0;10.31;10.38;10.84;10.59;10.49;10.03;9.75;10.42;11.95;11.4;11.08;10.64;9.55;9.48;9.26;9.47;8.68;8.88;8.92;9.41;10.13;10.5;10.87;10.11;9.51;9.74;9.46;9.71;9.05;9.49;9.11;8.93;9.49;9.68;9.82;9.51;9.58;9.87;9.66;8.84;8.29;8.37;8.92;10.54;10.27;9.58;9.13;8.32;7.49;7.03;7.66;7.68;7.15;6.47;6.13
one baby goat;0.9;0.95;0.94;0.95;0.95;0.94;0.89;0.87;0.91;1.03;1.02;1.09;1.12;1.16;1.14;1.12;1.09;1.08;1.14;1.13;1.1;1.11;1.02;1.05;0.96;1.03;0.92;0.94;0.91;0.86;1.04;1.09;1.11;1.16;1.0;0.91;0.98;0.99;1.03;0.98;1.02;0.99;0.99;1.01;1.01;0.98;0.97;0.97;1.08;1.12;1.17;1.26;1.29;1.29;1.18;1.1;1.17;1.03;1.08;1.12;1.09;1.04;1.04;1.08;0.99;0.96;0.99;0.95;0.93;0.96;0.97;1.02;1.01;1.02;1.0;1.0;0.93;0.9;0.89;0.83;0.87;0.86;0.8;0.95;0.97;1.03;1.02;0.98;1.0;1.03;1.02;1.05;1.01;0.98;1.0;1.06;0.95;0.94;0.89;1.02;0.92;0.96;0.95;0.97;0.94
one baby ox;15.7;15.46;15.45;14.48;13.98;13.59;14.66;14.65;16.12;16.81;18.51;17.98;17.34;16.9;16.96;16.98;17.15;15.48;14.95;15.7;15.91;16.13;16.34;15.82;14.92;14.56;14.33;15.58;15.84;15.19;15.02;15.31;14.99;15.59;16.2;15.7;15.5;14.63;14.74;14.98;13.33;13.8;14.92;14.41;14.16;14.43;14.97;14.87;14.76;14.4;15.61;14.52;13.9;12.19;12.42;12.45;11.02;11.03;11.24;11.59;11.59;12.16;14.41;14.86;15.9;14.49;15.6;15.47;16.02;17.28;16.87;17.97;17.11;14.29;14.22;13.79;15.35;15.43;15.67;15.72;16.67;16.75;16.92;17.67;18.04;18.99;18.61;18.97;19.16;20.48;20.22;18.76;19.33;18.02;18.19;17.56;16.43;16.25;16.46;17.71;14.9;14.45;15.1;14.48;14.91;14.01;13.97;12.85;13.11;12.05;11.54
one baby pig;2.81;2.78;2.91;2.9;2.92;2.91;2.84;3.13;3.11;3.28;3.03;2.89;2.82;2.77;2.8;2.43;2.44;2.53;2.65;2.87;2.86;2.81;2.85;2.87;2.56;2.32;2.34;2.18;2.13;2.07;2.25;1.9;3.07;2.83;2.84;3.03;2.89;2.95;3.03;2.77;2.82;2.56;2.51;2.54;2.67;2.48;2.6;2.59;2.55;2.74;2.65;2.91;2.73;2.79;2.77;2.76;2.63;2.52;2.36;2.47;2.39;2.61;2.41;2.6;2.68;2.98;3.18;3.02;2.88;2.96;2.99;3.05;3.06;3.08;3.04;2.81;2.74;2.83;2.73;2.87;2.74;2.78;2.7;2.92;3.07;3.29;3.14;3.43;3.37;2.98;2.99;3.04;3.19;3.19;3.16;3.21;3.05;3.22;3.27;2.8;3.01;2.86
one baby sheep;1.82;1.75;1.77;1.72;1.76;2.1;1.99;2.01;1.89;2.0;1.97;1.91;1.81;1.76;1.9;1.97;2.11;2.17;2.12;1.99;1.82;1.87;1.99;2.02;2.14;2.35;2.42;1.92;1.9;2.18;2.3;2.35;2.6;2.69;2.56;2.24;2.35;2.34;2.49;2.32;2.38;2.31;1.92;2.07;2.08;2.05;2.02;2.15;2.21;2.15;2.11;2.25;2.22;2.14;2.11;1.89;1.74;1.79;1.84;1.93;1.85;1.81;1.78;1.82;1.91;1.89;1.91;1.89;1.76;1.71;1.87;1.91;2.01;1.9;1.83;1.95;1.89;1.77;1.79;1.83;1.97;1.94;1.95;1.95;2.06;2.03;1.94;1.82;1.96;2.1;2.05;2.0;1.86;1.76;1.8;1.69;1.61;1.49;1.34;1.26;1.32;1.4;1.47;1.51;1.46
pepper;2.13;2.16;2.17;2.11;1.98;1.98;2.02;1.91;1.82;1.84;1.99;1.83;1.94;1.94;1.99;1.93;1.91;1.83;1.95;2.19;2.26;2.53;2.55;2.63;2.01;2.11;2.18;2.03;2.26;2.3;2.21;2.24;2.39;2.29;2.37;2.24;2.01;2.07;2.05;2.1;1.83;1.84;1.89;2.1;2.13;2.2;2.17;2.1;2.14;2.26;2.28;2.31;2.24;2.18;2.23;2.17;2.15;2.12;2.18;2.01;1.82;1.79;1.93;2.01;2.08;2.04;1.98;2.02;2.08;2.03;1.98;2.04;1.9;1.67;1.81;1.82;1.83;1.76;1.96;1.87;1.9;2.01;2.0;2.08;2.01;1.96;1.91;2.06;2.23;2.24;2.14;2.3;2.26;2.5;2.21;2.21;2.23;2.2;2.19;2.19;2.25;2.22
platinum;552.95;559.13;554.63;522.18;484.9;504.46;469.69;493.67;494.6;464.55;492.97;465.18;461.96;456.92;457.05;486.32;514.97;505.52;500.02;509.34;501.85;455.11;442.05;517.22;498.58;474.79;472.2;524.69;572.17;586.14;616.02;618.42;607.59;525.18;487.62;447.02;451.21;449.75;450.28;422.95;416.28;400.34;392.87;365.84;323.29;332.73;301.03;305.04;329.42;491.01;500.25;496.95;508.53;495.54;471.11;476.87;487.71;481.02;444.75;437.44;462.62;472.18;526.88;495.29;497.9;536.08;453.77;476.9;489.94;489.29;482.58;495.92;487.9;511.53;517.93;532.95;485.71;469.62;435.65;469.67;527.4;513.69;528.25;530.95;511.78;467.32;504.31;466.04;481.68;476.86;458.01;469.92;483.63;552.8;545.84;541.96;557.61;565.33;559.01;531.39
saffron;16.11;18.89;17.89;17.47;15.02;15.22;14.96;14.12;13.65;13.91;13.15;12.87;12.83;13.89;13.45;13.25;13.23;14.14;13.5;12.79;15.82;14.52;14.73;14.58;14.28;14.89;14.06;13.53;12.57;13.35;13.69;14.37;14.52;12.85;13.24;13.76;13.24;13.44;12.67;13.57;13.81;13.44;13.74;14.19;13.12;12.79;12.59;12.19;12.05;12.92;13.07;13.47;14.65;15.29;14.52;15.86;13.39;12.76;12.05;11.9;13.86;15.1;15.95;15.35;14.72;14.46;14.75;14.45;14.89;14.53;13.96;14.68;14.31;14.76;14.28;14.15;14.92;15.4;15.68;14.98;16.58;15.57;14.77;14.54;14.78;14.07;13.04;12.95;13.0;14.98;15.89;15.73;16.39;16.23;15.85;13.96;14.6;13.4;14.73;13.73;14.05;13.67;12.74;13.09;14.12;15.19;16.01;17.05;15.96;15.66;15.8
salt;0.01;0.01;0.01;0.01;0.01;0.01;0.01;0.01;0.01;0.01;0.01;0.01;0.01;0.04;0.05;0.05;0.05;0.04;0.03;0.02;0.02;0.02;0.02;0.02;0.02;0.05;0.04;0.04;0.03;0.02;0.02;0.01;0.01;0.01;0.01;0.01;0.01;0.01;0.01;0.01;0.01;0.05;0.04;0.04;0.04;0.04;0.03;0.04;0.04;0.03;0.02;0.01;0.01;0.01;0.01;0.01;0.01;0.01;0.01;0.01;0.01;0.01;0.01;0.01;0.01;0.04;0.04;0.04;0.03;0.02;0.02;0.02;0.02;0.02;0.02;0.01;0.01;0.01;0.01;0.01;0.01;0.01;0.04;0.04;0.03;0.03;0.03;0.02;0.01;0.01;0.01;0.01;0.01;0.01;0.01;0.01;0.01;0.05;0.04;0.04;0.03;0.04;0.04
silk;10.13;10.48;10.55;11.45;11.14;10.93;11.61;11.04;11.51;10.95;11.29;11.18;11.69;12.82;12.45;12.71;12.12;13.34;13.35;13.58;12.17;9.8;9.97;9.85;9.83;10.15;10.43;10.22;9.79;10.1;9.44;9.6;8.8;8.46;8.85;8.5;8.27;7.81;10.46;10.81;11.11;10.34;10.41;10.2;9.37;9.85;10.24;10.24;10.89;10.66;10.22;9.74;9.44;9.61;9.32;9.65;9.92;9.24;9.35;9.09;8.22;7.95;7.96;8.68;8.48;8.58;8.47;8.4;8.22;8.66;9.06;8.92;9.77;10.6;10.5;9.94;9.86;9.73;9.14;8.23;8.69;8.58;9.28;9.45;10.32;10.74;10.33;11.11;10.73;10.0;9.9;9.53;9.81;10.66;10.21;9.29;9.01;8.41;10.4;10.41;10.49;10.2
silver;4.58;4.31;4.49;4.03;4.17;4.11;3.82;3.92;4.83;5.22;5.5;5.44;5.09;4.64;4.61;4.94;4.75;4.84;4.52;4.35;4.44;4.39;4.81;4.85;4.86;4.95;4.73;4.74;4.84;4.95;4.5;4.6;4.73;4.5;4.37;4.48;4.16;4.13;4.32;5.24;4.77;4.69;4.4;4.97;4.92;5.0;5.0;5.15;5.09;4.44;5.01;5.1;5.04;5.28;5.36;5.88;6.21;6.55;6.27;6.49;6.77;5.22;4.52;4.77;4.55;4.41;4.52;4.46;4.9;4.66;5.03;4.6;4.7;4.97;4.8;4.8;4.73;4.59;4.76;4.69;4.59;4.63;4.57;4.65;4.5;4.59;4.62;4.71;5.25;5.27;5.66;5.06;5.08;5.36;5.13;5.45;5.59;5.94;5.91;5.55;5.51;5.27
wheat;0.01;0.01;0.01;0.01;0.01;0.01;0.03;0.02;0.02;0.02;0.01;0.01;0.01;0.04;0.03;0.02;0.03;0.03;0.02;0.02;0.01;0.01;0.01;0.01;0.01;0.01;0.01;0.04;0.04;0.03;0.03;0.02;0.02;0.01;0.01;0.01;0.01;0.01;0.01;0.01;0.01;0.01;0.01;0.04;0.03;0.04;0.03;0.02;0.01;0.01;0.01;0.01;0.01;0.01;0.01;0.01;0.01;0.01;0.01;0.01;0.01;0.01;0.03;0.02;0.02;0.01;0.01;0.01;0.01;0.01;0.01;0.01;0.01;0.01;0.04;0.04;0.04;0.03;0.02;0.01;0.04;0.03;0.03;0.03;0.03;0.03;0.02;0.01;0.01;0.01;0.01;0.01;0.01;0.01;0.01;0.01;0.01;0.01;0.01;0.01;0.01;0.01;0.01;0.01;0.01
Amulet of the Mage;11515.46;12657.51;13226.09;12818.75;9436.54;13113.46;11337.21;10791.37;12685.87;9186.72;10799.19;12320.9;15018.74;13566.03;8834.45;8199.04;8532.81;8357.67;6526.17;8070.95;10829.57;11520.92;9358.21;7019.19;8878.51
Amulet of the Planes;121062.72;124137.59;128372.4;117442.34;126821.5;110329.45;120982.52;92991.45;122500.28;115119.25;108336.87;50049.42;58899.84;66096.45;71133.45;115250.31;135675.77;107701.43;153682.1;132765.36;80067.16;99492.44;111281.29;96909.87;80832.63;118383.1;87702.41;93033.17;91990.48;90066.84;148570.04;209376.23;168703.0;161109.59
Blade of Olympus;1153.67;1252.3;1233.41;1760.3;830.86;749.47;713.31;553.19;587.73;629.25;683.83;875.35;1324.86;1073.14;761.48;549.79;512.2;1207.86;1405.6;1710.96;853.75;745.01;731.59;495.34;971.31;634.36;1156.19;1335.08;1249.39;872.89;919.34;716.06;569.05
Boots of Striding and Springing;17693.41;13468.69;11890.37;9232.53;17149.7;20439.05;8284.02;11149.5;11644.28;12302.7;12140.43;15525.9;16468.45;9990.04;10332.11;12349.86;10781.41;12034.61;12031.18;13000.12;13672.77;11674.71;15660.16;11530.75;14021.12;13394.16;7892.18
Bottle of Common Wine;1.92;1.12;0.91;1.25;1.02;1.61;2.27;1.22;1.15;0.97;1.29;1.44;0.95;1.65;1.71
Everburning Torch;43.2;18.46;40.36;39.33;32.81;29.71;20.86;44.19;45.56;40.68;36.66;25.59;30.74;38.89;38.7;44.6;46.58;29.29;34.0;35.98;38.59;24.93;42.41
Featherfall Amulet;108.96;88.71;82.27;91.47;181.82;171.25;164.11;162.02;165.88;228.04;209.17;165.53;158.68;139.43;183.15;173.46;149.89;165.61;136.77;184.25
Flask of Eternity;144.45;139.31;185.77;180.96;217.68;177.78;185.63;229.64;148.77;186.59;202.64;127.91;168.0;200.48;193.42;164.37;188.38
Flask of Liquid Courage;56.54;36.71;50.46;53.02;48.94;52.37;49.35;56.61;57.97;40.0;55.99;64.61;59.84;72.02;48.09;50.76;41.79;34.17;31.59;27.5;29.53;72.08;49.82;47.35;45.1;61.15;53.38;70.09;61.6;79.51;50.45;36.73
Ghost Fungus (1 shroom);0.79;0.88;0.99;0.99;0.92;1.07;0.93;0.83;0.7;0.66;0.69;0.55;0.93;1.04;0.32;0.24;0.3;0.26;0.24;0.25;0.19;1.07;0.83;0.83;0.66;0.78;0.89;0.62;0.67;0.64;0.68;0.58;0.65;0.67;1.04;1.25;1.26;0.95;1.02;1.1;1.4
Lantern of Flickering Shadows;105.48;130.82;111.32;106.21;82.44;81.34;72.31;89.91;104.13;114.8;107.96;139.94;130.65;87.56;121.29;56.65;106.31;96.44;114.43;135.94;120.67;125.94;128.69;105.58;137.29;143.92;51.35;53.29;75.02;93.32;92.74;93.37;62.79;93.02;76.59;80.58
Moonstone;24.29;45.59;47.28;55.37;44.2;52.6;57.68;66.58;79.83;44.87;45.1;56.78;52.71;56.81;29.55;27.83
Musical Instrument (Accordion);42.86;30.82;26.36;25.65;26.23;17.79;42.41;51.03;58.57;42.52;49.1;45.78;45.23;42.34;35.1;38.44;67.28;91.58;31.82;50.89;44.63;55.14;25.48;33.25;34.04;41.93;46.5
Musical Instrument (Clarinet);79.04;35.48;26.86;27.68;28.82;46.68;46.18;47.53;43.9;31.6;38.26;36.31;33.29;25.98;52.7;45.53;37.21;48.57;46.99;48.65;37.56;41.91;38.96;36.27;45.77;41.6;41.14;35.76;33.01;40.71;19.93;39.53;33.1;21.32;24.09;25.62
Musical Instrument (Harmonica);2.87;3.3;2.78;4.29;2.38;2.0;3.0;2.46;3.06;2.56;3.13;4.02;4.68;2.96;3.59;3.62;3.52;3.68;2.85;2.72;2.88
Musical Instrument (Horn);2.69;2.6;2.49;3.62;2.93;3.46;4.34;5.01;4.53;2.79;3.28;2.83;1.91;1.53;2.48;3.04
Musical Instrument (Pan Flute);12.24;10.46;7.3;7.22;8.61;9.12;10.63;6.64;11.89;16.1;13.48;11.51;10.43;10.75;13.55;12.83;13.45;12.8;11.17;13.12;8.12
Musical Instrument (Piccolo);37.64;49.34;39.68;47.11;51.2;58.35;54.33;26.53;34.36;48.36;52.85;33.67;40.0;39.59;47.2;38.37;49.87;44.89;41.85
Musical Instrument (Sitar);127.76;173.06;172.22;161.69;101.79;95.53;64.6;77.38;87.93;106.05;168.58;92.04;96.03;113.43;79.64;77.62;78.76;79.26;92.8;124.02;63.54
Musical Instrument (Tambourine);0.81;0.97;0.97;0.76;0.9;0.98;0.74;1.28;0.64;0.95;1.1;0.85;0.64;0.85;0.92;0.86;0.38;0.47;0.47;0.54;0.97
Potion of Cat Agility;270.4;208.8;215.84;174.97;195.58;161.86;196.61;230.77;203.96;206.35;233.12;272.7;227.87;177.84;272.12;324.55;240.1;240.21;169.75;209.79;214.18;250.31;124.5;117.29;219.42;156.28;116.56;115.72;257.23;276.41;333.27;257.26
Potion of Endure elements;40.9;67.68;44.92;47.06;47.84;45.42;42.64;37.26;26.08;17.56;14.92;11.41;51.56;40.82;50.49;59.99;42.43;59.72;34.91;38.18;33.96;32.71;17.38;15.44;13.11;50.92;34.61;23.25;46.55
Ring of Protection;4324.81;5110.26;5690.67;6946.68;5326.03;6654.07;4543.23;5039.74;5935.58;5966.14;4099.88;5127.61;3515.21;5156.86;7339.28;8943.82;6431.87;5182.15;3867.83;7689.81;8358.46;6000.89;6167.97
Rod of Cancellation;25773.6;19049.13;12991.29;12732.34;15897.93;12451.08;15450.17;11958.47;16630.32;14636.5;18095.03;13640.0;13701.03;13924.15;17245.36;11646.44;12508.63;8719.52;19657.6;22442.64
Rod of extend metamagic (lesser);2342.8;2473.07;2726.04;2153.18;1502.34;1333.45;4032.72;3325.65;2648.62;3023.63;3417.71;2340.26;3035.18;2802.09;2017.76;2731.93;3728.57;3366.08;2982.48;3162.09;3289.19;2895.07;1934.09;1773.46;2143.74;3839.03
Satchel of Holding;174.53;198.56;127.08;113.06;115.16;109.49;213.12;196.62;217.13;197.94;220.77;182.6;163.81;153.64;167.14;193.27;206.01;185.75
Shard of the Stars;255.76;153.76;234.94;335.37;318.61;412.64;327.13;424.24;265.73;316.74;245.65;211.5;261.79;258.45;330.45;271.25;298.44;318.77;300.38;229.64;377.57;427.83;418.98;398.02;275.95;277.47;378.26;432.16;584.21;511.79
Veil of Concealment;150.66;181.41;158.57;141.97;151.78;143.46;150.08;140.37;145.13;160.73;127.65;167.6;131.47;126.01;111.7;97.07;97.22;120.88;107.42;91.53;101.09;95.17;76.83;96.36;75.33;139.93;174.09;65.28;133.81;155.72;115.34;105.01;103.42;157.11
Whispering Amulet;150.52;94.81;93.53;137.1;175.21;95.75;114.51;137.25;119.59;113.61;88.56;97.66;74.85;87.97;68.01;124.41;93.42;59.6;83.89;76.17;99.5;94.78;81.73;100.23
White Onyx;47.5;63.67;55.6;44.36;55.88;51.73;34.38;45.72;41.89;28.17;62.39;69.29;43.71;45.68;58.26;62.04;52.14;39.64;41.16;40.87;48.43
oil of bless weapon;128.06;54.51;77.55;107.89;116.26;107.53;110.75;98.46;97.04;97.15;115.33;99.71;89.43;114.1;123.65
Alchemist’s supplies;46.26;44.33;45.69;42.92;40.8;49.83;47.79;41.79;42.96;44.15;39.4;39.09;38.87;46.4;50.96;55.8;56.34;53.54;50.74;48.35;42.74;48.55;53.8;52.25;53.58;54.73;52.17;50.4;51.91;52.15;49.19;52.9;49.48;48.2;48.29;49.81;49.51;52.23;53.71;54.83;47.44;48.46;52.09;52.84;53.38;51.86;52.92;50.13;48.57;46.12;45.86;44.29;45.52;47.35;49.14;47.85;52.3;53.14;59.0;59.46;56.93;53.54;50.08;50.98;47.5;47.12;47.8;48.02;49.01;46.56;48.89;46.17;44.68;46.26;50.59;52.68;48.08;49.71;53.63;51.7;49.62;48.93;48.21;49.06;50.07;48.58;45.24;48.57;48.7;47.54;44.31;44.57;45.28;46.53;46.63;51.74;50.06;52.11;49.02
Breastplate;393.14;415.26;426.02;435.0;446.07;479.36;421.12;454.88;466.92;470.08;475.9;485.19;439.23;435.64;441.3;474.4;459.34;408.14;408.84;420.29;405.29;402.07;403.64;414.19;419.57;438.69;407.56;409.78;417.97;426.14;422.82;397.98;410.35;393.39;403.67;383.73;361.14;350.9;320.97;323.65;329.48;325.16;360.8;367.81;393.65;371.9;373.03;395.81;427.97;450.78;438.34;457.91;466.46;503.25;476.37;459.42;466.73;481.85;414.7;404.52;410.01;395.5;423.63;430.83;471.55;495.07;493.17;463.15;474.62;437.18;428.6;463.04;482.11;467.17;465.97;459.38;500.18;538.72;556.24;547.18;499.32;495.98;526.62;513.15;502.17;532.74;499.28;498.11;494.2;497.55;395.34;428.14;424.88;454.66;426.73;438.89;408.87;432.35;457.54;451.67;449.64;462.05;404.97;417.76;429.48;428.25;408.91
Greataxe;31.23;29.19;31.53;31.14;33.13;33.84;35.91;29.97;28.9;30.36;30.77;30.09;27.71;30.1;32.38;30.5;25.49;25.3;24.07;24.28;25.2;24.35;23.85;22.96;32.16;31.18;28.77;29.83;28.94;27.96;25.5;25.32;23.6;21.49;22.08;19.89;19.69;19.44;18.88;18.8;18.07;18.87;17.54;17.0;17.94;30.95;33.26;32.38;32.57;32.3;33.72;34.54;36.2;38.69;41.32;44.21;28.35;29.47;28.38;26.01;23.95;24.19;24.39;28.01;28.27;27.27;27.44;28.61;29.65;27.87;29.3;29.49;29.35;29.99;29.68;29.91;27.44;28.6;28.97;28.5;25.36;24.63;24.58;25.7;24.05;24.66;27.32;29.64;30.12;30.09;29.28;30.89;32.06;32.59;35.09;32.91;32.37;32.57;32.12;31.98;33.69
Magnifying glass;100.6;98.97;99.29;105.36;103.38;97.76;103.28;93.66;98.73;102.32;99.43;93.39;92.71;90.8;88.67;93.58;94.93;91.08;87.31;86.45;92.4;90.88;89.17;89.89;101.74;105.27;104.22;105.44;104.65;103.04;106.26;95.28;94.13;100.63;100.82;94.78;100.69;95.82;85.83;82.76;78.86;76.21;84.11;80.77;82.4;88.25;94.39;91.72;90.59;96.77;96.73;98.15;100.37;104.11;98.88;95.13;97.09;106.74;106.44;111.38;103.11;100.49;103.37;106.91;110.47;109.61;113.96;88.33;101.16;96.7;95.67;98.13;96.08;94.15;94.19;89.01;88.1;84.43;84.98;80.12;80.06;89.06;92.64;86.96;84.83;97.8;96.59;104.08;101.87;96.6;104.51;109.8;124.73;93.39;107.51;101.23;92.9;96.53;85.17;95.73;97.35;99.92;98.87;106.48
Arcane Scroll (Detect Undead);27.68;26.83;23.57;28.29;21.41;35.27;43.08;65.19;68.91;21.82;31.31;31.13;40.11;48.18;30.45;40.83;25.87
Bag of Chestnuts;0.95;0.97;1.32;1.52;1.13;0.81;1.02;1.29;0.82;0.64;0.76;0.82;0.9;0.89;1.11;1.03;0.88;0.71;0.9;0.73;0.48;1.21;1.59;1.3;1.55;1.85;2.17;1.64;1.25;1.11;1.16;0.86;0.93;1.07;1.14;1.15
Bracers of Defense;9555.36;10981.93;5317.81;7115.08;6989.53;8227.51;8141.7;7593.18;7733.94;6629.24;6905.99;5555.4;6395.26;9350.24;10217.65;8407.89;10618.71;8390.17;6336.21;7050.63;10242.6;8321.8;9122.66;8853.59;6850.18;7905.1;8038.5;7243.95;7502.41;8926.15;9409.62;8927.41;9322.85
Buckler;4314.48;7787.36;8740.49;10124.52;8508.06;7929.1;8702.1;7405.13;9052.3;8626.02;11628.22;11193.7;10784.4;8617.67;8345.5;7128.71;6771.6;10005.62;8098.73;6728.96;12785.63
Cape of the Mountebank;15003.21;17161.1;19289.84;27567.96;22241.81;26302.17;12894.84;12084.49;18020.37;21427.19;14934.01;14617.32;17068.89;21120.68;16203.06;17520.75;13418.59;21389.74;22382.56;18168.87;16345.17;10397.45;23074.29;14955.89;14615.51;22577.71
Dagger of Venom;8485.05;9079.28;5196.22;5005.76;6773.34;8113.01;8536.59;6364.73;6207.42;2417.41;1868.8;3109.44;3131.14;2362.37;5582.25;7973.41;7799.99;8771.5;7541.76;3736.96;3923.27;3226.69;4015.81;5241.86;5853.06;5518.85;5104.11;5919.8;5388.53;9595.3;7427.7;8164.82;8830.83;9684.68
Gloves of Dexterity;4824.39;4597.41;4514.38;3941.8;4441.05;3476.83;3622.94;4383.6;3515.83;3688.18;5320.09;6679.56;4667.17;4347.55;4292.22
Hematite;8.32;12.05;10.72;11.79;10.83;9.22;11.88;7.54;7.82;8.14;5.86;8.89;7.9
Mirror of Reflection;90.38;95.87;120.03;145.47;78.09;118.77;109.65;161.41;152.57;177.39;126.28;136.77;80.71;112.71;86.53;127.03;137.9;139.04;117.23;126.5;98.67;104.66;98.74;79.4;90.96;115.85;117.41
Musical Instrument (Bagpipes);25.46;19.02;35.1;26.28;29.35;27.2;25.65;19.51;20.23;11.95;10.91;23.88;19.07;23.81;21.84;25.8;25.52;30.01;33.19;25.41;25.41;19.04;19.22;27.06;27.77;21.24;27.06
Musical Instrument (Bassoon);148.79;160.29;151.62;129.76;132.19;100.69;193.95;165.7;105.59;107.77;128.11;173.36;179.4;239.4;303.33;316.44;165.27;206.47;192.34;205.94;121.14;158.95;184.07;141.3;157.56;172.28;129.69;119.36;133.24;128.76
Musical Instrument (Didgeridoo);28.46;28.01;34.96;39.03;33.26;28.37;30.18;23.56;22.77;18.33;18.15;27.89;33.79;37.18;29.91;19.96;26.63;28.17;28.75;17.7;15.94;28.98;33.71
Onyx Goblet;23.89;21.31;26.82;37.76;52.09;24.09;27.74;20.64;22.66;22.54;34.62;31.92;12.91;29.97;37.5;17.94;21.91;26.79;30.83;30.48;38.24;29.37;32.9;24.75;22.24;37.53;27.56;35.62
Rod of Absorption;31710.68;35408.2;27238.03;29827.31;35884.69;32451.15;31066.23;15854.04;18134.74;19516.02;18759.67;18395.15;18095.38;29092.32;21596.11;18839.34;17953.12;29204.56;17455.47;15345.88;16847.66;10131.39;7779.5;29994.43
Staff of Healing (25 of 50 charges);15156.46;11186.99;11692.68;15650.55;8665.2;12841.86;14780.62;17289.27;18239.75;15638.43;20931.01;14685.95;15083.54;8854.51;7122.88;6406.01;6915.01;5646.48;5360.98;5672.23;16252.03;18226.23;13749.38;14361.19;10256.37;10093.53;12391.02;9334.24;6550.55;5433.58;17461.56;11496.09;12038.41;12647.38;14048.53;12494.32;13041.45;12330.6;10814.84;13934.94;14022.24;17806.56;15037.78
Staff of Power;29567.74;49614.68;68574.37;41982.66;52018.95;55254.04;54363.35;52969.27;56463.58;76580.39;62056.16;82304.34;78453.64;69436.22;83071.46;46091.34;39939.07;27545.95;36673.9;65382.67;50319.03;50780.09;39597.57;58100.11;55233.49;36401.31;36363.47;51705.21;37722.13
Trinket of Elemental Control;149.16;172.42;179.18;133.88;101.75;153.09;146.63;147.75;143.02;156.37;179.48;197.18;96.93;173.16;278.44;141.44;122.21;177.13;164.05;147.12;153.86;131.13;132.51
Yellow Topaz;316.2;337.28;370.14;384.05;469.32;434.01;662.91;527.26;599.74;468.57;486.68;415.79
Chain mail;63.25;60.59;61.98;74.22;72.47;79.03;74.03;73.19;75.36;74.18;68.99;67.91;73.03;74.19;71.97;77.54;83.04;84.9;91.91;94.3;93.98;88.18;85.17;94.45;95.22;97.87;108.67;119.19;103.87;118.32;116.71;116.57;75.17;76.37;74.42;74.52;68.76;74.89;72.52;73.58;81.98;85.73;92.55;90.84;96.61;93.14;99.23;92.89;94.21;72.59;68.05;67.44;64.87;57.45;56.3;59.44;56.67;59.21;55.17;55.85;81.73;81.7;83.06;75.76;69.37;65.48;63.32;63.09;61.54;60.47;73.81;76.33;74.02;70.08;66.68;67.26;66.52;65.87;75.64;76.15;81.66;80.06;83.78;77.79;79.99;84.53;86.51;85.09;93.96;83.44;80.01;79.22;78.5;76.63;76.94;78.86;78.3;80.45;78.71;74.28;70.52;64.43;62.14;65.25;61.73;62.92
Shovel;1.97;1.86;1.88;2.0;1.98;2.05;2.05;2.16;2.03;2.13;2.07;2.15;2.15;2.04;2.06;1.98;1.8;1.76;1.86;1.84;1.71;1.74;1.82;1.81;1.7;1.73;1.83;1.74;2.1;2.01;1.94;1.84;1.7;1.54;2.08;2.11;2.22;2.22;2.21;2.11;2.08;2.18;1.94;2.08;2.21;2.19;1.96;1.97;1.92;1.7;1.66;1.65;1.54;1.45;1.3;1.32;1.27;1.26;1.16;1.06;1.85;2.02;2.11;1.89;1.78;1.88;1.88;1.97;1.93;2.02;1.99;2.05;2.12;2.07;2.19;2.21;2.27;2.02;1.94;2.04;2.0;1.91;1.88;1.81;1.89;1.79;1.86;1.89;2.01;1.97;2.02;2.16;2.08;2.13;2.06;2.05;1.98;2.08;1.91;1.83;1.88
Tent, two-person;2.09;1.98;2.05;1.78;1.66;1.66;1.95;1.9;1.81;1.96;2.05;2.01;2.17;1.88;1.97;2.07;2.03;2.14;1.83;1.74;1.73;1.72;1.79;1.69;1.81;1.85;1.96;1.85;1.94;2.07;2.13;2.07;2.0;1.95;2.01;1.96;1.97;1.87;1.83;1.85;2.06;2.16;2.19;2.4;2.1;2.09;2.13;1.96;2.06;2.04;2.28;1.92;1.83;1.89;2.02;2.19;2.26;2.25;1.9;1.76;1.75;1.56;1.51;1.46;1.48;1.52;1.52;1.45;1.37;1.35;1.36;1.42;1.45;1.39;1.4;1.26;1.23;1.28;2.14;2.01;2.02;1.96;2.0;2.07;2.2;1.94;1.96;1.95;2.19;2.27;2.31;1.9;2.07;2.07;2.01;2.2;2.29;2.37;2.13;2.09;2.03;1.99
Arcane Scroll;26.49;38.04;24.16;20.54;25.94;20.38;124.96;131.76;139.83;139.79;33.84;39.27;31.99;29.21;105.41;82.98;24.9;22.76;19.55;24.09;26.84;21.02;142.11;138.93;130.46;18.94;21.37;14.56;18.81;18.8;18.74;15.24;134.88;30.01;30.4;163.05;35.12
Ashes of Al'ar;15260.8;15002.34;15724.54;14737.74;18674.45;20768.59;15457.03;17912.34;17552.93;16028.45;18914.89;19822.26;13867.96;8122.14;9562.27;19521.57;17479.34;12534.77;17155.98;16977.03;17137.08;16056.96
Mirage Cloak;140.58;114.72;123.04;183.24;259.28;237.34;205.09;143.9;134.63;92.1;63.61;102.27;92.45;55.44;51.36;213.04;252.08;139.79;126.94;231.49;186.9;213.18;257.76
Musical Instrument (Trumpet);21.11;32.17;21.14;26.12;33.33;28.2;20.39;27.42;18.87;24.37;30.43;36.44;25.3;19.04;23.64;27.98;27.18;21.97;27.36;32.93;25.22;26.54;27.48;28.33;27.88;23.84;24.12;21.72;23.87
Potion of shield of faith;905.05;814.4;1116.66;877.63;996.6;972.77;1017.42;901.4;804.09;1400.51;1034.17;1222.0;1338.77;1404.73;668.72;589.86;1105.68;1137.98;696.02
Rod of Flame Extinguishing;15887.77;17691.2;17422.97;16814.74;8770.54;16431.56;17378.34;16361.6;9885.96;12716.04;12794.36;18364.54;11126.65;10983.51;16109.1;9627.44;9158.76;8100.53;14642.48;17113.42;10729.28
Small Cask of Tobacco;1.86;1.66;1.76;2.16;2.18;1.69;2.26;1.7;1.94;1.9;1.71;1.73;1.68;2.43;3.2;2.16;2.27;1.67;1.62;2.23;2.08;2.32
45 Gallons of ale;7.86;8.83;8.97;6.02;5.36;3.26;6.72;7.92;10.48;8.27;7.61;6.21;6.92;8.11
Amulet of Health (+4);14892.48;13656.75;11135.33;13663.54;12592.44;12446.65;14238.83;11000.68;12475.44;10455.96;13510.98;15755.99;22419.05;18597.77;15291.9;11707.93;15231.56;19687.84;14938.04;18291.6;16940.16;15532.14;12744.35;18203.24;15989.62;14587.38;9345.99;9243.31;7113.71;6733.9;11824.95;16191.93;15340.84;16698.5;19613.33;22241.65;16957.54
Elixer of Truth;901.93;651.84;586.21;646.14;897.29;749.14;762.12;798.8;672.58;694.56;608.15;828.17;876.66;1054.92;908.97;812.02;799.66;554.86;450.95;398.13;1022.02;696.15;818.46;595.49;848.01;896.49;727.05
Elixer of swimming;225.3;257.05;245.59;244.67;241.59;328.8;370.9;374.67;343.63;340.17;220.23;189.49;252.89;360.51;384.21;425.72;352.62;297.58;258.67;269.65;226.12;294.86;251.93;279.69;207.54;200.02;149.7;127.84;144.9;309.57;261.35;263.92;284.31;235.95;218.42;235.3;284.37;210.71;258.19;297.42;160.85;123.23;68.92
Enigmatic Puzzle Box;155.45;112.08;105.29;216.97;167.44;155.45;191.27;212.94;154.08;149.93;138.21;163.14;145.07;147.71;231.18;245.62;254.79;272.13;222.84;236.26;175.76;216.49;101.18;151.84;229.75;142.2;144.39;193.02
Feathered Quill of Endless Ink;23.68;21.77;25.07;18.07;18.11;20.44;23.29;28.73;23.32;22.62;25.7;19.68;17.26
Musical Instrument (Cymbals);2.25;2.11;2.1;1.92;2.71;3.16;3.96;4.81;2.04;1.96;2.49;2.01;1.48;1.06;1.79;2.44;2.08;1.72;3.01;3.21;3.39;3.12;3.83;3.6
Musical Instrument (Drum);2.78;3.34;2.18;2.05;2.32;2.16;3.65;2.38;2.27;3.74;3.71;2.88;3.42;2.57;3.36;2.1;2.49;2.78;3.14;3.53;3.81;3.39;3.1;3.82;3.54;3.31;3.78;2.67
Musical Instrument (Xylophone);12.95;9.44;10.56;6.76;8.78;10.76;10.58;12.44;6.37;5.2;5.16;5.25;7.33;7.17;8.51;6.47;7.95;8.78;9.33;10.11;14.17;12.36;8.72;8.52;6.58;11.57
Ring of Resilience;10409.67;5172.65;5871.01;9773.94;6226.14;6824.71;8655.05;8964.42;8320.64;9311.18;6869.49;5195.74
Satin Robe;223.11;187.47;193.55;287.51;451.04;246.3;257.31;182.29;128.66;207.13;234.32;201.97;201.03;269.85;275.12;236.62;233.07;202.63;200.85;243.32;247.45;301.1
Spined Shield;6556.53;5482.72;4856.44;6253.98;6306.01;6628.35;4986.95;3768.91;3440.04;3779.93;6216.11;5224.02;5343.17
Amulet of Vitality;17528.28;11948.04;17373.28;21179.06;15065.94;12538.46;13343.66;14212.59;9062.01;9633.05;18327.21;20697.36;15974.96;16038.02;12778.51;14426.98;11115.24;13884.59;16006.27;17618.38;10538.6;10904.59
Bottle of Brandywine;3.19;3.06;5.26;3.67;4.49;4.6;5.61;2.45;5.34;5.95;4.65;4.99;6.07;4.88;3.48;5.15
Chalice of Dreamweaving;123.77;232.54;142.21;147.61;116.42;144.8;194.15;247.6;229.04;143.58;296.06;438.47;210.59;216.29;206.54;186.48;132.29;148.74;175.87;267.48;327.7;328.34;248.11;221.1;196.99;235.57;242.82;197.39;288.23;374.26;254.51;180.97
Cursed Coin Purse;45.8;59.78;42.49;49.73;56.63;52.32;48.37;53.02;46.91;57.29;60.7;36.85;36.07;45.81;44.42;56.04;62.38;64.8;56.63;42.67
Dancing Flame Lantern;24.01;26.51;32.67;44.51;26.99;35.87;18.4;37.98;37.52;27.47;25.09;29.93;25.28;21.71;21.45;25.18;30.28;26.69;36.52;31.68;40.74;51.43;61.67;32.33;26.45
Goggles of Night;15250.03;10418.2;12119.41;10323.98;11516.0;11335.17;17550.02;16803.91;16878.17;17944.54;10197.85;8414.74;5887.79;14508.33;13149.09;14201.7;15031.23;12690.85
Holy Arrow;9.91;7.92;13.1;16.4;19.42;10.18;10.4;14.26;13.68;16.85;14.62;13.58;9.05;11.29;10.09;5.47;13.55;12.14;15.26;7.56
Musical Instrument (Baglamas);18.59;21.85;23.14;32.02;23.94;23.35;16.77;24.12;15.74;15.5;21.25;19.85;18.84;24.03;21.39;19.15;16.87;24.55;24.38;21.67;18.58;17.37;19.75
Musical Instrument (Tabla);59.33;72.17;90.89;100.02;96.55;90.45;99.83;110.9;99.81;128.69;102.14;91.99;64.06;72.05;75.62;61.84;71.6;82.88;64.68;79.43;82.39;69.34;31.38;31.0
Musical Instrument (Triangle);1.29;1.11;1.18;0.99;1.61;1.05;0.93;1.03;1.02;1.44;1.19;0.85;0.76;1.08;1.42;1.04;1.28;0.76;0.7;0.57;0.82;0.92;0.87
Potion of Blur;347.7;247.64;303.99;253.73;334.93;358.84;332.02;252.08;318.75;245.86;274.12;205.67;153.77;141.01;161.76;117.43;139.44;137.93;287.66;334.0;340.29
Potion of Jump;49.43;50.31;38.07;34.52;32.47;43.42;48.73;54.58;37.15;34.33;36.1;38.58;46.62;38.67;37.08;70.89;51.89;53.62;27.47;23.21;12.8;42.43;35.49;33.9;33.34;34.9;36.88;34.02;33.52
Potion of Mage armor;54.6;60.18;61.23;68.11;49.63;80.11;74.9;72.93;74.28;71.11;58.58;29.19;30.01;43.12;55.67;53.43;53.66;63.59;41.87;41.52;51.79;56.85;62.6;33.96
Scroll of Fireball;1021.72;1058.81;919.48;819.05;542.47;804.96;960.31;1272.61;1450.32;1876.5;1956.38;2147.87;789.25;894.73;1203.49;1047.56;1294.71;1359.75;1014.07;1173.13;788.35;605.34;1179.77;1001.39;638.57;1048.24;874.26;1183.72
yellow Quartz;46.99;31.71;31.79;52.98;44.42;38.9;46.94;38.13;51.16;60.89;23.33;59.14;57.67;71.38
Bastard Sword;53487.18;48444.46;56468.81;50755.35;70395.92;50438.45;43476.22;46665.41;53058.64;46914.61;49138.16;52458.79;43961.42;36597.85;42972.3;44824.24;64543.95;58972.56;61382.06;72644.29;80456.3;80184.73
Cloak of Invisibility;56529.84;61629.25;58328.6;61514.62;65590.79;44459.93;63668.5;57304.97;54819.3;38224.49;36389.48;21842.12;53434.26;39616.41;42432.83;53306.1;52139.47;48177.27;52332.3;57040.86;40843.21;48092.12;33252.46;45988.66;55648.16;43772.22
Crystal Orb of Fortune Telling;64.79;56.11;73.66;62.47;69.23;63.51;37.03;43.35;27.4;22.07;45.85;55.38;47.12;43.45;59.42;64.07;56.11;36.26;58.7;50.53;58.9;64.17;47.77;54.32;48.63;49.87;64.56;71.7;75.65;80.9;68.79;46.13;46.03
Mask of Illusion;90.26;98.69;104.08;91.54;63.37;87.23;108.54;80.97;73.69;76.81;56.49;76.62;69.84;74.4;82.35;56.24;62.54;62.91;82.67;81.33;101.95;85.44;98.31;101.89;76.82;85.98;64.19;62.08;66.36;91.99;93.64
Musical Instrument (Banjo);33.51;30.74;36.37;40.92;41.63;33.12;32.74;45.08;48.95;40.51;36.79;52.95;54.16;57.62;51.4;49.0;35.84
Musical Instrument (Flugelhorn);78.29;65.95;56.07;66.36;72.01;92.54;64.17;89.71;116.32;124.82;115.5;124.17;84.41;86.61;127.23;75.64;79.25;73.86;46.17;89.69;93.7;91.63;52.48;30.42
Musical Instrument (Oboe);60.72;46.22;52.62;51.2;50.41;41.7;38.57;64.35;88.53;60.93;73.8;80.65;65.41;67.0;73.75;82.99;106.43;106.12;136.4;48.28;28.85;41.47;26.08
Potion of Invisibility;341.73;351.99;484.64;307.4;212.85;221.08;229.39;222.8;276.96;359.07;356.88;321.25;338.59;166.7;315.85;292.78;275.56;252.86;273.34;402.0;413.09;384.88;219.92;302.14
Ring of Kalecgos;12911.35;16793.22;10493.5;16764.21;14780.17;15272.06;19030.34;14977.53;16350.4;18776.4;18759.33;25011.84;22547.04;16650.1;10624.92;14192.29;13874.86;13210.54;12584.35
Ring of Keys;2534.4;2067.57;2879.24;3135.57;2314.73;1251.48;1468.11;1183.85;621.67;3491.39;2235.33;4063.32;4142.91;3475.4;2366.41;1519.86;3114.79;3587.55;3533.0;3068.68;3822.15;3537.07;3860.02;3657.89;3227.65;4020.89;4780.03;3422.96;1972.44
Ring of the Ram (26 of 50 charges);3254.49;4765.06;4720.67;4181.61;4242.91;5088.57;5136.6;4036.63;4936.98;5740.4;6334.11;4613.16;4272.12;4554.9;4754.66;6169.01;5199.31;5579.08;3718.85;4102.0;4956.37;6993.73;5666.53;5525.88;5240.64
Rod of the Viper;12385.91;11103.93;25067.81;34490.67;21022.05;22467.14;25634.34;21957.77;23387.13;30176.83;24269.35;21908.85;13929.81;27491.92;20144.83;16618.29;21022.04;24317.08
Sack of Apples;4.93;6.44;6.36;5.77;6.79;5.04;4.96;5.26;4.29;5.61;4.92;5.5;6.37;6.32;6.08;4.2;6.22;6.81;6.69;3.86;3.96;3.4;2.87
Wand of Neutralize Poison;7520.19;7543.58;5629.89;5083.72;5684.33;4025.91;4944.67;4746.16;4654.16;2946.29;2919.05;3222.44;3775.89;4313.9;4467.23;5765.34;4151.96;3177.11;4691.97;5864.31;5867.72;5062.13;3596.49;3388.52;3154.22;3524.13;5976.09;7738.28
Arcane Scroll (sleep);28.91;37.26;34.07;37.78;29.95;29.46;40.19;25.19;23.82;18.64;17.12;25.13;25.32;26.29;26.49;26.79;16.99;15.67;21.14;17.69;17.06;16.25;26.23;26.16;30.54;27.7
Dust of Disappearance;3173.73;4596.68;5125.67;6396.69;3857.29;1722.12;1596.56;4093.8;3476.56;2914.92;2680.76;3178.9;3133.92;3158.15;2652.22;2870.2;2836.15;3016.49;1890.86;3091.81;2998.33;2485.01;3105.73;2638.95;2051.72;2637.09;2585.21;2956.95;2714.77
Echoing Conch Shell;68.11;75.93;64.54;66.72;55.47;56.97;60.86;60.29;54.59;47.31;63.58;43.83;48.04;80.77;69.09;65.88;49.85;51.9;62.4;61.52;74.55
Musical Instrument (Balalaika);44.76;39.02;37.24;37.26;32.44;45.6;52.44;65.52;42.37;40.21;36.11
Musical Instrument (Flute);2.03;2.33;1.77;2.45;2.62;2.5;2.28;2.48;1.7;2.01;2.07;1.61;1.47;1.96;2.4;2.42;2.45;2.21;2.02;2.22;2.24;2.72;2.23;2.14
Musical Instrument (Saxophone);95.52;82.82;87.21;43.84;37.01;43.99;49.01;73.3;58.58;67.63;68.64;67.37;122.98;152.83;115.04;71.66;61.47;111.05;131.85;104.69;104.67;91.97;81.96;90.0
Musical Instrument (Ukulele);15.16;14.36;11.75;18.7;18.36;22.56;16.66;13.88;15.15;17.72;21.45;9.88;17.56;18.5;19.72;10.6;10.29;18.4
Potion of Darkvision;294.91;271.64;311.27;265.45;206.15;265.22;360.35;403.66;460.62;550.26;197.61;295.49;354.91;304.04;277.49;249.73;248.29;339.25;236.9;287.73;271.16;288.52;307.98;196.38;397.93;275.41;387.97;324.21;284.09;331.58;277.9;275.49;198.0
Potion of Giant Strength;302.77;238.09;211.69;193.41;286.9;278.79;299.11;347.67;424.16;393.36;241.25;322.34;244.44;289.49;296.93;332.24;311.28;300.11;176.36;240.52;280.09;245.04;293.42
Ring ofsell Turning;89896.49;120454.84;152796.12;128445.97;114954.37;116902.13;100172.99;87552.31;85835.23;100702.72;104067.2;129389.73;143177.38;117071.34;79526.13;120020.67;108215.04;106261.33;131534.11;146737.63;76808.88;59221.24;51244.54;42530.93;83996.21;104971.04
Siangham (Small);58358.91;47722.81;73598.92;45840.36;56289.65;43565.06;20588.32;59872.92;62145.65;58449.89;53276.42;47107.33;49287.03;50363.73;56200.2;54416.63;53439.27;42632.82;45364.93
Wand of Acid Arrow (12 of 50 charges);649.49;909.53;961.25;854.95;863.04;1218.36;1969.52;1670.36;837.01;844.91;902.43;889.62;1057.1;1048.88;999.44;1187.0;1201.64;950.81;1163.22;1274.9;1224.98;1302.02;994.03;1283.39
Bottle of Fine Wine;6.36;6.14;11.57;4.84;4.48;6.1;5.64;7.31;8.42;7.07;8.46;7.41;9.89;4.05;3.55;10.36;9.64;13.48;18.33;17.86;17.1;20.67;22.47;16.95;6.2;5.99;7.03;9.89;7.47;8.35;9.1;9.44;8.85;10.25
Crystal Eye Pendant;181.36;187.18;202.97;286.85;114.57;122.11;201.75;247.87;134.85;105.56;111.32;139.93;158.93;175.89;119.99;151.46;136.66;189.41;165.77;156.36;148.86;155.72;121.85;153.79;196.24;168.47;218.46;220.21;196.67;119.24;122.68
Light Catapult;432.83;424.72;546.15;515.11;654.76;604.07;536.09;742.03;935.85;553.36;672.09;652.51;731.1;587.82;552.58;591.48;519.12;741.59;496.75;443.76;525.57;644.02;593.89;634.53;509.06;606.31;650.09;542.37
Mask of Deception;65.8;71.38;64.04;93.46;80.67;78.49;92.78;96.48;84.55;85.5;66.55;102.81;121.2;84.29;90.75;73.24;64.93;104.03;82.67;77.49;71.95;70.54;70.16;88.06;84.11;68.08;51.27;51.62;44.21;39.25
Mask of the Veil;85.33;65.41;89.01;107.87;109.43;69.53;73.7;66.12;62.06;24.16;17.37;20.42;15.26;13.79;103.38;101.74;84.36
Musical Instrument (Tuba);208.24;222.46;253.07;317.21;294.43;209.02;270.93;193.27;199.0;116.38;99.54;115.48;112.11;104.36;83.79;65.4;153.89;166.02;208.47;124.61;168.52;147.14;119.78
Potion of Cure Light Wounds;52.07;56.55;29.91;59.01;52.32;46.76;55.75;54.27;62.01;53.49;58.56;59.37;70.07;41.96;45.05;60.49;51.64
Potion of Remove Fear;44.4;35.84;43.61;41.57;42.96;39.23;26.31;30.62;56.83;69.05;53.63;61.41;67.7;59.23;52.76;57.33;53.3;53.72;50.9;47.11;50.56;62.0;33.52;57.05;49.17;56.13;52.39;45.08
Rune-etched Gauntlets;173.3;118.99;168.46;151.93;178.35;162.19;196.56;155.08;185.66;162.38;150.86;173.34;194.82;169.53;185.92;125.44;203.57;193.84;224.31;208.6;205.24;227.83;207.86;191.87
Saronite Bar;181.1;156.55;174.26;175.94;142.86;153.92;192.59;228.6;267.86;242.59;241.92;372.61;204.16;207.44;161.73;157.42;243.89;275.4
Staff of Abjuration (16 of 50 charges);19591.75;18327.75;20783.24;14523.68;17813.9;19098.76;22120.38;26415.27;28959.83;18674.95;21422.38;16504.07;22450.58;14908.63;25400.2;19533.42;19211.41;16669.6;20354.49;12062.1;8224.54;8315.21;20695.35;28252.87;21495.94;23143.96
Whispering Blade;106.5;71.77;122.59;128.26;96.54;137.4;85.87;71.96;110.5;76.63;71.74;72.53;136.65;88.35;106.99;78.85;185.24;165.97
Amulet of Serenity;129.15;104.38;119.56;121.42;107.8;147.69;162.84;93.76;56.02;136.64;134.22;99.21;162.15;153.62;118.69;118.91;116.22;154.74;131.82;145.09;122.89;136.9;180.3;177.04;93.81;157.45;175.81
Celestial Compass;157.24;165.02;130.16;133.23;162.45;191.4;100.31;113.29;98.74;95.69;87.33;83.56;72.56;118.14;105.63;92.92;99.72
Elixir of Transformation;215.85;246.32;282.11;216.7;219.03;202.04;228.71;236.37;150.21;162.72;135.86;135.52;173.22;224.38;249.18;289.41;397.11;363.06;492.13;359.48;364.3;276.7;188.3;124.49;127.77;308.73;287.95;248.37;225.92;181.84
Musical Instrument (Koto);166.21;188.17;178.55;196.43;118.87;112.69;58.26;65.16;152.0;156.77;229.63;211.83;306.58;149.07;197.16;210.23;119.58;110.13;118.71;150.23;177.42;128.86;176.69
Red Garnet;132.67;137.32;109.36;118.55;102.26;132.74;94.61;79.03;96.32;73.77;69.81;66.28;64.12;153.8;160.3;114.29;101.96;79.29;70.29
Headband of Intellect (+6);35888.62;54057.73;53667.08;69734.8;33521.93;40381.51;42657.12;38679.68;48675.66;32208.55;32330.32;42845.97;45892.78;64088.6;46364.51;43740.73;43734.12;41767.12;23134.98;28781.37;37075.61
Jade set of Animal figurines;290.35;213.96;194.42;213.97;217.91;314.28;248.4;245.17;189.19;303.08;329.32;362.01;318.17;215.36;195.88;250.85;253.96;247.66;281.17;337.22;295.19;360.15;456.52;258.8;155.66;163.55;192.69;198.51
Arcane Scroll (Invisibility);156.12;176.92;150.52;98.95;94.82;137.08;189.32;162.91;196.75;164.35;139.44;174.26;187.72;217.35;148.88;178.08;167.82;128.91;141.37;123.95;146.56;134.22;173.28;147.97;197.15;191.49;145.75;179.11;189.03;215.57
Azurite;10.58;12.44;11.64;11.82;12.16;10.26;10.74;11.68;12.59;15.02;15.5;10.54;9.81;11.06;13.65;8.63;12.78;14.93;16.34;13.38;13.47;19.62;11.12;10.25;12.87;14.08;14.64;11.56
Blue Diamond;5244.62;4806.34;3651.83;4381.54;4453.94;4594.66;7045.52;10086.96;6509.57;5522.16;6505.48;8049.48;13447.74;5042.99;5303.1;4216.36;4115.57;5206.1;6132.48;4499.85;4043.13;5252.67;4085.87
Echo Stone;68.82;65.0;81.56;79.14;89.04;94.74;101.29;62.64;42.77;40.21;53.53;78.17;66.88;63.93;59.56;35.83;83.62
Large Iron Box;1.61;2.09;2.09;2.04;1.61;1.93;1.7;1.73;2.76;2.43;2.32;2.24;2.52;1.6;1.19;2.4;1.92;2.04;1.74;1.48;2.41;1.99;2.3;1.37;0.97;0.86;1.72
Musical Instrument (Concertina);61.63;49.56;51.29;50.53;34.71;54.6;59.68;54.9;48.27;42.0;31.6;44.49;34.97;41.41;42.45;37.29;42.67;56.65;58.15;46.58;44.27;50.84;58.06;58.62;40.94;48.39;36.43;34.8;66.43;70.86;76.02;56.42
Musical Instrument (Trombone);56.21;67.27;67.73;54.53;66.01;71.71;67.7;69.76;45.22;58.47;64.16;66.42;69.13;50.99;59.02;66.35;53.6;60.8;53.64;61.51
Staff of Size Alteration;13756.88;16967.44;22838.15;24898.84;11757.13;14195.18;17563.38;19281.78;19149.98;16218.24;16170.93;21996.44;19684.94;11660.6;12606.35;14555.43;16308.22;13515.36;17084.69;12625.35;18051.55;21926.55;19126.74;17091.56;21974.48;24845.28;17503.42;12410.98;18913.41;18974.81;12844.04;13235.17
Armor Potion (Standard);82.89;91.06;90.62;89.19;80.57;76.93;54.2;45.9;50.5;48.5;80.79;120.11;105.68;93.03;94.69;101.2;91.5;77.46;83.4;87.06;90.93
Harmonic Harp;113.41;145.68;130.05;88.56;249.61;238.83;338.06;238.38;291.91;158.32;174.49;252.71;197.04;229.5;257.59;177.93;108.22;205.66;143.53;242.07;212.91;232.48;195.35;250.3;219.93;241.88;307.51;234.78;240.39;169.83;164.54;183.28;215.44
Lens of Truth;71.5;62.38;55.78;84.11;71.88;69.81;74.43;96.47;72.36;38.73;35.39;72.12;78.63;87.2;85.43;58.37;50.81;42.85;60.39;83.56;102.52;87.47
Manual of Gainful Exercise (+1);19937.55;24127.81;38721.68;33589.88;26968.22;24331.96;20288.19;22110.5;22052.37;17645.03;26869.3;26489.73;25579.19;30519.54;33997.59;37848.4;35703.05;31588.56;24567.49;25365.28;25852.52;15621.26;13914.87
Musical Instrument (Violin);38.57;40.17;31.47;17.78;21.85;21.41;39.82;20.76;26.52;36.41;22.65;28.33;28.59;33.95;28.11;30.24;32.73;26.17;27.78;34.44
Potion of Flying;960.24;797.21;795.4;887.18;927.37;602.29;536.52;911.84;1012.98;647.95;810.23;818.53;735.41;1067.0;1527.18;1870.1;728.38;736.06;571.91;809.24;682.24;1039.32;753.57;810.09;962.0;1094.26;961.43
Whispering Wind Chime;74.85;55.59;61.16;79.1;89.59;60.78;64.47;82.92;91.3;94.89;98.02;73.9;56.73;66.2;72.89;82.61;114.21;96.67
Book of Elementary Mathematics: Third Edition;26.97;21.53;18.73;17.21;19.61;28.27;20.13
Chalice of Life;308.43;244.96;329.09;438.85;329.86;310.03;284.92;229.72;187.44;261.65;214.55;293.01;286.43;254.72;250.88;255.46;217.46;264.13;204.79;150.9;186.51;231.3;331.29
True Wand;38538.76;37846.62;34542.32;37401.13;30608.02;28451.49;21843.24;34344.47;16424.69;27118.97;26273.78;31692.47;32343.41;36528.9;25455.01;28892.13
Whispersilk Cloak;118.27;146.09;190.31;160.08;160.03;163.68;142.79;128.06;144.32;184.9;208.12;137.61;190.23;169.94;224.37;287.06;143.51;181.04
Black Pearl;229.51;225.69;177.46;196.55;257.89;278.19;191.05;257.59;280.03;280.27;240.34;229.73;212.75;249.33;344.97;341.3;339.04;294.52;253.96;256.78;238.29;284.19;314.97;336.82;352.92;374.22;296.76;195.13;227.84
Melodious Music Box;231.56;120.84;163.03;174.16;173.26;206.94;176.61;220.54;281.86;145.47;138.81;167.31;180.32;117.62;81.81;148.38;195.48;209.74;195.11;238.02;322.44;190.1;137.24;141.12
Musical Instrument (Mandolin);44.87;21.82;23.63;39.47;27.74;19.59;39.27;20.38;30.79;22.44;31.84;35.78
Ring of Climbing;2625.08;2359.51;2578.85;2372.64;2988.64;3389.97;4166.64;3343.3;2945.05;2344.09;2204.7;2081.83;2138.93;2162.2;1639.05;1602.92;2390.83;1275.67;948.92;973.86;3196.78;3467.14;2983.98
Wheel of Cheese;12.94;19.18;6.01;6.16;6.8;10.57;16.96;8.82;6.83;16.8;18.93;12.64;9.63;10.71;6.96
Musical Instrument (Harp);68.64;74.95;89.26;101.93;99.48;106.16;131.03;162.63;65.76;52.83;47.44;61.96;65.66;87.02;62.66;47.73;56.41;39.67;62.35;53.84;75.68;80.5;64.97;77.77;42.73;36.84;77.39;73.55
Rod of the Python;14422.94;15105.29;10345.33;12532.64;18567.55;20413.69;18319.86;13194.34;10685.44;11155.08;13295.28;18575.85;9034.79;17031.54;16706.58;14491.17;15134.3;18955.58;12496.58;11996.84;16419.72;9548.77
Set of bagpipes;26.76;38.86;53.09;66.66;30.29;31.4;37.7;31.25;34.04;42.66;22.12;32.48;30.3;25.99;25.64;33.89;26.03;29.47;34.61;18.31;18.54;19.95;19.92;40.75;26.23
Horn of Blasting;35492.99;38473.05;35998.58;22470.41;31290.77;45961.77;30655.11;38569.14;38015.19;32326.96;31010.21;37831.97;42875.93;54931.5;31772.67;28377.46;34664.94;41742.74;45790.74;39997.09;32033.5;33415.88;28406.68;23812.34
Orb of Timekeeping;72.73;78.1;57.54;76.51;68.64;88.49;119.56;150.1;139.68;124.09;180.03;99.83;62.34;71.71;54.28;50.78;75.93;79.09
Wand of Lightning Bolts;24994.78;15892.43;20766.4;16669.12;18272.36;15759.66;28660.87;19332.61;18401.93;15095.81;13793.65;9140.25;24352.24;12297.38;12326.66;20201.7;16706.07;22332.9;19229.7;17347.66;15086.01;15863.42;16261.19;17233.26;17503.75;23101.45;26131.24;23294.32;22556.32;23093.63;20827.12
Kama (+3 weapon);19016.06;14504.84;14327.74;11511.43;18152.86;17666.75;21421.89;22045.48;18007.58;12605.8;11771.12;15454.64;16935.52;18730.74;20736.62;17406.73;16052.53;18825.14;17680.0;18927.18;10614.33;7673.04;6234.27;22374.78
Mirror of Memory;127.96;147.74;110.56;113.0;97.49;100.87;98.3;80.83;91.06;109.09;142.28;92.71;88.76;54.88;76.46;75.63;142.15;151.1;136.61;128.16;147.51
Quicksilver Vial;61.72;46.01;38.32;49.75;64.0;90.58;53.03;42.17;58.82;73.63;51.81;79.7;116.0;57.8;79.0;59.2;77.42;83.7;46.12;51.06;39.05
Book of Elementary Mathematics: Second Edition;15.77;15.91;22.71;15.41;14.57;15.49;18.05;21.52;21.49
Skooma;39.21;36.32;52.65;61.18;32.98;54.65;58.02;41.17;48.89;27.34;32.56;26.14;55.63;49.26;58.03;70.47;46.92;38.16;40.12;29.25;29.34
Potion of Greater Healing;496.08;672.87;521.61;427.27;371.88;529.42;492.32;455.98;405.78;561.18;592.79;508.45;519.21;427.68;270.82;374.94;461.29;294.57
Tome of Arcane Secrets;480.32;544.09;438.83;456.52;561.47;436.7;387.71;297.37;297.58;335.68;347.55;382.67;359.65;469.13;372.02;360.81;403.97;376.39;390.36
Key of Passage;333.7;272.02;306.55;307.73;181.86;205.11;285.14;257.4;261.13;200.09;234.46;222.36;181.38;231.14;216.57;179.56;223.6;225.5;268.12;267.04
Musical Instrument (Lute);38.32;38.24;29.55;34.39;29.86;37.01;37.63;45.48;52.89;73.43;66.32;65.07;58.0;50.14;41.96;31.67;33.11;29.59;31.28
Wand of Magic Missiles;6005.68;4628.75;4198.63;2990.11;3513.51;5111.35;4723.31;6791.37;6684.18;6484.37;4989.06;5784.88;5424.18;5702.44;5327.73;4192.38;2430.88;2778.57
Book of Elementary Mathematics - Third Edition;10.0;6.76;24.85;21.39;30.83;19.53;17.18;22.49;23.56;31.56;25.54;34.2
Book of Elementary Mathematics - Second Edition;23.14;32.1;32.15;32.88;38.31;24.65;28.92;29.92;38.32;25.39;23.91;29.52;34.17;21.48;16.44;16.02