Abacus;1.53;1.6;1.46;1.83;1.72;1.83;1.47;1.33;1.24;1.34;1.22;1.3;1.23;1.23;1.04;1.32;1.08;1.22;1.25;1.34;1.55;1.49;1.92;1.65;1.7;1.55;1.68;1.55;1.48;1.77;1.45;1.26;1.76;1.83;1.55;1.59;1.58;1.15;1.47;1.98;1.54;1.31;1.48;1.25;1.35;1.3;1.27;1.24;1.13;1.28;1.34;1.36;1.13;1.04;1.62;1.42;1.46;1.35;1.48;1.38;1.27;1.61;1.27;1.36;1.18;1.13;1.25;1.28;1.1;1.39;1.44;1.25;1.38;1.38;1.53;1.53;1.79;1.5;1.58;1.52;1.6;1.53;1.45;1.45;1.3;1.11;1.29;1.15;1.42;1.32;1.51;1.37;1.68;1.79;1.7;1.68;1.69;1.51;1.23
Acid (vial);21.53;19.23;20.98;18.17;21.44;20.1;21.37;19.38;19.04;23.18;22.55;20.14;18.45;22.26;19.87;19.38;19.39;20.34;15.42;20.9;19.37;20.91;19.38;19.68;21.79;21.17;19.91;19.33;19.54;20.18;20.76;23.94;19.14;18.39;19.51;20.08;17.39;18.7;14.56;23.24;22.08;17.0;17.13;18.43;19.53;19.95;20.54;17.0;22.79;19.22;18.02;14.9;19.91;20.96;21.34;19.01;19.34;20.62;21.13;15.69;19.82;16.52;16.85;16.14;16.34;13.58;16.72;15.17;17.83;14.82;14.01;15.33;12.53;14.47;14.34;14.06;13.65;12.83;12.36;13.96;14.64;10.97;12.92;10.15;9.48;12.69;12.06;12.34;14.37;18.77;17.89;15.2;22.29;19.71;18.03;18.91;17.23;20.04;19.72;21.46;16.92;16.63;17.48;19.49;21.82
Alchemist’s fire (flask);38.47;47.92;47.14;42.99;55.32;44.1;45.75;49.22;45.19;32.39;43.05;43.23;39.81;42.92;33.67;52.77;36.24;46.58;61.79;49.01;48.87;56.19;50.49;48.67;38.02;40.15;38.67;45.33;36.53;45.48;39.04;33.94;30.86;33.81;30.74;32.75;32.22;34.07;28.29;28.56;30.72;27.33;21.64;26.12;21.91;22.88;22.07;21.3;21.35;21.9;17.61;21.24;20.79;21.61;14.78;18.39;16.86;17.05;18.33;17.3;16.3;17.35;32.88;37.88;31.48;42.33;35.69;41.05;29.19;44.96;40.4;43.18;43.7;51.16;41.45;38.79;52.48;43.22;41.48;40.95;49.24;50.16;49.22;40.64;48.32;37.85;38.58;37.6;38.59;44.28;27.49;36.15;32.75;37.12;33.22;41.24;36.41;34.99;38.58;42.37;35.68;34.16
Antitoxin (vial);35.76;36.02;31.62;36.03;36.55;41.05;32.54;34.98;34.72;34.7;29.11;30.79;30.69;34.61;23.76;26.38;28.86;30.9;30.17;28.7;32.74;27.02;26.08;26.62;25.03;27.24;29.86;24.07;23.88;28.63;39.1;37.48;33.59;38.09;39.95;41.86;43.34;41.22;42.15;51.22;45.2;43.85;43.93;42.74;31.97;32.76;42.31;39.29;36.63;44.21;41.35;37.89;35.76;31.43;27.35;27.41;29.3;36.0;30.61;35.92;37.24;31.03;29.1;34.09;33.86;31.91;37.53;28.8;30.21;28.61;27.53;34.69;32.65;37.84;42.39;45.39;43.23;44.08;37.78;51.53;45.79;43.74;51.32;40.56;41.96;39.54;33.09;32.98;36.01;41.43;36.18;33.18;31.07;35.38;31.54;32.19;24.99;32.54;38.11;45.61
Arrows (20);0.6;0.54;0.54;0.58;0.64;0.81;0.59;0.87;0.67;0.56;0.78;0.78;0.67;0.58;0.58;0.79;0.66;0.7;0.6;0.84;0.84;0.88;0.75;0.88;0.69;0.76;0.66;0.69;0.9;0.72;0.78;0.71;0.74;0.68;0.73;0.66;0.75;0.77;0.53;0.78;0.69;0.61;0.56;0.73;0.65;0.72;0.81;0.62;0.75;0.76;0.76;0.91;0.79;0.72;0.81;0.67;0.92;0.76;0.72;0.7;0.76;0.6;0.7;0.64;0.69;0.74;0.72;0.59;0.54;0.55;0.76;0.7;0.92;0.67;0.9;0.78;0.99;0.78;0.85;0.6;0.88;0.62;0.72;0.62;0.79;0.7;0.56;0.57;0.56;0.78;0.81;0.8;0.76;0.7;0.67;0.74;0.76
Backpack;1.36;1.59;1.32;1.34;1.36;1.36;1.04;1.0;1.14;1.73;1.95;1.97;1.43;1.32;1.32;1.4;1.45;1.61;1.65;1.52;1.88;1.59;1.35;1.88;1.73;1.77;1.41;1.86;1.63;1.59;1.63;1.57;1.7;1.24;1.24;1.4;1.35;1.19;1.4;1.51;1.41;1.22;1.51;1.37;1.48;1.28;1.59;1.43;1.41;1.45;1.52;1.71;1.71;1.54;1.38;1.66;1.61;1.53;1.97;1.72;1.42;1.12;1.49;1.25;1.35;1.34;1.44;1.31;1.25;1.46;1.6;1.35;1.41;1.4;1.44;1.4;1.73;1.7;1.51;2.21;1.82;2.15;2.26;2.26;2.02;1.97;2.54;1.91;2.43;1.92;1.83;2.04;2.21;2.42;2.45;2.1;2.17;2.21;2.06
Backpack;1.61;1.59;1.32;1.34;1.36;1.36;1.04;1.0;1.14;1.73;1.95;1.97;1.43;1.32;1.32;1.4;1.45;1.61;1.65;1.52;1.88;1.59;1.35;1.88;1.73;1.77;1.41;1.86;1.63;1.59;1.63;1.57;1.7;1.24;1.24;1.4;1.35;1.19;1.4;1.51;1.41;1.22;1.51;1.37;1.48;1.28;1.59;1.43;1.41;1.45;1.52;1.71;1.71;1.54;1.38;1.66;1.61;1.53;1.97;1.72;1.42;1.12;1.49;1.25;1.35;1.34;1.44;1.31;1.25;1.46;1.6;1.35;1.41;1.4;1.44;1.4;1.73;1.7;1.51;2.21;1.82;2.15;2.26;2.26;2.02;1.97;2.54;1.91;2.43;1.92;1.83;2.04;2.21;2.42;2.45;2.1;2.17;2.21;2.06
Bagpipes;21.65;22.58;23.01;26.2;21.79;28.0;25.33;18.63;23.93;26.28;22.77;21.75;20.4;19.04;21.7;19.23;16.34;17.77;21.15;18.64;21.54;21.57;21.87;19.82;18.07;20.75;16.78;24.03;18.75;15.23;19.27;24.94;27.78;26.32;19.81;24.84;24.1;26.28;26.61;22.29;22.95;24.4;23.98;20.94;22.96;19.88;23.27;22.86;24.01;28.82;24.56;28.88;24.13;27.81;21.75;20.87;22.55;25.35;21.25;23.84;22.8;17.91;21.43;18.81;17.51;16.51;20.35;20.33;20.06;18.92;22.26;16.87;22.46;29.8;24.69;24.35;23.06;25.53;22.13;27.88;21.87;27.26;22.31;25.62;25.22;21.11;23.31;20.0;22.95;20.41;21.25;20.78;20.71;24.19;18.82;22.46
Ball bearings (bag of 1,000);0.57;0.61;0.67;0.56;0.66;0.64;0.64;0.84;0.7;0.69;0.65;0.76;0.71;0.89;0.81;0.71;0.68;0.58;0.7;0.76;0.68;0.62;0.79;0.71;0.87;0.79;0.79;0.74;0.69;0.83;0.71;0.59;0.7;0.78;0.71;0.69;0.93;0.69;0.78;0.67;0.57;0.68;0.62;0.71;0.54;0.69;0.74;0.65;0.65;0.75;0.64;0.77;0.55;0.68;0.72;0.58;0.76;0.79;0.7;0.63;0.77;0.59;0.78;0.69;0.63;0.62;0.63;0.65;0.69;0.64;0.6;0.78;0.81;0.91;0.72;0.73;0.75;0.83;0.87;0.79;0.87;0.84;0.88;0.86;0.92;1.08;0.93;0.81;0.61;0.5;0.65;0.76;0.58;0.85;0.73;0.86;0.74;0.81;0.68;0.67
Barrel;1.87;1.62;1.77;1.71;1.59;1.57;1.43;1.29;1.39;1.35;1.3;1.13;1.49;1.42;1.17;1.59;1.1;0.97;1.04;1.11;1.57;1.59;1.51;1.32;1.43;1.56;1.3;1.49;1.73;1.41;1.77;1.44;1.82;1.91;1.88;1.55;1.67;1.86;1.74;1.49;1.43;1.72;1.46;1.45;1.51;1.69;1.69;1.37;1.69;1.37;1.25;1.25;1.27;1.38;1.1;1.15;1.19;1.1;1.55;1.45;1.74;1.44;1.55;1.5;1.83;1.65;1.47;1.26;1.34;1.58;1.28;1.38;1.59;1.13;1.65;1.64;1.34;1.42;1.23;1.2;1.25;1.31;1.0;1.28;1.33;1.14;1.41;1.43;1.24;1.44;1.23;1.29;1.28;1.41;1.3;1.68
Basket;0.29;0.31;0.36;0.31;0.32;0.36;0.27;0.29;0.3;0.25;0.23;0.24;0.32;0.29;0.25;0.28;0.22;0.25;0.24;0.26;0.25;0.27;0.28;0.25;0.25;0.24;0.32;0.28;0.29;0.26;0.25;0.28;0.28;0.31;0.31;0.29;0.31;0.32;0.38;0.24;0.25;0.29;0.3;0.26;0.36;0.33;0.35;0.41;0.39;0.31;0.32;0.3;0.25;0.3;0.26;0.27;0.24;0.26;0.21;0.22;0.19;0.28;0.25;0.24;0.35;0.28;0.3;0.26;0.21;0.26;0.28;0.28;0.23;0.23;0.17;0.2;0.25;0.21;0.22;0.2;0.35;0.31;0.35;0.32;0.23;0.22;0.22;0.26;0.27;0.31;0.26;0.24;0.25;0.25;0.28;0.23;0.24;0.26;0.27
Battleaxe;8.94;8.37;9.73;10.77;12.78;7.98;8.99;7.27;8.46;8.2;7.2;6.62;7.58;8.97;7.07;6.84;7.08;6.27;7.13;6.28;5.61;6.16;5.61;7.17;6.02;5.58;5.66;8.26;7.22;5.99;6.99;7.71;7.57;7.06;7.46;7.56;7.21;6.48;8.26;7.21;8.05;5.77;6.83;6.24;8.59;8.26;8.25;8.34;7.17;7.8;7.75;6.73;7.02;7.65;8.84;6.59;7.49;7.35;9.02;7.99;6.6;7.25;6.72;6.92;6.84;6.74;6.8;7.67;7.13;7.29;6.67;6.67;6.01;5.09;6.67;7.57;6.09;8.17;7.17;7.49;6.86;7.33;7.82;5.47;7.6;6.79;7.7;7.03;7.54;6.48;6.39;6.14;8.6;7.63;10.85;8.14;5.95;6.6;6.78;6.49;8.36;8.7
Bedroll;0.72;0.84;0.7;0.68;0.79;0.9;0.85;0.87;0.66;0.57;0.67;0.61;0.69;0.71;0.58;0.59;0.54;0.67;0.79;0.71;0.61;0.77;0.54;0.65;0.69;0.63;0.68;0.91;0.66;0.64;0.68;0.75;0.79;0.79;0.94;0.94;1.0;0.89;0.92;0.79;0.67;0.56;0.62;0.74;0.84;0.83;0.78;1.03;0.79;0.66;0.64;0.54;0.67;0.67;0.65;0.77;0.73;0.81;0.86;0.7;0.88;0.67;0.69;0.66;0.75;0.65;0.81;0.81;0.7;0.66;0.57;0.58;0.51;0.46;0.46;0.54;0.57;0.47;0.46;0.42;0.44;0.51;0.41;0.42;0.47;0.39;0.41;0.4;0.39;0.37;0.4;0.39;0.46;0.36;0.35;0.31;0.41;0.59;0.75;0.64;0.77;0.75
Bedroll;0.05;0.84;0.7;0.68;0.79;0.9;0.85;0.87;0.66;0.57;0.67;0.61;0.69;0.71;0.58;0.59;0.54;0.67;0.79;0.71;0.61;0.77;0.54;0.65;0.69;0.63;0.68;0.91;0.66;0.64;0.68;0.75;0.79;0.79;0.94;0.94;1.0;0.89;0.92;0.79;0.67;0.56;0.62;0.74;0.84;0.83;0.78;1.03;0.79;0.66;0.64;0.54;0.67;0.67;0.65;0.77;0.73;0.81;0.86;0.7;0.88;0.67;0.69;0.66;0.75;0.65;0.81;0.81;0.7;0.66;0.57;0.58;0.51;0.46;0.46;0.54;0.57;0.47;0.46;0.42;0.44;0.51;0.41;0.42;0.47;0.39;0.41;0.4;0.39;0.37;0.4;0.39;0.46;0.36;0.35;0.31;0.41;0.59;0.75;0.64;0.77;0.75
Bell;0.7;0.69;0.81;0.69;0.63;0.64;0.65;0.55;0.58;0.49;0.61;0.67;0.73;0.69;0.68;0.6;0.73;0.65;0.75;0.58;0.59;0.67;0.57;0.6;0.58;0.66;0.64;0.57;0.52;0.53;0.84;0.72;0.69;0.73;0.58;0.77;0.76;0.76;0.87;0.82;0.73;0.57;0.57;0.54;0.51;0.53;0.55;0.76;0.69;0.65;0.7;0.68;0.75;0.72;0.58;0.8;0.8;0.87;1.02;0.81;0.8;0.88;0.71;0.93;0.67;0.79;0.9;0.86;0.74;0.84;0.77;0.82;0.85;0.89;0.78;0.84;0.64;0.71;0.82;0.93;0.82;0.82;0.75;0.77;0.92;0.58;0.78;0.78;0.84;0.68;0.68;0.61;0.98;0.83;0.67;0.74;0.73;0.74;0.81;0.6;0.68;0.83;0.87;0.76
Blanket;0.37;0.36;0.38;0.33;0.32;0.28;0.39;0.42;0.33;0.33;0.41;0.33;0.33;0.23;0.26;0.35;0.28;0.33;0.37;0.43;0.35;0.42;0.4;0.42;0.31;0.3;0.33;0.37;0.36;0.38;0.33;0.33;0.31;0.32;0.44;0.36;0.4;0.42;0.47;0.33;0.41;0.38;0.38;0.35;0.37;0.24;0.34;0.31;0.25;0.27;0.34;0.35;0.31;0.35;0.38;0.44;0.35;0.42;0.38;0.36;0.39;0.37;0.28;0.36;0.43;0.34;0.27;0.31;0.34;0.34;0.37;0.36;0.32;0.33;0.43;0.44;0.42;0.37;0.35;0.46;0.34;0.33;0.41;0.38;0.3;0.34;0.34;0.31;0.25;0.29;0.33;0.26;0.29;0.31;0.29;0.26;0.24;0.25;0.24
Block and tackle;0.46;0.57;0.6;0.53;0.43;0.63;0.8;0.82;0.9;0.59;0.86;0.75;0.7;0.72;0.62;0.61;0.53;0.83;0.86;0.75;0.8;0.78;0.83;0.78;0.78;0.59;0.75;0.56;0.58;0.7;0.78;0.72;0.67;0.77;0.8;0.77;0.63;0.83;0.69;0.64;0.71;0.62;0.71;0.72;0.74;0.6;0.7;0.63;0.72;0.65;0.7;0.69;0.64;0.85;0.81;0.56;0.76;0.88;0.79;0.88;0.97;0.86;0.8;0.76;0.84;0.91;0.87;0.84;0.7;0.78;0.73;0.78;0.62;0.56;0.51;0.59;0.53;0.74;0.75;0.69;0.59;0.79;0.75;0.89;0.63;0.73;0.71;0.84;0.81;0.76;0.8;0.63;0.63;0.71
Blowgun;7.45;8.0;5.73;7.36;8.62;7.54;6.77;8.97;7.25;8.19;6.5;6.89;7.34;7.04;7.03;6.94;6.81;7.99;7.41;7.04;7.61;8.32;8.21;6.32;8.23;7.41;8.51;7.88;7.47;7.3;7.29;9.72;6.61;7.14;8.34;6.42;7.49;7.64;5.78;6.77;6.25;5.88;6.63;6.74;6.59;5.87;6.4;6.28;6.34;5.96;7.61;5.34;6.4;5.9;6.65;6.63;8.63;6.71;7.57;7.27;8.34;7.32;7.19;6.37;5.89;5.93;7.19;8.95;7.77;7.94;7.08;8.92;8.39;8.67;9.79;8.78;8.77;9.05;8.62;8.88;8.84;8.48;6.58;7.49;6.94;6.35;5.09;6.05;4.89;5.1;5.39;5.76;6.79;6.54;7.85;6.32;6.4;6.58;6.33
Blowgun Needles (50);0.73;0.7;0.82;0.78;0.82;0.71;0.72;0.71;0.76;0.73;0.78;0.75;0.59;0.66;0.66;0.83;0.87;0.8;0.82;0.73;0.57;0.61;0.78;0.62;0.71;0.72;0.68;0.79;0.66;0.8;0.96;0.74;0.95;0.77;0.78;0.8;0.55;0.79;0.64;0.72;0.67;0.6;0.44;0.51;0.66;0.77;0.6;0.8;0.58;0.57;0.7;0.66;0.6;0.59;0.56;0.5;0.61;0.57;0.57;0.59;0.61;0.63;0.54;0.51;0.73;0.65;0.86;0.71;0.66;0.73;1.02;0.93;0.7;0.68;0.93;0.81;0.85;0.72;0.85;1.04;1.09;0.87;0.81;0.81;0.79;0.68;0.77;0.75;1.18;0.95;0.93;0.82;0.94;0.75;0.61;0.8;0.82;0.71;0.76;0.89;0.79;0.74
Book;17.55;16.97;21.03;18.81;23.85;22.14;19.66;18.59;15.71;17.66;16.14;20.3;21.35;21.15;19.17;20.22;22.85;20.07;16.75;23.11;20.29;20.35;17.64;12.92;13.49;16.03;20.31;18.41;15.43;20.19;20.63;21.94;22.22;21.51;17.55;22.57;19.77;23.41;20.54;24.97;20.42;18.12;15.94;21.45;23.08;16.1;18.19;17.96;20.01;17.56;20.33;17.48;21.27;23.37;18.46;19.98;22.83;20.13;22.2;24.49;19.4;21.79;23.45;22.12;24.03;22.62;22.08;18.19;18.36;20.87;17.2;15.67;18.79;13.95;17.25;16.54;12.42;13.45;14.25;13.09;13.76;12.45;13.21;12.7;11.08;14.19;13.73;12.07;10.84;10.62;13.09;14.59;12.88;11.26;13.36;13.05;13.61;11.71;9.9;12.07;13.4;12.94;12.79;14.7
Bottle, glass;1.53;1.35;1.29;1.24;1.08;1.33;1.27;1.17;1.08;1.13;1.04;1.54;1.46;1.55;1.39;1.3;1.61;1.33;1.38;1.51;1.63;1.23;1.33;1.54;1.16;1.41;1.49;1.14;1.21;1.32;1.39;1.36;1.11;1.57;1.16;1.25;1.21;0.96;1.09;1.25;1.08;1.0;1.0;0.95;1.08;1.09;1.27;0.99;1.12;1.35;1.32;1.4;1.62;1.21;1.27;1.19;1.33;1.53;1.47;1.6;1.41;1.56;1.78;1.49;1.48;1.41;1.6;1.19;1.33;1.4;1.06;1.02;1.61;1.35;1.44;1.42;1.5;1.24;1.18;1.25;1.08;0.88;1.29;1.22;0.98;1.19;0.96;1.0;0.93;0.87;1.1;0.71;0.82;0.86;0.99;0.86;0.74;0.88;0.87;0.96;0.92;0.86;0.89;1.0;0.9
Brewer’s supplies;15.98;14.53;15.75;16.02;13.67;13.38;12.85;13.74;12.17;12.97;13.5;13.72;15.35;16.09;15.67;16.29;14.28;13.89;11.06;13.76;13.64;11.79;15.32;12.81;11.83;14.84;14.79;16.08;16.62;15.68;15.12;13.21;14.56;16.39;16.95;17.96;13.66;13.46;12.74;13.34;12.58;13.62;8.92;12.95;14.5;12.88;14.41;12.03;8.44;10.84;12.99;13.33;13.98;12.22;10.9;10.72;8.0;14.47;10.15;9.86;10.83;13.94;14.37;12.98;12.67;11.5;15.07;13.77;11.86;15.42;12.3;18.0;18.85;14.66;14.29;13.14;14.41;13.87;13.52;18.94;15.71;15.47;15.4;15.74;15.35;13.94;10.92;12.41;13.0;15.02;14.73;14.78;13.26;15.38;14.86;14.64;19.95;13.76;15.03;16.45;16.23;17.82;15.0;15.35
Bucket;0.01;0.01;0.01;0.03;0.03;0.02;0.03;0.03;0.02;0.01;0.01;0.03;0.03;0.02;0.01;0.01;0.0;0.0;0.0;0.0;0.0;0.0;0.0;0.0;0.0;0.0;0.04;0.04;0.03;0.03;0.03;0.02;0.02;0.02;0.03;0.02;0.03;0.04;0.04;0.03;0.03;0.02;0.03;0.04;0.03;0.02;0.03;0.03;0.03;0.02;0.02;0.01;0.0;0.0;0.0;0.0;0.03;0.03;0.02;0.02;0.02;0.01;0.0;0.0;0.0;0.0;0.0;0.0;0.0;0.0;0.0;0.0;0.0;0.0;0.04;0.04;0.03;0.02;0.02;0.02;0.01;0.01;0.0;0.0;0.0;0.0;0.0;0.0;0.0;0.0;0.0;0.0;0.0;0.0;0.0;0.0
Calligrapher's Supplies;7.36;7.65;7.24;7.55;7.63;8.45;11.62;8.17;8.42;7.23;7.06;8.0;7.29;6.54;4.79;6.43;5.86;7.67;6.65;8.66;9.65;9.72;6.81;7.81;8.49;9.33;7.71;8.54;8.29;9.59;7.75;11.18;10.55;8.77;10.17;8.99;10.26;11.43;10.45;10.24;9.83;6.69;8.7;8.69;8.19;7.93;6.78;6.23;7.04;5.17;6.14;5.14;5.02;7.75;6.17;6.29;9.26;7.14;9.76;6.33;8.12;6.08;6.84;6.0;6.2;5.82;5.56;4.59;5.25;5.88;5.46;5.34;4.35;5.43;5.45;4.7;7.37;6.73;7.69;6.92;7.53;6.83;6.11;6.46;5.47;5.35;5.92;4.84;6.23;7.09;7.27;6.82;7.12;6.71
Caltrops (bag of 20);0.84;0.95;0.88;0.68;0.79;0.75;0.83;0.59;0.76;0.63;0.7;0.78;0.76;0.89;0.82;0.65;1.03;0.88;0.76;0.81;0.83;0.73;0.67;0.77;0.68;0.66;0.69;0.66;0.83;0.71;0.67;0.82;0.78;0.73;0.68;0.67;0.72;0.71;0.6;0.64;0.57;0.5;0.54;0.58;0.66;0.74;0.8;0.58;0.77;0.64;0.75;0.74;0.77;0.64;0.66;0.7;0.65;0.5;0.54;0.73;0.57;0.7;0.81;0.81;0.82;0.77;0.65;0.71;0.77;0.56;0.65;0.49;0.63;0.67;0.63;0.61;0.55;0.79;0.77;0.85;0.79;0.61;0.7;0.6;0.68;0.86;0.85;0.78;0.8;0.76;0.57;0.82;0.84;0.77;0.88;0.72;0.69;0.66;0.78;0.67
Candle;0.01;0.01;0.01;0.01;0.01;0.01;0.01;0.03;0.02;0.02;0.02;0.01;0.02;0.02;0.02;0.02;0.01;0.01;0.01;0.01;0.0;0.0;0.0;0.0;0.0;0.0;0.02;0.01;0.01;0.0;0.0;0.0;0.0;0.0;0.0;0.0;0.0;0.0;0.0;0.0;0.03;0.02;0.02;0.02;0.02;0.01;0.01;0.0;0.0;0.0;0.0;0.0;0.0;0.0;0.03;0.03;0.03;0.03;0.02;0.01;0.01;0.03;0.01;0.01;0.01;0.0;0.0;0.0;0.0;0.0;0.0;0.0;0.0;0.0;0.0;0.0;0.0;0.0;0.0;0.0;0.0;0.0;0.0;0.0;0.0;0.0;0.0;0.0;0.0;0.0;0.0;0.02;0.02;0.01;0.01;0.01;0.01;0.0;0.0;0.0;0.0;0.0
Carpenter’s tools;6.68;6.23;6.42;6.27;4.66;7.82;5.01;7.63;8.64;6.02;4.95;5.57;6.18;5.48;5.61;6.96;6.33;5.13;5.91;6.68;5.14;5.81;6.77;7.17;6.82;6.12;6.34;6.12;5.25;6.54;5.27;6.46;8.39;6.49;5.84;6.27;4.44;5.89;6.55;6.18;5.33;6.08;4.37;4.89;5.41;5.83;5.33;4.54;5.33;5.22;5.22;4.68;5.87;5.2;5.04;4.6;5.84;6.4;6.74;6.23;5.62;6.05;6.43;5.5;6.41;6.36;7.92;6.93;6.74;5.34;5.55;6.64;6.03;6.68;6.36;6.79;6.27;7.21;6.27;6.08;6.7;5.88;5.71;6.2;6.82;4.49;4.93;6.33;4.46;4.81;4.29;4.22;4.07;4.43
Cartographer’s tools;12.98;13.64;11.83;10.9;11.04;10.83;10.6;11.57;12.17;11.11;15.0;16.16;11.8;11.76;8.99;12.13;12.27;14.52;9.23;11.28;11.5;13.27;13.81;11.36;11.97;12.32;14.17;11.99;11.1;9.95;8.55;12.44;10.84;12.89;11.47;13.17;12.44;12.97;9.56;9.54;11.12;11.02;10.39;12.02;12.93;11.48;11.08;12.49;11.3;10.43;11.83;9.79;8.14;10.71;11.44;8.47;9.6;14.04;9.6;9.72;10.11;12.62;10.56;13.38;13.88;11.26;10.83;9.84;9.91;8.66;10.04;9.11;13.92;9.68;14.21;12.56;15.98;16.62;12.79;14.48;13.34;12.65;15.58;14.83;16.93;15.82;12.95;12.44;13.02;11.96;11.08;11.17;13.47;12.16;10.57;12.11;9.42;10.69;11.05
Case, crossbow bolt;0.79;0.72;0.86;0.77;0.82;0.73;0.69;0.72;0.85;0.68;0.72;0.68;0.65;0.6;0.62;0.59;0.63;0.62;0.55;0.64;0.64;0.63;0.5;0.55;0.5;0.67;0.67;0.72;0.83;0.67;0.66;0.71;0.71;0.66;0.61;0.69;0.7;0.71;0.62;0.68;0.66;0.53;0.62;0.59;0.65;0.64;0.55;0.56;0.48;0.51;0.76;0.63;0.73;0.65;0.65;0.6;0.79;0.7;0.64;0.63;0.71;0.77;0.55;0.52;0.57;0.57;0.67;0.55;0.56;0.58;0.52;0.64;0.57;0.49;0.51;0.67;0.75;0.81;0.73;0.89;1.13;0.98;1.0;0.91;1.09;0.94;1.08;1.3;1.03;1.12;0.78;0.69;0.82;0.69;0.55;0.66;0.61;0.68
Case, map or scroll;0.64;0.57;0.74;0.72;0.61;0.67;0.77;0.74;0.63;0.87;0.67;0.81;0.8;0.69;0.63;0.73;0.7;0.76;0.65;0.56;0.84;0.82;0.92;0.68;0.8;0.7;0.82;0.88;0.87;0.83;0.71;0.9;0.8;0.83;0.71;0.64;0.43;0.46;0.59;0.49;0.51;0.47;0.43;0.45;0.71;0.79;0.68;0.54;0.84;0.61;0.72;0.66;0.81;0.59;0.57;0.62;0.72;0.76;0.91;0.68;0.66;0.67;0.71;0.72;0.54;0.63;0.69;0.76;0.63;0.9;0.81;0.75;0.77;0.74;0.74;0.64;0.76;0.66;0.66;0.76;0.85;0.56;0.78;0.82;0.97;0.81;0.81;0.74;0.74;0.75;0.73;0.8;0.83;0.81;0.78
Chain (10 feet);2.99;2.54;3.52;3.02;2.54;4.2;2.88;3.49;3.65;3.63;4.44;4.59;4.0;3.78;3.26;3.08;3.1;3.23;3.83;3.11;2.66;2.35;2.7;2.56;3.14;2.81;3.18;2.72;3.18;3.96;4.43;3.62;4.07;3.07;2.48;2.57;2.85;2.82;3.25;2.26;3.25;4.32;4.18;3.6;4.22;3.02;3.18;3.01;3.01;4.24;4.18;3.84;3.17;4.08;3.63;3.55;4.12;3.51;4.47;4.06;3.76;3.94;3.57;4.04;3.62;3.73;3.76;3.57;3.65;4.26;3.79;3.54;3.65;4.94;3.53;4.0;4.16;4.8;3.94;4.61;3.93;4.37;4.71;5.15;4.57;4.78;5.27;6.03;5.45;5.2;5.09;4.9;5.07;5.35;3.65;3.22;3.82;3.47;3.86;3.43
Chain shirt;35.82;25.71;28.37;30.68;22.95;39.28;34.25;34.47;43.14;37.68;39.74;38.6;38.4;39.89;38.92;37.77;38.21;45.81;32.65;40.86;50.98;37.2;36.77;38.85;31.58;36.19;41.29;30.25;32.3;41.38;33.69;35.41;40.08;42.27;38.48;40.16;37.28;35.33;40.8;42.16;29.84;39.65;38.74;39.22;38.98;40.27;33.2;39.17;40.66;34.67;29.13;41.26;45.15;33.95;51.56;41.85;40.85;46.64;42.33;53.01;46.33;44.3;45.22;30.53;38.53;32.02;42.68;37.91;31.65;39.0;40.98;32.44;45.47;36.7;30.03;28.11;24.16;23.52;23.65;31.06;28.23;36.05;35.71;34.63;31.57;28.88;32.72;33.92;32.14;31.59;34.53;30.78;30.82;25.38;25.4;24.18;30.61;34.61;37.48;38.87;38.93;35.91
Chalk (1 piece);0.01;0.01;0.01;0.01;0.01;0.01;0.01;0.01;0.0;0.0;0.0;0.0;0.0;0.0;0.0;0.0;0.0;0.0;0.0;0.0;0.0;0.0;0.0;0.0;0.0;0.0;0.0;0.0;0.0;0.0;0.0;0.0;0.0;0.0;0.0;0.0;0.0;0.0;0.0;0.0;0.0;0.0;0.0;0.0;0.0;0.0;0.0;0.0;0.0;0.0;0.0;0.0;0.0;0.0;0.0;0.0;0.0;0.0;0.0;0.0;0.0;0.0;0.0;0.0;0.0;0.0;0.0;0.0;0.0;0.0;0.0;0.0;0.0;0.0;0.0;0.0;0.0;0.0;0.0;0.0;0.0;0.0;0.0;0.0;0.0;0.0;0.0;0.0;0.0;0.0;0.0;0.0;0.0;0.0;0.0;0.0;0.0;0.0;0.0;0.0;0.0;0.0;0.0
Chest;4.13;3.35;3.2;3.37;2.98;2.8;2.76;2.41;3.05;2.63;1.89;2.53;2.41;2.74;3.41;3.24;3.21;3.38;3.04;2.64;2.74;2.86;2.47;2.25;4.59;3.7;3.85;3.94;3.47;3.83;3.91;4.12;3.42;3.18;4.15;3.83;3.11;3.09;3.16;3.49;3.47;3.7;3.89;3.46;3.49;4.35;2.93;3.73;3.66;3.41;3.72;4.03;4.41;3.69;5.47;5.11;4.61;3.58;3.73;3.22;3.5;3.56;2.99;3.16;3.9;3.76;3.82;4.0;4.25;4.04;3.65;3.64;3.98;3.42;4.03;4.58;3.57;3.06;4.92;4.63;3.79;4.51;4.13;4.55;5.07;3.95;5.33;5.1;5.38;6.04;5.09;4.12;3.61;4.23;4.16;3.92;2.93;2.64
Clothes, Common;0.32;0.31;0.31;0.4;0.43;0.4;0.34;0.33;0.34;0.35;0.28;0.36;0.34;0.36;0.45;0.42;0.44;0.42;0.35;0.37;0.43;0.48;0.44;0.32;0.36;0.43;0.41;0.38;0.36;0.36;0.32;0.34;0.35;0.28;0.3;0.31;0.43;0.32;0.33;0.27;0.31;0.29;0.32;0.32;0.35;0.41;0.37;0.34;0.39;0.34;0.39;0.32;0.31;0.22;0.35;0.32;0.31;0.28;0.25;0.26;0.23;0.26;0.2;0.23;0.26;0.19;0.23;0.2;0.21;0.17;0.21;0.17;0.18;0.16;0.12;0.15;0.14;0.14;0.13;0.12;0.41;0.38;0.31;0.41;0.37;0.33;0.36;0.33;0.37;0.35;0.34;0.37;0.39;0.41;0.33;0.35;0.35;0.34
Clothes, costume;3.96;3.93;4.56;3.46;3.1;4.07;4.39;3.52;3.44;3.81;3.77;4.11;2.91;4.05;3.17;3.38;2.77;3.41;3.97;3.66;2.83;2.6;3.15;3.45;3.22;2.69;3.95;3.5;3.66;3.74;3.55;3.27;3.47;4.57;4.76;4.73;4.09;4.54;4.0;4.38;3.69;4.94;4.45;4.08;4.01;4.07;3.94;4.76;3.52;3.76;3.43;3.31;3.43;3.79;3.42;3.35;3.64;3.74;3.96;4.46;3.77;4.28;4.78;3.99;4.44;3.98;3.55;3.48;4.24;3.28;3.92;4.17;3.53;3.4;3.97;4.61;5.04;4.33;5.69;4.37;5.18;5.17;4.28;4.27;5.0;4.88;5.52;4.7;4.75;5.69;5.1;6.19;6.53;5.42;3.91;3.35;3.25;3.13;3.23
Clothes, fine;12.12;11.75;12.31;9.51;10.41;10.71;11.66;10.61;9.35;11.68;8.96;12.22;10.69;11.25;11.58;10.77;8.18;11.88;11.81;11.23;11.86;10.13;11.78;10.33;12.82;10.8;11.29;12.46;11.39;9.49;10.96;11.44;14.12;13.82;15.34;11.05;12.56;12.45;12.48;13.37;10.46;12.71;10.77;9.93;12.55;12.25;12.32;11.79;10.42;11.62;11.89;10.95;11.16;9.38;10.78;10.1;9.89;8.74;10.87;9.21;9.31;10.54;8.78;9.13;9.57;8.55;11.13;8.77;10.59;9.44;10.49;9.64;10.06;11.06;12.89;10.21;10.07;10.67;10.56;9.24;8.78;10.86;11.39;11.47;11.11;10.09;10.32;6.45;10.72;11.53;9.38;8.95;10.35;12.07;13.12;11.61;12.78;11.65;13.49;10.71;11.89;11.97
Clothes, traveler’s;0.99;1.21;1.1;1.13;0.94;1.09;1.08;1.1;1.03;1.1;0.81;1.58;1.47;1.69;1.42;1.46;1.34;1.65;1.51;1.27;1.45;1.47;1.43;1.16;1.71;1.34;1.52;1.49;1.57;1.43;1.54;1.6;1.37;1.28;1.28;1.36;1.62;1.61;1.62;1.63;1.74;1.31;1.86;1.54;1.53;1.57;1.63;1.33;1.36;1.48;1.69;1.96;1.68;1.38;1.88;1.57;1.83;1.42;1.58;1.27;1.51;1.32;1.18;1.55;1.6;1.25;1.54;1.43;1.63;1.49;1.61;1.44;1.31;1.36;1.58;1.7;1.61;1.88;1.42;1.48;1.38;1.42;1.47;1.3;1.42;1.4;1.26;1.38;0.97;1.43;1.83;1.53;1.28;1.31;1.44;1.19
Club;0.06;0.04;0.04;0.03;0.03;0.02;0.01;0.01;0.01;0.01;0.01;0.0;0.0;0.0;0.06;0.06;0.05;0.04;0.05;0.04;0.04;0.03;0.02;0.01;0.01;0.01;0.0;0.0;0.0;0.06;0.08;0.05;0.07;0.05;0.06;0.06;0.07;0.06;0.04;0.04;0.04;0.05;0.03;0.04;0.06;0.06;0.05;0.04;0.04;0.04;0.03;0.03;0.02;0.02;0.02;0.02;0.08;0.06;0.06;0.07;0.07;0.06;0.06;0.06;0.05;0.03;0.04;0.03;0.02;0.02;0.02;0.01;0.01;0.01;0.01;0.0;0.0;0.0;0.0;0.0;0.0;0.0;0.0;0.0;0.0;0.0;0.0;0.0;0.0;0.0;0.0;0.0;0.0;0.0;0.07;0.09;0.07;0.07;0.05;0.04
Cobbler’s tools;2.72;3.38;2.67;2.61;2.33;3.9;3.24;3.51;4.21;4.11;4.99;3.84;3.96;3.81;4.15;4.15;4.79;3.98;3.54;4.74;4.95;4.51;4.25;4.15;3.65;4.41;3.55;4.17;4.05;3.58;3.65;3.96;3.81;3.39;3.33;3.15;2.47;2.05;2.61;2.24;2.85;2.38;3.01;2.59;2.13;2.41;2.44;2.14;2.54;3.64;3.43;3.83;3.66;3.89;3.17;3.73;2.78;2.61;3.55;3.06;3.51;3.18;3.02;3.04;3.59;3.02;4.59;4.3;3.5;3.77;4.58;3.37;3.28;4.18;5.07;5.2;4.35;3.59;3.21;3.05;3.03;3.81;3.53;3.56;3.18;3.4;3.23;2.88;3.46;2.83;2.94;3.39;2.69;3.1;2.78;2.69;2.32;2.44;2.63
Component pouch;23.43;25.06;20.19;21.2;21.71;24.19;17.36;18.61;19.14;20.29;23.03;18.4;19.16;18.46;22.38;21.14;23.71;19.75;23.41;20.69;22.16;21.32;22.56;18.98;23.34;17.45;18.92;18.61;19.83;26.07;15.97;18.77;18.58;21.07;22.44;23.15;23.5;23.81;17.14;21.34;25.0;23.64;29.92;33.1;32.71;33.51;29.64;30.77;33.69;31.15;34.22;32.44;29.57;22.89;18.47;19.18;17.39;19.54;19.25;18.73;18.27;15.79;18.62;22.36;18.14;23.42;15.27;19.91;23.8;22.92;17.74;21.83;21.47;17.32;17.41;19.03;21.21;15.86;20.51;17.45;19.32;19.6;15.16;19.45;23.3;19.77;20.02;19.45;16.32;16.18;17.41;14.5;22.53;18.21;19.48;19.15;17.88
Cooking Pot;1.5;1.69;1.27;1.54;1.35;1.26;1.74;1.3;1.28;1.33;1.35;1.43;1.27;1.41;1.51;1.57;2.0;1.69;1.56;1.65;1.29;1.19;1.2;1.55;1.36;1.63;1.8;1.62;1.74;1.73;1.78;1.57;1.73;1.66;1.7;1.41;1.39;1.17;1.11;1.12;1.44;1.36;1.64;1.59;1.53;1.58;1.88;1.83;1.85;1.61;1.66;1.92;1.75;1.9;2.03;1.07;1.29;1.2;1.28;1.35;1.75;1.44;1.69;1.65;1.3;1.58;1.48;1.46;1.5;1.78;1.99;1.8;1.87;1.66;1.47;1.44;1.24;1.11;1.27;1.28;1.69;1.28;1.34;1.36;1.27;1.65;1.39;1.33;1.14;1.13;1.4;1.33;1.37;1.23;1.02;1.01;1.0;1.28
Cook’s utensils;0.86;0.64;0.71;0.81;0.7;0.55;0.67;0.64;0.7;0.76;0.69;0.66;0.54;0.73;0.59;0.82;0.7;0.78;0.71;0.77;0.83;0.83;0.89;0.74;0.6;0.96;0.66;0.69;0.7;0.79;0.85;0.77;0.78;0.74;0.58;0.68;0.73;0.7;0.89;0.81;0.74;0.8;0.7;0.76;0.92;0.94;0.81;0.7;0.83;0.72;0.79;0.8;0.73;0.6;0.77;0.92;0.73;0.76;0.51;0.71;0.66;0.64;0.66;0.54;0.76;0.76;0.54;0.83;0.87;0.72;0.95;0.7;0.63;0.75;0.78;0.68;0.72;0.86;0.6;0.84;0.68;0.6;0.75;0.7;0.62;0.63;0.7;0.66;0.68;0.69;0.63;0.55;0.51;0.44;0.49;0.47;0.47;0.4;0.4;0.4;0.42
Crossbow bolts (20);0.73;0.82;0.75;0.81;0.84;0.87;0.89;0.71;0.81;0.74;0.87;0.72;0.6;0.87;0.92;0.72;0.86;0.74;0.62;0.68;0.83;0.59;0.68;0.64;0.71;0.58;0.75;0.68;0.71;0.67;0.84;0.66;0.85;0.79;0.7;0.71;0.56;0.68;0.65;0.68;0.56;0.75;0.65;0.47;0.66;0.64;0.72;0.71;0.69;0.76;0.74;0.95;0.89;0.76;0.83;0.85;0.95;0.85;0.83;0.66;0.75;0.81;0.84;0.67;0.67;0.78;0.81;0.76;0.67;0.92;0.63;0.86;0.64;0.69;0.7;0.75;0.57;0.55;0.66;0.75;0.56;0.68;0.8;0.61;0.57;0.57;0.69;0.61;0.65;0.71;0.72;0.71;0.64;0.65;0.53;0.68;0.68;0.7;0.71;0.77;0.83;0.67;0.77
Crossbow, hand;54.67;42.23;51.94;61.58;48.09;52.86;54.07;62.07;49.04;49.26;65.56;48.68;42.58;41.09;47.43;55.92;51.09;52.25;58.47;59.73;51.66;37.47;48.64;48.34;47.43;58.47;48.48;55.65;51.47;57.52;55.33;63.66;68.01;74.88;71.91;72.88;76.12;85.5;80.01;88.07;50.71;37.55;41.07;52.04;63.51;62.91;58.2;53.19;54.03;62.79;63.42;75.21;68.21;62.91;52.88;63.41;53.71;48.8;57.87;54.19;60.5;51.75;51.01;39.62;56.94;45.3;43.68;44.33;39.91;39.47;45.66;41.92;40.22;42.41;42.99;45.96;42.11;40.03;38.74;48.01;42.07;58.58;52.18;45.54;65.48;58.83;57.29;56.1;59.2;55.0;63.42;51.39;59.66;66.36;66.98;69.17;66.57;49.46
Crossbow, heavy;37.39;36.91;40.71;47.97;43.91;38.46;41.65;45.4;30.85;36.4;45.96;40.08;39.65;40.09;35.09;38.04;45.7;39.17;38.35;46.72;38.56;40.5;46.73;47.09;51.29;41.53;54.19;41.56;38.37;44.19;46.31;42.09;33.32;51.97;40.82;48.63;40.86;48.6;51.96;45.24;52.58;39.88;46.77;52.18;56.64;49.28;60.1;49.23;36.05;30.43;45.15;42.56;41.22;37.69;48.7;36.23;36.67;34.34;35.4;37.15;42.25;37.93;34.61;36.58;35.48;40.83;32.74;31.81;41.98;44.2;44.02;37.64;39.44;36.21;44.11;33.94;30.25;39.45;33.61;42.23;43.89;42.27;37.46;36.81;39.33;46.87;36.13;32.8;32.38;33.65;34.46;39.89;32.45;33.11;30.52;27.0;33.12;25.86;30.02;29.93;37.33
Crossbow, light;19.6;22.63;20.21;16.63;18.66;24.17;18.41;18.17;15.92;18.86;17.7;19.7;17.65;15.07;16.07;12.35;15.42;15.18;11.91;18.43;15.66;16.85;14.74;17.49;15.32;16.3;16.05;18.98;18.19;19.38;22.12;19.5;21.52;20.15;14.15;18.95;19.81;16.21;17.79;16.4;23.19;18.58;18.07;17.58;18.5;21.59;17.03;15.98;14.77;13.83;19.67;20.71;21.73;25.32;25.79;19.91;21.17;32.37;26.68;26.67;30.33;25.62;15.95;18.19;21.01;15.58;15.78;16.78;17.22;16.0;14.48;15.19;15.06;20.36;19.22;21.86;22.56;20.28;15.86;20.74;18.09;19.48;21.49;24.65;21.46;21.11;23.77;26.94;22.46;22.71;23.69;20.32;19.49;21.89;17.41;16.08;15.48;17.78;16.94;14.72;18.33;15.52;17.02
Crowbar;1.25;1.05;1.11;1.59;1.87;1.46;1.79;1.54;1.66;1.6;1.43;1.44;1.12;1.32;1.5;1.73;1.45;1.42;1.42;1.18;1.31;1.53;1.42;1.53;1.61;1.59;1.72;1.42;2.22;1.8;1.38;1.64;1.48;1.6;1.54;1.76;1.69;1.31;1.78;1.58;1.21;1.37;1.51;1.44;1.21;1.64;1.34;1.37;1.58;1.43;1.19;1.36;1.15;1.0;0.96;1.22;1.37;1.16;1.13;1.25;1.31;1.25;1.37;1.08;1.35;1.82;1.61;1.96;1.46;1.52;1.46;1.5;1.54;1.42;1.32;1.47;1.62;1.76;1.45;1.54;1.34;1.52;1.59;1.51;1.33;1.29;1.17;1.24;1.21;1.29;1.33;1.31;1.35;1.85;1.37
Dagger;1.44;1.05;1.5;1.39;1.42;1.49;1.56;1.75;1.44;1.4;1.66;1.64;1.64;1.58;1.43;1.24;1.75;1.48;1.36;1.46;1.58;1.2;1.31;1.74;1.35;1.45;1.59;1.51;1.66;1.57;1.43;1.37;1.46;1.68;1.49;1.57;1.67;1.72;1.52;1.77;1.67;1.35;1.3;1.34;1.28;1.31;1.66;1.39;1.34;1.17;1.34;1.07;1.36;1.06;1.35;1.5;1.1;1.63;1.42;1.64;1.85;2.12;1.71;1.93;1.77;1.74;1.73;1.75;1.9;1.69;2.09;1.65;1.85;1.93;2.48;2.03;1.84;2.21;2.15;2.41;2.2;2.1;1.99;2.19;1.98;2.38;1.86;2.49;2.6;2.34;2.24;1.54;1.55;1.46;1.76;1.63;1.48;1.46;1.63;1.28
Dart;0.01;0.01;0.01;0.01;0.01;0.01;0.01;0.01;0.0;0.0;0.03;0.03;0.02;0.02;0.04;0.02;0.02;0.02;0.02;0.02;0.02;0.01;0.01;0.01;0.01;0.0;0.03;0.04;0.02;0.02;0.02;0.01;0.0;0.0;0.0;0.03;0.03;0.02;0.03;0.02;0.02;0.02;0.02;0.02;0.02;0.01;0.01;0.01;0.03;0.02;0.03;0.02;0.04;0.03;0.04;0.04;0.03;0.03;0.02;0.01;0.01;0.01;0.01;0.01;0.0;0.0;0.0;0.0;0.0;0.0;0.0;0.0;0.0;0.0;0.0;0.0;0.0;0.0;0.0;0.0;0.0;0.03;0.02;0.02;0.02;0.01;0.01;0.03;0.03;0.02;0.03;0.03;0.03;0.02;0.01;0.01;0.0;0.0;0.03
Dice set;0.04;0.04;0.03;0.03;0.02;0.03;0.07;0.07;0.08;0.05;0.06;0.04;0.04;0.03;0.03;0.04;0.03;0.07;0.06;0.06;0.04;0.05;0.05;0.05;0.03;0.04;0.04;0.03;0.03;0.03;0.03;0.03;0.02;0.02;0.01;0.0;0.0;0.0;0.0;0.0;0.08;0.07;0.06;0.07;0.06;0.06;0.06;0.05;0.04;0.07;0.08;0.07;0.04;0.06;0.05;0.04;0.03;0.03;0.03;0.02;0.01;0.01;0.01;0.01;0.08;0.06;0.05;0.06;0.07;0.06;0.07;0.06;0.06;0.07;0.06;0.05;0.06;0.05;0.05;0.05;0.04;0.04;0.02;0.07;0.07;0.06;0.06;0.05;0.06;0.05;0.05;0.04;0.04;0.03;0.02;0.02;0.01;0.01;0.0;0.0
Drum;4.85;3.87;4.04;4.11;4.28;4.79;3.5;4.18;4.52;3.87;4.16;4.81;5.08;4.01;4.18;3.9;4.53;4.72;3.9;3.66;4.51;4.34;4.67;3.7;4.8;4.2;4.58;3.96;4.91;4.9;3.83;4.88;4.41;4.94;5.03;5.21;5.17;4.46;5.57;5.68;5.48;4.93;5.89;5.69;6.5;6.37;5.82;5.25;5.69;5.32;4.81;4.0;5.83;6.09;5.2;5.29;3.79;3.82;3.85;3.68;4.08;3.81;5.03;4.63;4.15;4.82;4.99;5.46;4.21;5.98;5.89;5.33;5.73;5.2;4.87;6.75;6.01;4.86;5.39;4.96;3.93;4.9;5.24;4.34;5.16;3.51;3.77;3.59;3.51;3.68;4.17;4.6;4.43;4.79;4.11;4.41;4.52;5.06;5.73;3.83
Dulcimer;20.07;19.32;21.75;21.85;20.78;22.42;18.53;17.49;16.14;18.11;20.07;18.71;16.13;21.86;20.69;24.19;22.7;19.55;17.33;18.74;18.94;19.02;18.35;19.38;21.2;20.85;16.82;17.89;19.89;17.22;17.83;21.53;23.37;17.7;19.39;17.83;20.51;20.23;21.7;25.42;27.28;23.75;27.82;26.43;34.49;25.04;20.79;21.04;23.04;25.67;21.92;22.89;19.05;16.48;16.31;17.14;19.09;21.02;18.0;16.56;18.61;14.59;20.49;13.37;15.05;21.33;17.87;17.61;18.06;18.89;18.02;17.85;18.36;20.5;18.79;19.97;19.19;17.38;22.08;21.93;23.79;17.86;21.51;20.67;19.94;22.51;20.86;24.49;19.04;20.35;21.85;22.87;19.54;18.58;15.48;17.06;16.55;19.37;20.99;16.33;19.06;21.89
Fishing Rod;0.87;0.86;0.75;0.68;0.66;0.63;0.63;0.75;0.65;0.82;0.8;0.78;0.69;0.71;0.65;0.79;0.67;0.66;0.73;0.67;0.56;0.63;0.6;0.62;0.66;0.6;0.76;0.53;0.63;0.56;0.7;0.82;0.69;0.73;0.72;0.8;0.84;0.79;0.64;0.72;0.71;0.73;0.78;0.65;0.75;0.51;0.66;0.69;0.58;0.49;0.63;0.59;0.74;0.64;0.75;0.64;0.82;0.87;0.97;0.68;0.65;0.71;0.78;0.62;0.79;0.62;0.69;0.52;0.52;0.5;0.6;0.49;0.56;0.54;0.46;0.53;0.57;0.44;0.48;0.59;0.62;0.47;0.48;0.58;0.49;0.62;0.87;0.7;0.77;0.76;0.73;0.75;0.65;0.54;0.64;0.49;0.76
Fishing tackle;0.84;0.77;0.84;0.88;0.94;0.96;0.73;0.94;0.87;1.01;0.92;0.99;0.84;0.7;0.98;0.88;0.84;0.8;0.98;0.81;0.85;0.8;0.83;0.88;0.82;0.74;0.65;0.74;0.86;0.71;0.84;0.77;0.64;0.73;0.81;0.78;0.63;0.62;0.63;0.56;0.75;0.56;0.64;0.73;0.67;0.86;0.82;0.74;0.78;0.79;0.72;0.78;0.68;0.77;0.65;0.62;0.57;0.82;0.73;0.62;0.77;0.69;0.83;0.66;0.61;0.59;0.64;0.61;0.67;0.76;0.59;0.68;0.63;0.65;0.61;0.58;0.74;0.64;0.52;0.81;0.51;0.77;0.64;0.54;0.65;0.65;0.44;0.61;0.5;0.58;0.58;0.64;0.7;0.67;0.64;0.72;0.83;0.82;0.76;0.72
Flail;4.93;5.73;6.01;7.5;7.2;6.4;6.19;8.32;7.01;6.81;7.91;7.27;6.95;7.39;6.71;6.25;7.8;6.4;5.81;5.83;7.11;7.06;7.82;7.33;7.9;7.86;8.36;9.71;7.27;7.47;6.84;7.46;9.72;7.43;8.65;6.84;7.64;8.54;8.07;6.31;5.95;5.82;7.39;9.29;7.91;7.2;7.51;7.17;8.53;9.09;7.08;6.92;7.15;7.95;5.8;6.71;7.15;7.78;7.91;7.73;8.33;8.29;5.37;6.51;7.74;7.13;7.76;8.68;7.04;8.02;8.16;8.18;7.91;8.97;8.22;7.6;8.02;6.74;6.71;6.65;6.91;7.05;6.61;7.92;7.09;7.99;6.69;8.3;8.56;7.64;6.63;9.71;7.74;7.25;6.94;8.04;5.97;6.51;7.2;6.49;6.2
Flask or Tankard;0.01;0.01;0.01;0.01;0.01;0.01;0.01;0.0;0.0;0.0;0.01;0.01;0.0;0.0;0.0;0.0;0.0;0.0;0.0;0.0;0.0;0.0;0.0;0.0;0.0;0.0;0.0;0.01;0.01;0.0;0.0;0.0;0.0;0.0;0.0;0.0;0.01;0.0;0.0;0.0;0.0;0.01;0.0;0.0;0.01;0.0;0.0;0.0;0.0;0.0;0.0;0.0;0.0;0.0;0.0;0.0;0.0;0.0;0.0;0.0;0.0;0.0;0.0;0.0;0.0;0.0;0.0;0.0;0.01;0.01;0.01;0.0;0.0;0.0;0.0;0.01;0.01;0.01;0.01;0.01;0.0;0.0;0.0;0.0;0.0;0.0;0.0;0.0;0.0;0.0;0.0;0.0;0.0;0.0;0.0;0.0;0.0;0.0;0.0
Flute;1.38;1.34;1.7;1.41;1.42;0.78;1.58;0.85;1.68;1.55;0.62;1.66;0.7;1.43;0.72;1.45;1.68;1.55;1.48;1.9;1.63;1.43;1.31;1.77;1.37;1.5;1.56;1.21;1.28;1.38;1.42;1.55;1.52;1.41;1.42;1.77;1.67;1.16;1.55;1.15;1.11;1.79;1.69;1.59;1.37;0.4;1.2;1.11;0.86;1.3;1.16;1.29;1.26;1.34;1.42;1.36;1.39;1.4;1.41;1.82;1.31;1.66;2.14;0.56;1.69;0.4;1.5;0.44;1.47;0.24;1.52;0.35;1.86;1.51;1.33;1.39;1.37;1.39;1.76;0.73;1.33;1.2;1.16;1.14;1.2;1.27;1.2;1.02;1.35;0.98;1.41;1.15;1.3;1.26;1.22;1.31;1.09;1.28;1.05;1.09;1.1;1.33;1.63;0.81;1.45;1.55;1.54;1.44;1.48;1.48;1.52;1.37;1.54;1.3;1.5;1.45
Glaive;12.82;14.72;16.87;13.05;14.34;14.42;11.35;14.45;14.28;13.41;12.88;13.5;13.06;13.87;13.59;13.04;10.62;9.67;11.98;11.17;12.31;13.19;12.07;13.2;13.51;12.53;12.65;14.51;13.32;15.61;16.09;13.11;14.32;9.78;14.91;13.69;12.85;13.8;11.12;11.11;13.87;16.26;12.82;15.14;12.45;14.95;14.73;13.02;13.88;10.7;10.43;13.08;13.6;14.81;12.66;13.27;12.0;11.4;12.16;12.86;13.88;14.0;21.32;17.61;15.95;16.77;13.51;12.7;15.13;13.82;13.01;11.42;12.8;12.2;14.15;12.91;13.84;14.1;11.58;12.2;15.41;14.88;13.76;12.62;16.52;16.13;15.12;14.92;11.24;12.92;13.56;11.86;11.2;12.36;13.99;19.04;19.25;15.56;18.68;16.53
Glassblower’s tools;18.08;19.96;21.17;19.25;17.54;23.92;17.01;27.2;22.13;18.89;19.85;16.83;19.93;15.83;21.63;18.47;19.8;23.43;22.74;21.06;20.06;22.16;21.92;20.43;24.31;25.59;24.62;28.99;23.05;32.38;29.01;24.33;25.94;21.75;21.35;22.19;23.77;21.57;23.04;26.68;23.93;21.81;24.59;24.53;30.03;24.14;20.21;21.68;16.56;14.49;15.41;20.19;18.89;15.21;19.93;18.39;18.33;19.16;17.98;14.45;19.41;18.63;20.21;23.93;22.34;19.73;17.46;18.0;16.24;17.91;15.93;23.99;18.52;17.74;19.46;18.2;20.41;21.61;18.47;18.41;18.21;21.93;19.51;19.22;20.67;22.38;21.55;21.22;19.42;17.78;18.03;21.31;18.11;21.21;20.45;22.58;26.5
Grappling hook;1.1;1.09;1.18;1.02;1.07;1.7;1.49;1.35;1.26;1.58;1.25;1.21;1.43;1.29;1.32;1.46;1.3;1.2;1.19;0.95;0.99;1.3;1.33;0.96;1.56;1.43;1.61;1.45;1.3;1.36;1.59;1.54;1.5;1.19;1.44;1.41;1.62;1.38;1.51;1.45;1.2;1.11;0.98;0.97;1.17;1.74;1.63;1.66;1.47;1.3;1.71;1.66;1.67;1.5;1.66;1.48;1.68;1.92;1.88;1.55;1.56;1.37;1.77;1.66;1.46;1.82;1.23;1.35;1.41;1.52;1.4;1.44;1.18;1.34;1.83;1.73;2.01;1.39;1.35;1.78;1.34;1.42;1.94;1.52;1.63;1.19;1.0;1.3;1.81;1.59;1.3;1.87;1.42;1.52;1.48
Greatclub;0.13;0.16;0.12;0.12;0.13;0.11;0.11;0.14;0.11;0.15;0.13;0.13;0.11;0.12;0.11;0.08;0.09;0.09;0.09;0.08;0.07;0.05;0.05;0.06;0.05;0.05;0.04;0.05;0.04;0.04;0.03;0.04;0.03;0.03;0.04;0.03;0.03;0.03;0.02;0.01;0.01;0.01;0.01;0.0;0.0;0.0;0.0;0.0;0.17;0.18;0.16;0.13;0.13;0.12;0.15;0.12;0.1;0.14;0.15;0.14;0.1;0.12;0.1;0.11;0.15;0.14;0.14;0.12;0.1;0.13;0.12;0.1;0.1;0.12;0.11;0.08;0.1;0.08;0.08;0.1;0.1;0.1;0.09;0.1;0.1;0.09;0.08;0.1;0.1;0.1;0.09;0.09;0.09;0.09;0.08;0.08;0.08;0.06;0.06;0.13;0.12;0.17
Greatsword;36.19;44.11;48.59;35.38;40.42;42.12;43.3;42.16;43.63;36.73;46.81;41.58;47.82;41.47;39.53;47.83;40.7;41.69;42.81;42.93;37.89;35.78;40.33;37.47;34.83;37.39;40.7;37.35;34.72;38.71;34.18;32.63;35.05;32.59;26.74;28.27;24.53;30.66;25.02;24.31;23.12;28.71;31.02;28.77;17.86;19.8;35.2;28.79;43.55;50.87;34.68;38.54;41.65;35.01;41.14;36.94;48.27;35.77;30.59;29.06;35.37;27.97;30.84;44.05;37.12;33.04;38.46;29.72;34.37;32.32;40.59;41.25;37.78;42.24;34.33;34.78;32.36;40.44;37.65;39.19;40.24;44.53;33.16;34.96;31.39;34.23;46.2;44.34;40.95;47.43;38.18;33.04;34.59;35.23;32.38
Halberd;17.41;15.75;15.71;18.73;15.72;18.73;18.85;21.23;12.47;14.55;15.23;12.48;19.32;15.44;15.58;21.21;17.15;23.81;14.47;15.42;15.44;13.26;13.04;11.93;14.78;15.34;13.56;14.24;16.58;14.88;14.5;14.4;15.93;17.24;15.79;15.38;17.33;13.08;14.51;13.05;13.27;12.74;15.3;17.36;16.71;15.92;11.58;14.96;17.69;17.99;16.23;15.65;16.0;18.74;15.82;17.2;13.34;13.51;14.63;13.33;10.9;12.64;14.96;10.93;12.17;10.15;12.87;11.92;14.2;12.84;13.38;13.88;11.58;12.76;11.14;13.36;13.92;12.34;15.44;16.29;16.46;17.6;16.26;15.66;14.54;13.03;16.05;15.67;15.86;13.22;15.81;15.12;13.47;16.61;19.11;18.68;16.5;19.66;16.67;13.55;17.73;15.68;16.49;13.89
Half plate;596.02;742.4;719.0;606.55;567.13;679.07;731.71;676.26;512.86;470.23;529.99;613.88;619.6;588.53;516.79;574.63;458.09;614.38;707.84;591.04;561.67;529.0;610.91;599.24;631.84;509.06;556.12;503.95;584.37;494.9;530.21;498.46;470.86;640.33;513.83;506.12;618.35;665.65;639.95;515.26;693.56;615.54;668.07;558.31;681.65;588.81;609.68;639.73;690.6;605.65;570.76;561.58;613.05;737.08;662.54;640.88;657.98;724.05;642.72;547.84;603.43;730.77;768.8;763.05;897.29;574.56;533.06;495.89;515.04;549.31;660.85;565.94;701.02;787.46;707.68;709.89;851.22;677.1;574.53;535.96;461.33;454.37;416.55;514.35;545.2;451.27;544.02;360.46;496.01;450.21;565.08;521.1;505.01;595.72;570.6;605.77;705.41
Hammer;0.81;0.55;0.68;0.71;0.56;0.73;0.82;0.58;0.67;0.76;0.71;0.91;0.74;0.83;0.87;0.77;0.79;0.98;0.9;0.74;0.91;0.92;0.93;0.88;1.02;0.94;0.81;0.82;0.63;0.87;0.84;0.68;0.79;0.78;0.72;0.79;0.84;0.71;0.83;0.75;0.71;0.79;0.85;0.75;0.87;0.7;0.88;0.91;0.8;1.01;0.86;0.87;0.86;0.85;0.7;0.75;0.63;0.75;0.64;0.78;0.85;0.79;0.81;0.72;0.79;0.89;0.79;0.77;0.68;0.75;0.67;0.72;0.78;0.52;0.57;0.62;0.66;0.78;0.87;0.76;0.78;0.74;0.76;0.84;0.64;0.68;0.68;0.59;0.55;0.71;0.73;0.57;0.58;0.67;0.62;0.59;0.61;0.6
Hammer and Nails;0.39;0.35;0.43;0.38;0.42;0.38;0.34;0.34;0.37;0.33;0.35;0.34;0.33;0.32;0.35;0.29;0.29;0.25;0.35;0.31;0.21;0.29;0.35;0.32;0.24;0.33;0.25;0.35;0.32;0.35;0.28;0.43;0.37;0.38;0.36;0.32;0.31;0.37;0.38;0.35;0.36;0.47;0.37;0.46;0.44;0.44;0.33;0.39;0.4;0.33;0.35;0.25;0.26;0.27;0.24;0.39;0.42;0.35;0.36;0.34;0.26;0.28;0.29;0.27;0.31;0.32;0.29;0.32;0.24;0.34;0.39;0.39;0.36;0.3;0.27;0.33;0.31;0.26;0.27;0.28;0.33;0.41;0.36;0.34;0.37;0.34;0.39;0.4;0.29;0.32;0.33;0.3;0.31;0.32;0.39;0.32;0.41;0.4;0.4;0.41;0.35;0.49
Hammer, sledge;1.25;1.53;1.41;1.44;1.68;1.53;1.53;1.54;1.3;1.59;1.27;1.53;1.44;1.4;1.32;1.39;1.36;1.44;1.35;1.67;1.61;1.41;1.15;1.24;1.13;1.47;1.56;1.36;1.49;1.54;1.18;1.32;1.2;1.13;1.02;1.29;1.11;1.25;1.19;1.24;1.13;1.18;1.32;1.31;1.41;1.54;1.66;1.44;1.76;1.66;1.36;1.61;1.64;1.72;1.45;1.29;1.41;1.44;2.09;1.6;2.17;1.99;2.02;2.11;1.64;1.88;2.25;1.58;1.4;1.61;1.24;1.02;0.87;1.13;1.25;1.27;1.45;1.49;1.34;1.16;0.96;1.18;1.15;1.3;1.15;1.59;1.41;1.5;1.39;1.14;1.13;0.95;1.25;1.12;1.14;1.19;1.36;1.39;1.2;1.0;0.99;1.36;1.1
Handaxe;3.58;3.1;3.48;3.63;4.58;3.48;3.79;4.19;3.59;5.14;4.97;4.25;4.45;5.18;4.61;5.11;4.99;5.1;4.02;5.21;5.22;4.5;4.37;4.39;4.29;3.15;5.03;4.54;5.45;5.4;5.58;6.38;5.49;5.08;6.28;5.98;5.98;7.71;6.61;7.49;5.76;7.01;6.69;3.93;3.8;3.36;3.5;4.44;3.74;3.8;3.91;4.23;4.4;3.77;3.33;4.61;3.37;3.56;3.41;3.59;3.04;3.48;3.91;3.66;3.24;4.52;4.83;3.85;4.18;4.08;3.27;3.63;3.4;4.08;3.07;4.19;3.29;3.24;2.98;2.98;3.9;4.0;4.57;4.26;3.69;3.73;3.75;3.01;4.15;4.44;3.66;3.71;3.83;3.29;3.63;3.36
Healing Potion;41.67;31.88;40.88;35.89;26.17;29.02;22.78;24.84;36.68;38.36;47.22;36.44;50.13;36.72;42.92;43.38;50.6;44.13;40.15;45.51;49.64;36.63;40.9;31.64;32.12;34.27;30.32;31.59;40.91;43.32;39.44;34.12;39.32;36.43;31.58;29.77;31.92;26.57;39.74;41.06;38.06;37.7;37.47;30.59;36.2;33.13;39.82;31.72;35.7;38.76;39.72;40.5;44.43;41.63;32.74;28.61;34.72;40.06;42.64;37.96;45.1;46.19;40.22;42.01;37.8;41.1;42.15;38.72;33.33;42.4;32.47;38.18;33.68;40.12;25.05;32.12;25.45;24.2;28.67;26.51;39.97;33.96;43.05;36.72;37.03;40.33;37.57;36.94;35.45;30.43;36.56;28.98;30.81;29.97;31.16;42.11;39.09;46.02;38.16;42.79;44.59;45.89
Hide;5.92;5.81;6.85;7.44;6.48;5.76;6.11;6.09;5.72;5.23;4.54;6.49;5.21;7.26;5.79;7.77;8.69;6.29;8.47;6.56;6.55;7.55;8.39;6.91;6.79;6.96;7.78;6.68;8.0;7.19;7.59;7.0;7.23;8.1;9.12;9.74;8.9;6.95;7.36;8.67;7.04;9.48;5.99;8.05;7.77;8.26;7.18;6.26;7.82;7.51;7.9;8.28;7.89;6.46;8.02;6.6;7.63;8.16;8.51;7.82;8.84;8.04;8.66;9.49;8.25;8.2;8.61;9.91;9.2;10.66;9.34;8.75;10.32;7.84;10.06;10.84;9.56;9.54;7.19;6.45;5.96;6.56;9.12;6.98;6.79;7.92;7.11;7.48;6.66;7.37;6.86;7.09;8.65;8.07;8.14
Holy Water (flask);16.64;17.23;14.87;17.84;18.81;20.25;23.59;23.28;22.49;19.97;18.79;19.51;18.57;18.07;18.79;18.45;19.15;16.79;18.25;25.59;19.57;20.39;22.88;20.56;23.46;24.24;17.54;17.29;21.72;17.43;15.6;14.98;17.22;15.05;17.21;21.45;18.13;20.21;16.81;14.35;18.82;17.09;16.78;15.22;16.96;18.91;13.92;16.09;16.45;16.83;22.3;17.64;17.46;17.85;19.15;17.96;16.35;15.7;15.12;18.35;20.7;19.82;21.98;16.07;24.07;18.04;21.62;21.94;18.63;21.16;19.46;21.0;15.93;16.11;18.06;23.07;26.64;22.25;22.31;17.96;22.08;22.15;22.5;22.67;25.67;25.62;25.32;24.05;26.78;22.56;26.75;24.11;24.33;26.33;31.46;29.64;36.8;31.1;31.71;36.65
Horn;1.92;1.84;1.39;2.04;2.56;2.11;2.05;2.34;2.21;2.23;1.66;1.73;2.26;1.54;1.64;1.75;1.59;1.87;2.1;1.76;1.44;1.88;1.89;1.68;1.52;1.48;1.69;1.25;1.53;1.33;1.43;2.4;2.33;1.65;2.43;1.99;2.0;2.01;2.1;2.8;2.62;2.76;2.97;2.22;2.36;2.41;2.28;2.1;2.52;2.26;2.09;2.11;2.35;1.81;2.11;1.97;2.12;2.35;2.64;2.61;2.47;2.16;3.25;2.64;2.53;2.59;2.48;2.91;2.31;2.27;2.59;2.16;2.16;2.16;2.13;2.64;2.16;1.92;2.24;1.91;2.01;2.01;1.83;2.03;2.12;2.0;1.78;2.01;1.88;2.18;2.26;2.22;2.08;2.04;2.48;1.95;2.13;1.95;2.0;2.21;2.24;1.72;1.97;1.73
Hourglass;10.59;12.29;15.94;15.73;18.81;17.16;19.03;14.94;16.11;14.78;18.67;14.65;16.89;18.52;19.36;16.77;17.93;16.97;12.12;16.33;21.3;18.01;17.43;20.23;18.65;17.45;16.4;16.87;13.53;12.96;11.58;16.42;19.03;18.55;16.26;18.49;20.67;17.33;15.48;18.46;17.9;18.09;19.27;20.52;20.92;18.9;19.28;19.84;19.11;19.68;19.65;22.11;16.49;17.4;18.66;24.39;21.43;25.72;31.08;24.63;25.74;26.66;26.66;29.57;28.91;27.78;25.02;32.08;30.08;25.15;23.02;25.6;25.36;17.71;22.47;16.16;18.5;22.44;17.95;21.15;19.7;22.63;23.14;18.58;19.17;22.81;22.86;23.63;20.99;19.79;19.71;17.98;22.06;20.67;16.66;21.73;20.82;22.65;24.62;18.7
Hunting trap;4.01;4.26;3.91;4.13;3.52;4.24;3.83;3.9;3.04;3.24;3.77;4.3;3.43;3.24;2.86;3.41;4.36;4.05;2.9;3.54;3.3;3.86;4.05;3.53;4.1;3.61;2.73;3.35;3.23;2.63;2.21;3.15;3.24;2.68;3.15;3.53;3.27;2.92;2.43;2.35;2.51;2.29;2.9;2.85;2.66;2.48;2.88;2.43;2.76;3.59;2.74;2.88;2.55;2.57;2.79;2.34;2.48;1.95;2.36;1.92;2.3;2.28;2.13;2.1;2.13;2.34;2.17;1.98;2.24;2.23;2.03;1.74;2.46;2.12;1.74;1.78;2.41;1.97;2.13;1.95;1.64;1.52;1.93;1.9;1.64;1.58;1.52;1.42;1.37;1.54;3.37;3.01;3.52;3.18;2.98;2.85;3.12;3.71;3.34;3.48
Ink (1 ounce bottle);6.43;6.06;8.82;8.4;5.46;7.09;8.43;8.16;6.99;7.53;8.32;7.19;7.69;7.2;6.41;6.5;6.71;7.06;9.54;8.23;9.29;8.96;7.29;9.64;10.34;9.12;8.76;7.37;7.53;7.91;8.63;7.42;8.39;9.13;7.82;7.16;7.18;7.97;8.39;8.06;6.25;6.71;7.85;8.24;8.37;6.75;9.89;7.86;9.84;9.82;9.81;8.14;9.12;8.65;7.23;9.3;7.56;7.66;6.99;6.77;6.87;7.25;6.96;6.92;7.47;8.61;7.25;5.67;7.49;6.75;8.17;6.76;7.35;6.33;7.66;8.22;6.34;6.79;7.0;6.45;8.59;6.43;7.06;7.52;6.1;7.41;5.86;7.59;7.09;8.25;9.66;9.8;8.24;8.57;7.64;6.77;6.65
Ink and Quill;0.01;0.01;0.01;0.01;0.01;0.01;0.01;0.01;0.0;0.0;0.0;0.0;0.0;0.0;0.0;0.0;0.0;0.0;0.0;0.0;0.0;0.0;0.06;0.07;0.04;0.06;0.05;0.06;0.05;0.05;0.04;0.04;0.06;0.07;0.08;0.08;0.07;0.05;0.04;0.04;0.05;0.04;0.05;0.04;0.03;0.07;0.05;0.06;0.05;0.06;0.06;0.05;0.08;0.07;0.05;0.07;0.07;0.06;0.05;0.05;0.04;0.04;0.03;0.06;0.05;0.05;0.05;0.06;0.04;0.03;0.03;0.03;0.03;0.02;0.02;0.02;0.01;0.0;0.07;0.06;0.08;0.06;0.06;0.06;0.04;0.04;0.04;0.03;0.02;0.01;0.01;0.0;0.0;0.0;0.09;0.06;0.07;0.05;0.05;0.04;0.04
Ink pen;0.01;0.01;0.01;0.01;0.01;0.01;0.01;0.01;0.0;0.01;0.01;0.0;0.0;0.0;0.0;0.0;0.0;0.0;0.0;0.0;0.0;0.0;0.0;0.0;0.0;0.0;0.0;0.0;0.0;0.0;0.0;0.0;0.0;0.0;0.0;0.0;0.01;0.0;0.0;0.0;0.0;0.0;0.0;0.0;0.0;0.0;0.0;0.0;0.0;0.0;0.0;0.0;0.01;0.0;0.0;0.0;0.0;0.0;0.0;0.0;0.01;0.01;0.0;0.0;0.0;0.0;0.0;0.0;0.0;0.0;0.0;0.0;0.0;0.0;0.0;0.0;0.0;0.0;0.0;0.0;0.01;0.01;0.0;0.0;0.0;0.0;0.0;0.0;0.0;0.0;0.01;0.01;0.01;0.0;0.01;0.01;0.01;0.0;0.0;0.0;0.0;0.0;0.0;0.0;0.0
Javelin;0.3;0.34;0.29;0.3;0.27;0.29;0.39;0.4;0.4;0.38;0.41;0.37;0.42;0.38;0.35;0.43;0.45;0.32;0.41;0.44;0.43;0.29;0.37;0.33;0.4;0.42;0.4;0.34;0.37;0.33;0.35;0.4;0.4;0.34;0.36;0.3;0.28;0.3;0.3;0.35;0.38;0.31;0.33;0.37;0.29;0.29;0.3;0.46;0.38;0.41;0.39;0.36;0.38;0.34;0.35;0.36;0.36;0.38;0.41;0.38;0.36;0.36;0.36;0.26;0.34;0.34;0.29;0.29;0.25;0.34;0.23;0.26;0.27;0.3;0.28;0.36;0.27;0.38;0.33;0.32;0.41;0.3;0.37;0.31;0.34;0.36;0.44;0.39;0.33;0.36;0.33;0.37;0.34;0.33;0.31;0.31;0.34;0.3;0.28;0.32
Jeweler’s tools;18.76;14.36;17.36;19.04;18.49;12.95;14.5;19.11;24.06;20.83;20.33;20.18;20.97;18.86;18.7;16.9;14.98;18.55;18.52;17.76;17.13;19.36;18.27;16.85;18.64;19.59;19.52;17.76;19.13;15.47;24.4;22.98;22.87;26.34;24.75;23.64;23.61;22.9;24.96;25.54;27.66;17.34;18.54;19.51;19.52;14.69;17.04;16.86;15.84;18.37;17.27;16.59;19.86;20.11;18.74;20.57;19.12;22.95;17.14;17.52;16.48;18.79;18.48;18.14;18.67;19.37;18.96;17.89;18.18;14.75;14.91;14.0;17.52;16.12;13.29;15.56;13.64;16.97;18.1;19.94;17.13;17.91;14.9;19.93;22.32;15.53;15.14;12.42;16.62;21.1;16.3;15.57;17.62;16.32;17.92;16.06;18.27
Jug or Pitcher;0.01;0.01;0.01;0.01;0.01;0.01;0.01;0.01;0.01;0.01;0.0;0.01;0.0;0.0;0.0;0.0;0.0;0.0;0.0;0.0;0.01;0.01;0.01;0.01;0.01;0.01;0.0;0.01;0.01;0.0;0.01;0.01;0.01;0.01;0.01;0.0;0.0;0.0;0.0;0.0;0.0;0.0;0.0;0.0;0.0;0.0;0.0;0.0;0.0;0.0;0.0;0.0;0.0;0.0;0.0;0.0;0.0;0.0;0.0;0.0;0.0;0.0;0.0;0.0;0.0;0.0;0.01;0.01;0.0;0.0;0.0;0.01;0.0;0.0;0.0;0.0;0.0;0.0;0.0;0.0;0.0;0.0;0.0;0.0;0.0;0.0;0.0;0.0;0.0;0.0;0.0;0.0;0.0;0.0;0.0;0.01;0.0;0.01;0.01;0.0
Kit, climber’s;17.32;16.0;18.81;18.95;18.93;17.05;17.38;17.98;16.28;16.79;19.42;16.22;17.15;18.4;20.39;22.62;14.83;23.9;21.16;18.12;22.37;20.38;20.89;19.91;22.23;21.27;20.21;19.61;19.76;18.1;23.26;18.34;18.05;18.94;18.19;21.33;18.66;17.52;16.57;17.09;17.52;18.24;14.88;20.09;19.05;16.99;15.42;15.24;14.73;19.34;15.3;16.66;19.89;17.86;17.71;20.66;20.57;17.11;17.61;17.55;19.22;17.11;20.69;19.94;21.81;24.13;21.39;20.57;21.63;16.49;14.11;16.2;16.87;12.58;16.1;22.88;17.02;18.09;16.07;16.91;18.48;22.25;19.27;17.98;19.9;19.3;23.18;21.86;23.14;18.95;24.22;18.17;19.99;23.53;19.1;24.38;22.3
Kit, disguise;18.64;16.89;20.93;17.86;16.67;18.45;18.06;16.33;19.06;15.62;15.99;22.27;16.95;21.27;20.32;21.61;22.94;23.84;24.97;23.96;28.19;25.57;28.28;17.43;16.86;17.46;18.45;21.53;21.17;20.43;20.35;16.74;21.18;16.32;17.22;18.02;18.88;19.08;19.97;17.04;19.04;17.76;21.91;15.48;19.5;15.05;17.3;20.56;18.25;18.37;14.03;15.35;18.69;21.38;19.57;18.45;20.9;19.2;18.71;20.34;22.99;25.31;21.24;23.92;22.56;21.59;22.93;23.07;18.44;16.85;17.93;16.0;17.56;14.05;19.92;20.4;20.61;16.7;18.09;22.27;17.73;19.31;17.53;12.82;16.84;15.63;15.37;24.16;21.67;16.1;21.82;23.44;20.02;21.2;21.93;16.47;21.86;21.54;21.73
Kit, forgery;12.22;9.24;10.09;10.6;11.87;11.69;13.11;12.46;10.47;9.85;12.08;11.58;12.71;11.28;11.28;11.3;12.17;12.52;10.87;11.69;10.45;9.55;11.56;10.55;11.61;10.46;8.77;12.31;10.27;10.66;11.46;11.67;11.31;11.02;9.72;12.53;10.82;13.24;10.92;12.36;11.4;12.02;10.52;8.38;9.99;10.13;12.28;9.62;10.11;11.93;12.83;13.16;13.97;11.77;11.25;9.17;12.04;9.9;10.44;12.05;9.76;10.97;10.04;12.21;10.17;10.96;10.92;11.45;10.52;10.73;9.75;13.6;10.67;11.71;10.33;10.42;11.32;10.76;10.21;10.56;9.57;9.43;9.03;8.75;8.6;10.05;9.08;10.5;10.78;11.85;10.43;9.23;11.02;10.42;10.18;9.57;10.86
Kit, healer’s;2.4;2.33;2.78;2.35;2.17;2.38;2.45;2.95;3.81;3.67;3.66;3.83;3.92;3.42;3.4;4.24;3.78;3.86;3.68;4.37;4.17;3.92;3.7;4.26;3.95;3.33;2.91;3.61;3.45;3.04;3.17;3.33;2.34;2.55;2.49;2.46;2.28;2.61;2.37;2.41;2.11;4.85;3.43;3.83;4.28;3.31;2.71;2.9;3.06;2.66;2.84;2.86;2.84;3.37;2.76;2.91;3.72;3.14;3.4;3.98;3.27;3.35;3.9;3.06;3.59;4.34;3.51;4.14;3.47;4.61;4.14;3.79;4.77;4.46;4.36;4.14;3.1;3.92;4.42;4.15;3.04;3.96;3.86;4.06;4.11;3.74;3.59;3.95;3.79;3.57;3.41;4.22;4.28;5.12;4.88;4.89;3.54;4.05
Kit, herbalism;4.19;2.73;3.4;3.49;4.07;3.46;4.42;2.92;2.67;2.9;2.95;2.79;3.35;3.61;3.23;4.01;3.94;3.12;3.13;3.56;3.77;3.64;2.98;3.34;3.45;4.03;3.21;3.86;3.65;3.03;3.1;3.14;3.68;2.74;3.24;3.02;2.78;2.84;2.71;3.91;4.46;3.32;4.33;4.34;3.45;3.36;3.32;3.05;3.21;2.81;2.82;2.94;2.42;3.71;3.43;4.15;3.41;4.12;4.3;4.62;3.83;3.3;3.8;3.52;3.67;3.99;3.87;3.76;2.85;4.18;3.33;3.59;3.44;3.59;3.87;4.12;3.54;3.48;3.62;3.0;3.34;3.54;3.6;3.55;3.78;3.05;2.65;3.04;2.22;2.89;2.74;2.3;3.33;3.18;3.55;2.77;3.74;2.74;4.03;2.89;3.78;3.79
Kit, mess;0.13;0.11;0.09;0.1;0.11;0.14;0.13;0.14;0.14;0.14;0.18;0.15;0.15;0.13;0.13;0.13;0.14;0.09;0.1;0.12;0.08;0.1;0.1;0.05;0.08;0.09;0.08;0.14;0.18;0.15;0.16;0.16;0.12;0.14;0.14;0.14;0.13;0.13;0.13;0.12;0.12;0.13;0.1;0.1;0.11;0.11;0.12;0.11;0.12;0.14;0.12;0.17;0.18;0.13;0.12;0.11;0.12;0.1;0.1;0.09;0.08;0.09;0.08;0.09;0.08;0.12;0.14;0.13;0.13;0.12;0.1;0.09;0.1;0.09;0.09;0.09;0.14;0.14;0.14;0.13;0.14;0.14;0.12;0.13;0.12;0.13;0.13;0.13;0.14;0.13;0.14;0.09;0.09;0.12;0.11;0.1;0.08
Kit, poisoner’s;34.09;29.51;30.53;29.96;40.01;31.98;34.88;39.38;37.06;47.3;39.21;37.81;43.6;42.56;41.59;35.08;35.21;38.25;43.25;41.86;37.53;38.04;36.77;41.42;33.12;34.74;43.73;38.97;43.16;46.45;38.59;37.21;35.42;42.53;33.96;47.19;39.96;31.29;44.36;42.68;42.88;43.8;42.57;39.11;42.62;46.96;39.27;37.38;33.22;37.1;39.06;34.39;43.02;31.38;38.36;40.41;37.53;48.2;42.35;44.21;34.59;38.81;44.71;42.12;38.65;35.06;41.79;44.04;35.6;40.7;33.82;36.37;27.81;28.75;31.32;33.53;36.94;42.98;42.35;40.81;32.67;29.07;39.62;34.73;40.52;35.9;42.07;38.43;33.94;27.12;29.94;30.12;33.77;29.43;28.53
Ladder (10-foot);0.02;0.01;0.01;0.01;0.01;0.01;0.07;0.05;0.05;0.06;0.03;0.04;0.04;0.04;0.04;0.05;0.03;0.04;0.04;0.03;0.03;0.03;0.03;0.07;0.07;0.06;0.07;0.07;0.06;0.05;0.06;0.05;0.04;0.04;0.04;0.04;0.03;0.02;0.02;0.06;0.05;0.06;0.05;0.03;0.05;0.06;0.06;0.06;0.06;0.05;0.04;0.09;0.08;0.08;0.07;0.08;0.07;0.06;0.07;0.08;0.07;0.05;0.05;0.04;0.05;0.05;0.04;0.05;0.07;0.07;0.07;0.06;0.06;0.05;0.07;0.08;0.08;0.08;0.06;0.06;0.06;0.07;0.06;0.06;0.05;0.05;0.04;0.04;0.03;0.02;0.02;0.02;0.02;0.01;0.0;0.0
Lamp;0.3;0.34;0.44;0.33;0.33;0.35;0.37;0.3;0.29;0.31;0.37;0.33;0.33;0.35;0.32;0.37;0.41;0.32;0.34;0.29;0.33;0.36;0.3;0.32;0.29;0.38;0.38;0.4;0.31;0.33;0.38;0.35;0.29;0.37;0.35;0.32;0.38;0.35;0.34;0.34;0.34;0.37;0.39;0.36;0.39;0.42;0.38;0.34;0.29;0.38;0.41;0.39;0.23;0.29;0.26;0.32;0.25;0.28;0.28;0.24;0.21;0.27;0.24;0.21;0.23;0.2;0.23;0.19;0.2;0.22;0.21;0.21;0.18;0.21;0.39;0.37;0.37;0.39;0.38;0.3;0.37;0.36;0.32;0.34;0.33;0.39;0.4;0.36;0.32;0.4;0.3;0.3;0.35;0.29;0.42;0.37;0.36;0.27;0.29;0.33;0.27
Lance;7.06;8.65;7.17;7.95;6.83;6.67;8.09;6.95;8.1;7.15;7.22;6.19;6.68;6.5;6.01;7.85;6.01;6.14;7.85;8.3;6.13;6.3;7.37;6.79;6.8;7.16;5.64;6.72;7.69;7.53;7.55;6.52;7.97;7.89;8.75;8.84;6.57;9.17;6.05;8.06;5.71;7.19;8.28;7.72;7.21;10.21;6.94;9.91;9.8;8.11;8.46;7.98;8.07;6.57;6.96;7.79;7.01;7.08;8.29;6.63;8.26;8.27;6.61;6.11;5.74;5.81;5.54;5.63;6.82;6.75;5.99;7.19;8.95;11.33;7.53;7.16;7.91;7.1;7.13;7.68;7.47;8.35;6.74;8.16;6.76;7.74;5.52;7.23;7.35;8.63;8.06;7.73;8.5;9.69;8.12;9.03;8.43;9.15
Lantern;3.92;4.6;4.83;4.08;5.14;5.4;4.07;4.31;3.76;3.44;4.27;4.76;4.28;3.84;3.24;3.5;4.47;3.25;3.13;3.27;2.49;3.54;3.2;2.62;2.96;3.3;3.25;2.72;2.96;3.11;2.75;4.41;3.88;4.3;4.38;4.14;3.59;3.81;4.6;4.41;3.87;4.95;3.74;3.82;3.64;3.23;4.04;3.44;4.57;3.86;4.16;3.45;4.36;3.57;3.31;3.19;3.73;3.57;3.98;3.9;3.99;4.02;3.76;3.27;4.11;3.75;3.87;2.76;3.63;3.19;3.76;3.55;3.34;4.13;3.84;4.46;3.59;3.59;3.97;3.6;3.43;2.73;3.65;3.68;4.22;3.85;3.91;3.21;4.17;3.44;4.46;3.61;4.47;3.51;3.89;4.1
Lantern Oil;0.06;0.08;0.07;0.06;0.05;0.05;0.05;0.04;0.03;0.02;0.02;0.01;0.09;0.07;0.05;0.06;0.06;0.05;0.04;0.04;0.03;0.04;0.03;0.03;0.03;0.02;0.03;0.02;0.01;0.0;0.0;0.07;0.07;0.07;0.07;0.08;0.08;0.08;0.08;0.06;0.06;0.06;0.07;0.08;0.07;0.06;0.06;0.07;0.06;0.08;0.06;0.06;0.07;0.06;0.06;0.04;0.08;0.07;0.07;0.07;0.06;0.07;0.05;0.05;0.06;0.06;0.04;0.04;0.05;0.04;0.05;0.08;0.08;0.06;0.05;0.06;0.06;0.05;0.06;0.07;0.07;0.06;0.05;0.05;0.05;0.04;0.03;0.02;0.02;0.02;0.01;0.0;0.0;0.0;0.0;0.0;0.0;0.0
Lantern, bullseye;6.57;9.26;8.49;9.31;8.97;7.2;6.78;7.73;7.61;6.9;7.17;9.97;11.64;13.38;6.69;7.48;7.24;6.05;7.22;6.21;6.42;7.1;6.61;8.06;5.83;9.33;7.78;8.36;6.34;6.64;6.12;5.68;7.37;9.41;9.51;8.68;8.32;7.22;7.34;7.44;8.31;7.93;8.52;9.19;9.54;7.12;8.47;8.32;8.21;9.92;8.0;7.43;7.18;9.06;8.06;9.39;7.53;6.92;7.62;7.46;6.18;5.95;6.26;8.23;8.28;7.08;7.58;6.94;7.63;6.74;7.08;7.66;8.56;8.68;8.84;7.61;7.96;7.0;7.46;5.98;6.55;6.2;6.24;7.35;7.03;5.81;6.66;6.35;6.49;6.53;8.15;8.08;7.51;8.46;8.02;8.44;7.4
Lantern, hooded;4.67;4.03;3.57;4.13;4.11;3.41;3.54;3.7;3.75;3.49;4.9;3.67;3.71;3.34;4.09;3.26;3.96;3.4;3.35;2.39;3.8;2.73;3.23;2.84;2.6;3.21;3.34;2.94;3.05;3.66;3.48;3.31;3.68;2.93;4.31;4.15;4.68;5.81;4.61;5.95;4.23;3.63;3.16;3.33;3.15;3.32;3.4;3.02;3.97;3.28;3.95;4.26;3.58;3.56;4.06;3.23;4.18;3.14;3.51;4.04;4.16;4.34;3.98;3.92;4.35;4.89;4.23;3.79;2.82;3.98;3.73;3.55;3.13;2.32;2.82;4.48;3.07;3.57;3.7;4.06;3.83;3.65;3.73;3.6;3.77;4.17;3.61;4.16;3.63;3.86;4.29;3.55;3.43;3.14;2.93;3.22
Leather;7.49;7.53;9.26;9.78;8.49;11.66;9.72;7.91;7.5;7.76;6.22;7.81;7.22;5.75;7.0;6.88;6.92;6.61;6.27;6.31;5.66;5.38;4.83;7.25;6.78;5.53;7.94;8.43;7.72;7.18;7.89;6.82;6.93;6.84;7.39;7.89;6.74;5.76;5.65;6.77;7.59;6.39;5.87;7.36;6.23;6.4;6.56;6.41;4.71;4.63;8.71;8.0;8.85;7.43;8.27;8.09;7.79;7.29;9.19;9.4;7.21;6.29;7.49;9.84;10.03;8.52;7.87;8.34;10.9;10.96;9.76;10.1;8.71;8.71;8.14;7.12;6.6;6.45;5.66;5.77;5.32;5.16;6.86;5.23;6.06;6.8;6.86;7.5;6.61;7.31;6.69;7.16;7.27;7.13;6.99;9.93;9.21;7.9;7.79;7.49;7.36;6.18
Leatherworker’s tools;2.99;2.51;3.42;3.45;3.1;2.84;4.63;4.97;4.44;4.32;4.08;3.99;3.77;4.57;5.06;4.49;4.6;4.33;4.86;4.82;3.54;3.51;3.71;3.8;4.19;3.92;3.09;3.04;3.18;3.33;4.86;3.63;3.6;3.6;4.06;3.29;4.12;3.48;3.09;3.35;4.11;3.84;4.84;3.13;3.62;3.51;2.8;3.84;3.61;3.07;3.94;3.55;3.85;3.9;3.31;3.55;4.41;3.67;4.46;4.32;4.2;4.63;5.02;3.8;3.57;3.81;4.05;3.89;4.65;3.88;3.98;3.75;3.66;3.63;3.32;3.42;3.29;2.91;3.18;3.13;3.07;3.16;3.13;3.57;3.02;3.09;3.01;2.84;2.24;2.99;2.99;2.73;3.21;3.03;3.2;2.99;3.79;3.44;3.69;3.1
Light Hammer;1.08;1.13;1.28;1.39;1.41;1.39;1.68;1.55;1.48;1.62;1.33;1.41;1.54;1.31;1.41;1.54;1.62;1.31;1.46;1.25;1.25;1.38;1.33;1.3;1.09;1.14;1.23;1.21;1.07;0.89;1.04;0.95;1.06;0.94;1.27;1.13;1.19;0.92;0.97;0.96;0.91;0.65;0.8;0.69;1.57;1.35;1.43;1.23;1.56;1.67;1.38;1.77;1.49;1.98;1.46;1.35;1.55;1.44;1.57;1.84;1.5;1.8;1.58;1.33;1.38;1.32;1.25;1.41;1.6;1.26;1.28;1.27;1.39;1.19;1.38;1.23;1.41;1.28;1.43;1.26;1.05;1.38;1.44;1.54;1.57;1.8;1.69;1.54;1.57;1.58;1.51;1.65;1.93;1.59;1.5;1.34;1.29;1.37;1.46
Lock;5.38;5.27;5.18;5.45;7.67;7.59;7.87;7.47;7.01;6.6;7.66;8.78;8.41;7.33;7.27;5.87;6.0;4.88;5.65;7.67;6.89;7.72;8.29;6.67;6.32;6.46;7.67;7.67;7.59;7.96;7.18;7.4;7.04;7.52;8.12;8.92;9.39;9.8;8.75;8.97;7.35;8.79;8.14;8.1;7.98;9.9;8.38;9.38;8.64;9.66;8.83;8.46;7.66;8.04;7.15;7.12;7.96;7.67;8.27;7.71;7.59;7.06;6.99;8.5;8.14;6.69;8.14;8.7;7.76;8.19;9.07;6.31;7.03;7.4;7.19;7.57;7.78;6.84;6.73;7.25;6.45;7.44;7.24;7.56;6.87;8.51;6.94;6.54;6.89;8.23;7.44;7.34;7.8;5.94;6.56;7.91;9.59
Lockpicks;18.79;14.35;16.9;17.07;16.53;13.22;14.56;13.01;9.81;10.77;13.63;11.13;12.85;12.25;9.88;12.0;13.08;13.91;14.87;19.61;17.98;18.1;21.63;15.94;20.07;21.23;18.53;21.39;17.21;19.51;18.97;18.47;20.69;19.56;17.46;21.12;20.51;18.21;19.82;19.14;23.67;21.56;18.3;19.6;23.07;16.15;23.43;19.13;19.14;16.91;17.64;20.4;19.59;19.43;19.12;15.96;16.21;15.57;19.68;15.84;18.77;17.87;15.71;18.25;20.33;22.42;24.89;19.06;18.41;16.67;17.41;17.68;16.37;15.53;19.09;17.54;20.55;20.39;17.49;20.92;19.45;20.57;19.81;15.83;22.45;19.5;16.98;17.13;19.03;17.21;19.55;17.22;19.48;16.26;23.94;18.62;23.08;20.27
Longbow;42.55;29.79;31.5;29.92;28.58;30.16;31.78;31.2;30.79;34.33;35.35;43.37;41.46;35.89;33.91;31.76;39.58;37.65;32.29;36.68;33.62;32.02;36.67;35.68;40.36;37.47;38.87;36.26;36.29;34.13;37.46;28.99;43.04;36.26;31.42;35.09;35.45;34.36;38.52;34.85;30.76;30.27;30.02;39.67;36.72;33.25;37.47;46.17;36.02;46.18;39.65;37.93;38.64;40.02;31.66;33.95;33.19;38.98;33.43;37.82;42.59;39.28;40.48;41.53;36.25;35.36;33.29;30.39;32.18;33.58;37.26;43.21;31.98;41.43;35.73;33.11;33.73;28.29;29.06;29.25;43.2;42.02;42.38;45.62;37.31;54.57;38.69;50.8;48.68;47.76;46.69;34.11;34.46;27.71;38.07;34.4
Longsword;9.36;8.46;9.35;9.36;10.2;12.56;11.6;10.64;11.39;11.65;9.23;9.81;11.35;11.73;10.15;13.11;11.05;11.13;11.31;13.28;11.45;8.89;11.22;13.03;15.66;13.91;13.68;14.1;14.52;12.05;12.88;12.8;15.18;11.48;12.86;16.82;10.65;12.74;13.49;12.97;15.44;14.52;12.1;11.78;10.16;10.95;10.49;11.12;8.13;7.47;8.91;10.03;11.15;9.76;10.29;11.87;10.48;10.62;10.36;11.83;11.06;14.21;11.62;11.89;13.28;10.95;9.55;8.82;9.3;10.75;9.62;8.91;9.87;8.92;8.55;9.62;10.07;10.56;11.27;9.65;9.65;10.31;11.73;10.55;12.01;11.18;11.39;11.35;13.74;9.92;9.1;9.17;12.24;11.62
Lute;27.15;31.48;27.59;25.69;24.42;25.84;22.54;24.41;26.33;25.39;27.75;28.55;29.93;31.56;30.15;26.4;28.25;30.96;23.21;31.04;26.47;25.77;26.42;21.8;26.04;22.86;26.08;29.37;23.93;29.57;27.28;28.07;27.52;21.14;23.19;24.09;25.33;26.37;25.13;26.02;21.85;24.19;27.46;23.25;25.31;27.65;28.07;27.92;21.43;24.37;21.65;24.57;30.6;24.78;27.42;26.32;30.73;27.14;29.89;24.04;29.74;29.97;21.35;22.91;25.69;25.94;26.82;26.2;25.76;30.04;29.07;23.94;22.83;26.19;29.76;23.93;29.67;32.38;27.16;33.85;29.26;32.2;32.49;31.74;28.18;25.1;35.22;34.2;32.25;34.42;33.08;28.48;31.56;28.88
Lyre;16.89;20.05;21.84;24.85;24.76;27.55;17.87;21.72;20.66;22.82;17.96;22.49;21.99;22.17;23.65;27.22;24.7;22.51;20.56;18.38;23.29;25.81;25.63;22.71;24.3;21.24;18.79;19.91;15.21;21.17;17.64;19.8;23.72;18.88;20.41;18.17;18.74;18.07;14.38;13.67;15.91;15.41;16.06;15.77;14.17;12.25;12.66;14.46;11.85;25.58;27.24;23.45;26.67;25.66;27.12;29.47;27.73;25.17;23.53;24.51;24.36;22.63;23.14;25.58;18.13;18.18;20.26;25.84;22.54;19.26;19.34;19.39;19.73;21.19;22.18;22.74;19.82;16.87;18.76;16.97;19.57;15.11;17.92;20.79;21.24;20.48;19.21;29.17;24.67;29.63;27.44;28.3;22.55;26.19;28.89;31.14;36.4;29.47;27.04;25.14
Mace;3.49;3.33;3.98;3.61;3.21;3.52;3.32;4.37;3.54;3.75;3.82;3.58;3.61;4.65;3.24;3.91;3.66;3.55;3.2;3.08;3.04;3.7;3.46;2.58;3.86;3.66;3.54;3.56;3.42;3.52;3.47;3.98;2.98;3.29;3.39;3.0;2.47;2.37;2.75;2.2;2.08;2.04;1.36;3.29;3.34;3.45;3.4;3.83;3.41;3.52;3.96;4.42;4.38;3.65;4.52;5.23;5.21;5.01;5.83;4.46;4.67;3.69;3.79;3.54;3.56;3.53;3.35;3.31;3.36;3.22;3.64;3.23;3.23;3.6;4.69;4.08;4.23;3.75;3.5;3.65;4.66;4.24;3.66;3.37;4.28;3.66;4.57;4.19;3.22;3.19;3.63;3.5;3.09;2.83;3.24;3.73;3.05;3.37;2.93;2.95
Manacles;1.52;1.28;1.36;1.47;1.47;1.44;1.19;1.27;1.32;1.15;1.2;1.27;1.36;1.52;1.25;1.48;1.48;1.17;1.42;1.1;1.48;1.39;1.47;1.55;1.6;1.36;1.75;1.81;1.72;1.63;1.65;1.27;1.01;1.75;1.56;1.69;1.92;1.66;1.3;1.55;1.42;1.73;1.74;1.6;1.76;2.0;1.88;1.83;1.83;2.14;1.86;1.49;1.69;1.68;1.29;1.66;1.48;1.77;1.89;1.72;1.76;1.99;1.86;1.38;1.41;1.46;1.53;1.51;1.22;1.55;1.61;1.68;1.65;1.64;1.66;1.46;1.27;1.47;1.61;1.74;1.79;1.42;1.43;1.63;1.93;1.74;1.59;2.02;1.41;1.8;1.46;1.5
Map of the Region;5.95;9.22;6.81;8.48;6.93;9.11;7.46;7.62;7.34;5.84;6.98;6.64;4.69;6.68;5.41;6.05;5.58;6.08;5.23;4.69;4.83;5.23;4.84;4.74;5.38;5.07;4.83;4.64;5.09;5.28;4.35;4.25;4.35;4.59;4.22;7.91;8.74;8.12;9.99;6.88;8.15;7.33;7.17;6.76;8.18;5.47;7.75;8.95;8.27;8.56;9.53;7.65;7.5;9.47;7.11;6.75;7.79;9.77;8.85;6.38;7.28;7.75;6.75;8.26;7.75;6.33;7.64;8.02;9.34;7.29;8.79;10.49;10.16;7.92;8.13;7.88;7.19;8.65;7.6;8.48;10.09;10.23;8.98;6.79;8.02;7.92;7.28;7.24;6.51;6.21;6.07;8.03;9.43;9.11;8.87;7.69
Mason’s tools;4.98;8.84;7.2;8.61;10.99;9.05;9.61;8.58;9.86;9.97;8.8;11.42;8.81;8.4;9.28;10.99;11.87;9.35;8.3;8.72;7.66;6.42;7.69;6.34;8.16;6.01;6.84;6.3;8.24;7.57;7.99;7.05;7.58;7.72;7.69;8.09;6.98;7.79;6.69;6.3;5.31;6.27;6.5;6.14;5.64;5.75;8.61;7.85;6.68;8.48;7.16;7.49;8.04;8.36;6.82;6.74;6.91;5.77;5.66;5.7;7.45;5.39;7.05;6.33;7.9;7.1;5.65;6.84;7.82;7.06;7.37;8.17;9.46;7.5;7.16;5.97;8.94;8.13;8.42;8.09;7.59;8.82;9.37;8.2;7.88;9.18;10.18;9.11;11.93;12.27;11.99;10.96;11.76;10.7;10.98;7.8;8.52;7.2;6.55;6.6;6.02
Maul;6.83;6.76;6.68;7.95;7.83;6.19;5.85;6.91;7.35;7.2;6.54;5.94;6.7;6.54;6.9;6.5;6.54;6.15;5.72;6.72;5.37;5.34;6.28;5.26;6.12;5.86;6.46;6.04;6.09;6.03;7.15;7.4;7.27;7.95;8.79;7.57;8.83;8.05;8.81;9.5;7.85;8.79;6.78;7.75;7.76;7.26;8.7;7.67;11.05;9.49;10.3;9.97;7.29;8.0;7.29;7.23;7.42;6.47;6.19;8.09;7.11;9.6;7.16;6.75;8.38;7.44;6.93;7.88;9.03;7.55;7.01;7.35;7.68;8.93;8.68;8.61;10.5;10.49;11.61;8.11;11.37;10.86;9.91;9.43;9.58;9.72;9.45;10.28;10.85;9.54;6.6;6.28;6.93;7.18;8.07;9.16;7.86;7.24;7.28;8.12;6.53;8.08;6.79
Mirror, steel;2.13;2.59;2.12;3.02;3.19;3.48;3.52;4.14;3.94;3.84;3.56;3.62;3.25;3.03;3.81;4.21;3.61;3.83;3.94;3.51;4.13;3.16;3.11;3.29;3.57;3.87;4.27;4.16;4.53;4.37;4.15;3.77;3.96;3.74;3.42;3.34;3.16;3.36;2.95;4.41;3.87;3.64;2.96;3.26;3.12;2.32;3.43;2.7;2.76;3.02;3.55;3.34;3.19;3.41;4.3;4.0;4.02;3.88;4.38;4.51;4.81;4.31;2.99;4.15;4.13;2.7;4.55;4.15;3.65;2.98;3.69;3.66;3.99;3.5;3.77;4.15;3.77;3.72;3.54;3.44;3.63;4.04;3.99;3.68;3.65;2.76;3.49;3.15;3.23;3.92;3.64;4.37;4.56;4.81;4.37;4.69;4.29
Morningstar;11.33;10.63;13.39;10.49;8.55;10.94;12.28;11.46;9.11;9.18;9.57;10.12;11.89;10.83;9.04;9.23;11.28;10.7;10.96;11.44;9.89;12.8;9.89;10.09;9.84;11.75;11.77;12.54;10.53;10.3;10.77;10.9;10.35;13.04;10.52;9.9;11.78;9.55;10.82;13.83;12.31;12.81;11.6;12.62;14.18;11.29;11.96;13.93;15.26;17.44;20.24;17.75;16.77;15.17;14.16;17.92;14.76;14.89;9.34;13.08;13.76;11.39;16.77;12.96;13.94;11.74;11.08;10.37;9.15;9.81;12.34;10.1;10.77;10.35;10.82;9.93;10.19;10.23;9.49;13.89;10.53;11.38;9.44;9.44;11.88;10.91;13.52;10.68;12.18;10.21;14.03;12.18;14.39;14.62;14.7;14.48;14.93;11.57;14.62
Navigator’s tools;19.59;17.58;19.2;16.91;21.01;18.52;17.13;21.32;21.98;17.5;18.04;20.08;19.82;18.16;20.79;23.06;19.39;22.54;21.37;25.7;22.51;18.35;20.53;19.72;23.59;16.2;18.68;18.45;21.93;18.74;24.61;27.6;23.68;21.14;31.49;25.69;18.49;20.07;17.02;14.29;20.57;20.57;18.14;20.1;16.05;19.39;15.89;18.13;20.56;16.69;16.64;18.62;13.46;17.9;16.19;14.08;14.27;14.62;15.13;14.56;13.86;17.07;16.2;17.59;17.85;15.59;18.87;20.8;14.6;17.29;20.37;20.28;19.83;19.1;19.1;18.99;18.44;20.61;22.18;20.26;12.41;18.81;18.22;18.37;14.86;20.4;21.34;22.49;23.59;25.57;25.25;24.19;16.24;15.95;17.24;16.98;18.41;17.98;19.74;14.27;18.52;21.65
Net;0.81;0.86;0.66;0.64;0.51;0.59;0.63;0.57;0.34;0.42;0.44;0.48;0.43;0.46;0.39;0.72;0.73;0.69;0.91;0.77;0.84;0.67;0.62;0.65;0.61;0.84;0.73;0.71;0.83;0.74;0.79;0.72;0.81;0.74;0.66;0.59;0.75;0.71;0.67;0.77;0.69;0.69;0.63;0.65;0.7;0.69;0.66;0.66;0.55;0.66;0.61;0.65;0.75;0.78;0.56;0.77;0.72;0.64;0.59;0.54;0.56;0.54;0.68;0.83;0.8;0.8;0.83;0.8;0.81;0.98;0.7;0.69;0.88;0.66;0.78;0.83;0.71;0.66;0.75;0.79;0.79;0.78;0.76;0.74;0.67;0.74;0.77;0.8;0.66;0.68;0.68;0.64;0.93;0.8;0.75;0.77;0.84;0.92;0.83;0.87;0.71
Oil (flask);0.01;0.01;0.01;0.01;0.01;0.01;0.01;0.01;0.0;0.0;0.0;0.0;0.0;0.0;0.0;0.0;0.0;0.0;0.0;0.0;0.06;0.07;0.07;0.07;0.06;0.05;0.06;0.05;0.04;0.04;0.07;0.06;0.06;0.05;0.05;0.06;0.03;0.03;0.03;0.01;0.07;0.05;0.07;0.05;0.05;0.04;0.04;0.03;0.03;0.03;0.07;0.07;0.07;0.05;0.05;0.05;0.05;0.05;0.05;0.04;0.04;0.04;0.04;0.02;0.02;0.01;0.02;0.01;0.01;0.0;0.0;0.0;0.0;0.0;0.0;0.0;0.08;0.07;0.06;0.06;0.07;0.08;0.07;0.07;0.06;0.05;0.04;0.03;0.03;0.05;0.04;0.05;0.05;0.04;0.04;0.03;0.02;0.02;0.02;0.02;0.01
Padded;3.64;4.85;4.01;3.95;4.64;3.52;4.64;4.56;4.11;4.5;5.42;3.93;3.99;3.69;4.41;4.16;3.74;3.52;3.65;4.0;2.88;3.62;4.52;4.06;5.17;4.49;4.63;4.09;4.21;3.97;4.12;4.3;5.36;5.54;4.84;4.31;3.31;4.27;4.67;5.17;4.64;3.78;3.55;3.29;2.94;2.66;3.18;3.22;3.02;3.57;3.5;3.79;3.79;3.42;3.32;2.98;3.17;2.76;3.78;2.44;3.37;3.42;4.37;4.02;3.56;3.54;3.19;3.24;3.72;3.17;3.09;2.75;3.62;3.29;3.28;3.38;3.12;3.08;3.56;3.34;3.33;2.89;2.89;2.27;3.18;3.12;3.95;3.76;3.84;3.68;3.26;3.82;3.32;4.15;3.54;3.98;3.5;3.59;4.3;4.39;4.11;2.9;3.24
Painter’s supplies;6.65;7.27;7.46;7.59;7.35;6.77;7.54;6.39;6.96;8.69;8.03;7.7;6.26;6.96;7.48;6.06;7.26;7.11;7.43;6.89;6.79;6.09;5.03;5.21;4.95;5.23;5.77;5.57;6.93;6.19;6.92;6.44;6.24;6.38;6.59;6.84;7.28;5.99;5.55;6.94;5.94;7.29;7.47;7.57;7.22;8.47;9.01;8.54;9.4;7.61;8.74;12.0;9.01;10.29;9.44;10.96;7.96;6.6;7.02;8.16;8.31;8.45;7.96;6.18;6.34;7.66;6.05;4.6;5.44;6.28;5.6;5.84;5.57;6.58;6.47;8.31;8.34;6.89;7.93;9.27;9.87;8.38;8.31;7.68;8.25;5.72;6.92;6.04;7.73;7.49;6.96;7.9;8.11;6.16;9.62;9.7;9.32;10.72;9.39;11.42;9.48
Pan flute;9.29;9.96;9.66;9.67;8.72;10.89;10.66;10.42;11.11;11.19;8.54;8.0;8.6;8.99;7.36;8.6;8.34;9.4;11.05;10.65;11.87;11.14;8.36;10.33;8.37;8.19;7.28;8.25;7.55;6.89;7.11;7.7;8.68;7.17;8.0;8.76;8.88;9.22;7.92;8.78;6.44;7.26;7.32;6.58;6.96;9.07;9.82;9.54;9.47;9.32;9.32;10.09;9.25;9.39;8.11;7.38;6.89;7.82;7.05;7.74;7.61;10.1;7.63;10.74;7.94;9.63;10.87;9.15;7.86;9.64;8.37;7.7;8.55;7.63;8.82;8.46;8.38;7.58;7.32;6.81;9.88;9.77;7.44;7.72;8.49;7.16;9.36;6.87;7.67;7.21;8.15;6.93;9.45;11.53;8.32;10.38;8.9;8.68;9.06
Paper (one sheet);0.05;0.07;0.06;0.06;0.06;0.04;0.05;0.04;0.04;0.02;0.02;0.02;0.01;0.01;0.01;0.01;0.01;0.15;0.12;0.13;0.15;0.1;0.12;0.11;0.1;0.11;0.12;0.12;0.13;0.1;0.1;0.12;0.17;0.15;0.13;0.14;0.13;0.13;0.12;0.1;0.11;0.09;0.11;0.11;0.11;0.11;0.11;0.09;0.08;0.05;0.08;0.07;0.06;0.17;0.15;0.16;0.19;0.11;0.14;0.14;0.12;0.13;0.12;0.11;0.12;0.11;0.13;0.09;0.1;0.09;0.1;0.1;0.1;0.1;0.08;0.08;0.08;0.09;0.08;0.06;0.08;0.13;0.16;0.13;0.1;0.1;0.1;0.07;0.07;0.06;0.05;0.16;0.14;0.12;0.12;0.14;0.15;0.15;0.14;0.12;0.08;0.1;0.1
Parchment (one sheet);0.05;0.03;0.02;0.01;0.01;0.01;0.01;0.01;0.0;0.0;0.0;0.0;0.0;0.0;0.0;0.0;0.0;0.0;0.0;0.0;0.0;0.0;0.0;0.08;0.05;0.07;0.05;0.05;0.04;0.04;0.04;0.03;0.03;0.03;0.03;0.02;0.01;0.01;0.01;0.01;0.01;0.01;0.06;0.08;0.06;0.05;0.05;0.04;0.03;0.03;0.03;0.07;0.06;0.07;0.08;0.08;0.08;0.06;0.06;0.07;0.06;0.05;0.06;0.07;0.08;0.06;0.08;0.06;0.06;0.05;0.05;0.05;0.03;0.03;0.02;0.02;0.01;0.01;0.01;0.0;0.0;0.0;0.0;0.0;0.0;0.0;0.0;0.0;0.0;0.0;0.07;0.05;0.06;0.06;0.07;0.09;0.05;0.06;0.06
Perfume (vial);3.35;3.34;3.9;3.24;3.16;4.12;3.7;4.14;4.23;3.95;3.98;4.06;3.37;3.36;3.15;3.68;3.46;3.98;3.84;4.57;4.15;3.62;3.32;3.92;4.17;3.99;3.64;2.73;3.25;3.62;3.46;2.88;2.76;4.0;3.96;3.53;3.36;3.22;3.41;3.9;3.3;3.43;3.24;4.16;4.43;3.21;4.06;3.5;3.15;3.55;3.39;4.16;4.59;2.98;3.95;4.33;3.9;3.4;3.04;3.43;3.15;3.6;2.56;3.44;3.74;3.57;4.14;3.28;3.44;3.95;3.53;3.98;2.84;3.32;2.62;3.12;3.34;3.5;4.18;4.1;4.2;5.17;5.0;3.66;4.6;3.64;4.19;4.72;4.85;4.46;5.46;4.73;3.57;3.59;3.53;3.44;3.97
Pick, miner’s;1.35;1.44;1.1;1.36;1.33;1.09;1.38;1.32;1.73;1.78;1.72;1.56;1.25;1.7;1.33;1.63;1.51;1.39;1.54;1.65;1.44;1.52;1.77;1.31;1.57;1.37;1.23;1.61;1.39;1.4;1.69;1.38;1.43;1.55;1.79;1.36;1.89;1.57;1.69;1.96;1.85;2.23;2.11;2.05;1.86;2.61;2.38;2.11;2.54;1.96;2.17;1.54;1.54;1.5;1.47;1.46;1.29;1.37;1.38;1.26;1.22;1.31;0.94;1.26;1.2;1.12;1.14;0.99;1.03;1.15;0.99;1.06;1.12;1.34;1.03;1.19;1.21;1.39;1.31;1.07;1.37;1.42;1.19;1.52;1.49;1.63;1.25;1.69;1.19;1.36;1.29;1.78;1.4;1.34;1.47;1.35;1.39;1.37
Pike;3.12;3.81;3.64;3.81;4.19;4.13;4.07;3.88;3.32;4.23;4.67;4.21;3.11;3.04;3.84;3.03;4.83;4.42;4.2;3.73;4.3;4.04;4.06;3.87;3.15;4.17;3.08;4.0;4.23;3.77;3.82;3.35;3.57;3.58;3.73;3.67;3.05;4.2;4.25;3.04;3.73;3.49;3.71;3.68;4.1;3.93;3.14;3.14;3.99;3.1;3.51;3.25;3.35;3.28;3.78;2.96;3.49;2.79;2.58;3.97;4.15;4.22;3.34;3.23;4.52;3.73;3.73;3.93;3.65;3.72;3.97;3.71;3.87;3.86;3.66;4.36;3.39;4.34;4.35;3.91;3.52;3.79;3.54;3.62;3.97;3.46;4.43;3.56;3.3;2.89;3.68;4.12;3.51;3.38;3.51;3.54;3.56
Piton;0.01;0.01;0.01;0.01;0.01;0.01;0.01;0.03;0.02;0.02;0.03;0.03;0.02;0.02;0.01;0.01;0.01;0.0;0.0;0.0;0.0;0.0;0.0;0.0;0.0;0.0;0.04;0.03;0.03;0.03;0.03;0.03;0.02;0.01;0.0;0.0;0.0;0.0;0.0;0.03;0.02;0.03;0.03;0.02;0.03;0.03;0.02;0.02;0.01;0.0;0.0;0.0;0.0;0.0;0.0;0.0;0.0;0.0;0.0;0.04;0.03;0.03;0.02;0.03;0.02;0.02;0.01;0.0;0.0;0.0;0.0;0.0;0.0;0.0;0.0;0.03;0.02;0.02;0.02;0.02;0.01;0.01;0.04;0.03;0.03;0.02;0.01;0.01;0.0;0.0;0.0;0.0;0.0;0.0;0.0;0.03;0.03;0.02
Plate;852.58;1087.82;1150.04;1316.7;1170.44;1155.72;1377.48;1150.83;1182.74;1107.56;1074.93;1240.07;1139.85;932.67;1042.44;905.73;990.89;891.09;778.08;954.25;985.85;966.65;891.33;784.79;870.76;970.4;898.11;738.05;1082.91;1147.97;1048.88;1177.15;1072.96;1274.59;1053.84;1103.19;1120.9;1071.59;1247.89;1140.08;1175.04;1143.28;1438.12;1199.54;1562.3;1364.45;1376.25;1101.62;1253.44;1229.79;1496.12;1245.7;1272.18;1132.35;1251.33;1321.53;1208.59;1176.24;1215.59;1168.17;962.58;1225.22;1111.27;1044.86;1232.97;922.44;1207.73;1067.35;1083.9;967.68;953.07;800.07;1227.19;914.03;1245.81;1028.4;1265.29;1136.95;1167.23;1122.32;969.62;903.15;888.32;1004.05;1136.69;1202.34;1129.48;1040.23;953.58;1010.61;1030.8;1293.91;852.5;1076.41;1219.01;1194.88;1162.83;1181.43;1149.79;1124.71;1258.27
Playing card set;0.36;0.33;0.33;0.34;0.31;0.31;0.31;0.33;0.33;0.25;0.26;0.27;0.25;0.35;0.32;0.33;0.26;0.21;0.3;0.26;0.27;0.23;0.26;0.21;0.25;0.24;0.25;0.21;0.21;0.18;0.16;0.17;0.17;0.18;0.17;0.18;0.18;0.19;0.2;0.37;0.34;0.34;0.31;0.3;0.32;0.23;0.33;0.32;0.31;0.31;0.25;0.24;0.23;0.22;0.22;0.21;0.21;0.24;0.2;0.23;0.2;0.2;0.19;0.14;0.13;0.13;0.1;0.35;0.35;0.27;0.26;0.34;0.26;0.23;0.26;0.21;0.26;0.22;0.24;0.22;0.21;0.21;0.19;0.22;0.22;0.2;0.21;0.19;0.43;0.45;0.35;0.28;0.32;0.31;0.38;0.28;0.27;0.38;0.31;0.34;0.27;0.29;0.32;0.23;0.36;0.33;0.35
Poison, basic (vial);84.41;81.34;61.96;71.96;69.0;68.03;82.09;68.6;54.95;65.08;75.67;53.62;75.22;57.03;61.52;59.14;68.49;77.22;74.47;71.03;71.44;76.65;73.0;76.89;75.18;77.29;73.6;67.89;79.3;72.53;80.52;73.45;86.65;91.74;69.88;72.01;64.59;77.8;79.31;77.89;75.22;91.14;87.7;72.95;75.17;85.31;55.9;61.02;81.13;50.93;62.69;73.03;54.48;67.49;66.82;82.26;80.27;76.67;97.53;87.1;99.76;83.63;69.9;100.3;92.07;74.55;71.53;62.61;67.78;61.39;62.18;77.56;60.95;81.45;65.91;64.03;63.81;78.11;68.15;72.29;62.83;65.39;65.87;83.16;69.41;89.06;89.77;103.41;83.96;86.71;79.95;65.62;78.61
Pole (10-foot);0.02;0.02;0.01;0.01;0.01;0.01;0.03;0.03;0.03;0.03;0.02;0.01;0.01;0.01;0.03;0.03;0.02;0.03;0.02;0.02;0.02;0.01;0.0;0.0;0.0;0.0;0.0;0.0;0.0;0.0;0.0;0.0;0.0;0.0;0.03;0.03;0.02;0.02;0.02;0.02;0.01;0.01;0.0;0.0;0.0;0.0;0.03;0.02;0.02;0.01;0.0;0.0;0.04;0.03;0.03;0.03;0.03;0.02;0.02;0.01;0.0;0.0;0.0;0.0;0.0;0.0;0.0;0.0;0.0;0.0;0.0;0.0;0.0;0.0;0.0;0.0;0.0;0.0;0.0;0.0;0.0;0.0;0.0;0.0;0.0;0.0;0.0;0.0;0.0;0.0;0.03;0.03;0.02;0.02;0.01;0.01;0.0;0.0;0.0;0.0;0.0
Pot, iron;1.14;1.44;1.82;1.72;1.57;1.49;1.37;1.29;1.32;1.25;1.15;1.18;1.67;1.36;1.22;1.0;1.57;1.5;1.47;1.8;1.65;1.56;1.54;1.53;1.67;1.56;1.5;1.62;1.53;1.73;1.73;1.78;1.9;1.81;1.31;1.5;1.99;1.4;1.8;1.65;1.84;1.78;1.81;1.28;1.55;1.64;1.34;1.28;1.25;1.25;1.2;0.99;1.15;1.49;1.06;0.97;1.09;1.28;1.02;1.24;0.84;0.78;1.01;0.93;1.48;1.7;1.82;1.65;1.76;1.32;1.03;1.15;1.5;1.76;1.53;1.45;1.7;1.52;1.34;1.35;1.55;1.45;1.81;1.18;1.49;1.65;1.46;1.33;1.46;1.56;1.89;1.31;1.36;1.25
Potion of Healing;34.19;24.63;25.65;28.11;29.6;34.59;30.5;43.21;48.25;64.03;39.64;36.88;33.79;28.99;41.37;36.42;43.31;33.85;40.88;32.93;38.37;42.89;47.23;43.72;47.6;42.66;99.74;40.27;107.47;42.41;73.66;49.01;68.42;42.39;56.58;32.97;66.52;35.56;34.82;85.82;38.12;37.18;71.26;38.69;45.33;53.42;48.38;40.3;40.58;38.65;42.28;43.22;49.12;42.78;40.14;38.72;38.02;32.78;44.59;38.39;42.89;45.62;100.65;41.35;95.2;28.16;33.7;35.43;68.88;50.83;37.37;76.91;41.26;42.66;40.55;40.29;31.93;32.57;36.79;34.74;84.48;29.61;92.95;35.15;34.21;32.13;38.11;32.18;40.0;47.64;43.29;33.15;39.58;41.75;44.68;45.25;88.96;39.21;110.83;39.32;109.09;38.19;89.63;37.64;98.35;39.06;83.62;31.54;39.11;44.02;42.9;89.87;33.78;37.4;38.6;33.17;32.37;39.18
Potter’s tools;10.04;7.24;8.96;9.04;7.97;8.48;7.82;7.05;9.88;5.73;7.16;7.77;8.06;7.39;7.63;7.77;6.15;6.35;5.29;4.01;5.47;6.56;6.94;6.68;4.31;7.87;8.27;8.22;8.96;7.93;8.6;8.71;8.41;7.36;7.37;6.63;7.38;7.37;7.44;7.08;5.86;5.6;7.18;5.68;6.56;6.48;9.83;10.04;8.14;7.4;7.25;6.47;7.1;6.64;8.29;7.06;7.65;7.63;6.81;9.71;8.22;8.18;7.56;8.73;9.1;9.68;6.88;6.82;7.59;6.13;5.15;6.25;6.9;6.92;6.2;7.34;7.78;7.5;8.12;7.19;8.0;8.18;7.27;7.42;8.65;7.46;6.89;6.6;6.84;8.58;8.19;8.91;7.99;8.04;7.6;8.42
Pouch;0.43;0.44;0.3;0.42;0.39;0.28;0.37;0.4;0.37;0.39;0.43;0.26;0.3;0.29;0.34;0.38;0.36;0.4;0.37;0.34;0.39;0.32;0.34;0.37;0.39;0.36;0.37;0.31;0.38;0.33;0.23;0.26;0.28;0.32;0.3;0.27;0.24;0.31;0.32;0.33;0.31;0.29;0.32;0.33;0.37;0.34;0.32;0.31;0.4;0.43;0.47;0.28;0.32;0.39;0.38;0.31;0.32;0.27;0.26;0.32;0.26;0.32;0.31;0.3;0.33;0.28;0.31;0.26;0.31;0.28;0.3;0.31;0.27;0.31;0.26;0.24;0.28;0.24;0.32;0.28;0.31;0.42;0.33;0.35;0.33;0.33;0.32;0.3;0.31;0.25;0.26;0.21;0.23;0.19;0.34;0.41;0.4;0.36;0.41
Quarterstaff;0.07;0.18;0.19;0.17;0.13;0.14;0.18;0.17;0.15;0.15;0.16;0.14;0.15;0.14;0.16;0.16;0.15;0.19;0.11;0.17;0.14;0.15;0.15;0.12;0.17;0.15;0.13;0.13;0.14;0.14;0.13;0.13;0.1;0.12;0.09;0.08;0.09;0.1;0.08;0.09;0.1;0.1;0.08;0.14;0.15;0.14;0.12;0.16;0.14;0.14;0.13;0.1;0.1;0.1;0.18;0.13;0.14;0.17;0.14;0.16;0.15;0.14;0.13;0.15;0.13;0.1;0.12;0.11;0.12;0.13;0.09;0.09;0.08;0.13;0.13;0.16;0.14;0.14;0.15;0.13;0.13;0.13;0.13;0.14;0.14;0.12;0.12;0.14;0.16;0.15;0.14;0.12;0.11;0.13;0.13;0.13;0.09
Quiver;0.41;0.45;0.34;0.37;0.38;0.29;0.27;0.32;0.32;0.41;0.3;0.56;0.75;0.56;0.66;0.57;0.64;0.56;0.87;0.59;0.69;0.63;0.75;0.75;0.6;0.65;0.66;0.62;0.7;0.7;0.7;0.62;0.6;0.56;0.43;0.49;0.41;0.63;0.55;0.51;0.5;0.5;0.57;0.5;0.6;0.54;0.53;0.62;0.58;0.55;0.57;0.64;0.66;0.57;0.64;0.87;0.82;0.63;0.78;0.67;0.68;0.82;0.93;0.68;0.59;0.63;0.73;0.58;0.66;0.75;0.67;0.74;0.6;0.59;0.51;0.59;0.61;0.61;0.63;0.51;0.58;0.47;0.77;0.56;0.78;0.82;0.72;0.76;0.66;0.61;0.57;0.71;0.69;0.46;0.68;0.7;0.71;0.71;0.74;0.56;0.62;0.78;0.93;0.76
Ram, portable;2.77;4.21;4.07;4.34;4.2;3.05;2.7;2.68;2.8;2.89;4.34;3.24;2.96;2.75;3.23;3.49;2.89;3.35;2.95;2.35;2.4;2.81;2.79;2.28;2.18;2.69;2.96;2.65;2.9;2.8;2.26;2.61;2.58;3.09;2.41;2.83;2.51;3.18;2.71;2.84;3.24;2.89;2.87;3.28;3.36;3.07;2.79;2.84;3.14;2.96;3.06;3.1;2.62;2.87;2.69;2.21;2.48;3.4;3.12;2.99;3.07;2.87;2.71;3.15;3.1;2.56;3.2;3.58;2.68;3.41;3.04;3.88;3.03;3.34;2.92;2.6;3.21;2.47;2.27;3.14;2.86;2.46;2.72;2.51;2.25;2.44;3.08;2.47;2.74;2.92;2.87;3.17;2.56;2.89;2.7;2.4
Rapier;18.03;20.37;18.29;16.03;18.57;15.06;17.07;16.09;15.9;17.21;19.82;16.68;16.43;13.27;17.85;14.85;15.45;15.56;14.63;18.98;17.02;14.5;16.37;18.37;19.0;16.86;17.29;17.85;17.52;19.35;18.73;18.81;18.12;17.83;19.1;19.78;19.92;22.44;20.23;19.52;26.86;20.91;21.5;20.38;21.65;20.21;21.2;17.83;16.85;15.89;12.66;15.31;17.95;22.41;19.55;21.53;22.56;19.6;22.03;20.24;11.19;18.62;19.1;16.04;21.02;19.83;21.97;19.02;17.96;19.32;19.44;19.87;17.56;18.43;15.69;24.03;22.3;27.43;32.51;18.07;22.69;23.24;23.04;23.5;20.39;20.0;22.28;26.31;26.1;26.31;25.42;23.13;18.08;20.04;14.76;17.59;18.28;18.58;15.96;13.1;18.14
Rations (1 day);0.41;0.39;0.3;0.37;0.33;0.39;0.43;0.4;0.4;0.39;0.46;0.37;0.35;0.38;0.4;0.32;0.38;0.36;0.43;0.39;0.39;0.3;0.36;0.33;0.31;0.42;0.33;0.35;0.31;0.41;0.4;0.4;0.37;0.37;0.4;0.42;0.39;0.39;0.4;0.37;0.37;0.34;0.29;0.37;0.39;0.35;0.31;0.31;0.37;0.34;0.35;0.44;0.48;0.44;0.51;0.41;0.42;0.5;0.43;0.41;0.43;0.3;0.39;0.41;0.3;0.33;0.32;0.37;0.28;0.33;0.3;0.29;0.34;0.37;0.43;0.37;0.36;0.46;0.31;0.41;0.33;0.39;0.32;0.32;0.38;0.38;0.33;0.36;0.44;0.41;0.44;0.41;0.38;0.36;0.39;0.44;0.35;0.33
Ring mail;23.2;23.11;15.16;19.79;21.41;19.99;18.29;21.04;18.21;22.15;21.38;16.8;23.39;18.08;21.01;16.64;22.44;14.41;20.21;21.88;24.14;22.28;20.2;22.26;18.62;23.22;23.1;19.79;23.36;24.69;22.54;22.0;24.4;24.65;30.26;24.45;27.65;29.35;23.86;30.99;23.04;26.85;36.17;34.23;30.55;22.63;27.68;30.72;25.02;28.35;27.98;26.7;23.78;19.06;20.5;25.66;24.03;24.77;18.91;24.37;25.58;20.55;24.51;18.72;21.5;24.13;25.46;26.87;24.77;22.89;29.87;23.52;29.3;23.92;28.04;25.96;26.69;23.97;23.9;19.76;25.73;24.44;25.78;27.69;29.45;27.14;29.58;29.17;31.1;29.72;31.15;25.31;27.28;27.76;28.99;28.22;21.89;26.25;25.21;26.45;33.32;30.92;26.54
Robes;0.73;0.95;0.82;0.79;0.92;0.9;0.75;0.83;0.91;0.92;1.03;1.05;0.96;0.81;0.85;0.73;0.77;0.9;0.81;0.99;0.96;0.76;0.73;0.76;0.61;0.7;0.73;0.86;0.73;0.79;0.8;0.71;0.79;0.78;0.61;0.78;0.55;0.73;0.56;0.7;0.61;0.61;0.51;0.47;0.5;0.48;0.44;0.44;0.45;0.38;0.37;0.37;0.41;0.38;0.39;0.69;0.66;0.66;0.66;0.83;0.6;0.68;0.61;0.73;0.85;0.71;0.62;0.61;0.55;0.83;0.73;0.65;0.65;0.61;0.64;0.67;0.74;0.7;0.75;0.72;0.78;0.6;0.9;0.69;0.59;0.65;0.97;0.88;0.94;0.7;0.65;0.76;0.71;0.84;0.62;0.68;0.88;0.85;0.85;0.84;0.96;0.73
Rope, 50 feet;0.8;0.8;0.66;0.71;0.66;0.69;0.79;0.73;0.67;0.74;0.62;0.82;0.61;0.64;0.63;0.65;0.76;0.67;0.84;0.79;0.77;0.85;0.74;0.68;0.63;0.66;0.61;0.64;0.68;0.75;0.72;0.59;0.71;0.8;0.8;0.76;0.61;0.69;0.97;0.76;0.75;0.74;0.6;0.73;0.67;0.74;0.63;0.7;0.81;0.66;0.74;0.64;0.62;0.61;0.61;0.74;0.7;0.7;0.68;0.67;0.79;0.62;0.72;0.79;0.56;0.83;0.73;0.79;0.83;0.79;0.92;0.73;0.73;0.58;0.73;0.64;0.71;0.82;0.65;0.69;0.57;0.73;0.67;0.65;0.81;0.73;0.6;0.69;0.71;0.71;0.68;0.56;0.62;0.73;0.72;0.69;0.75;0.72;0.7;0.74;0.82
Rope, hempen (50 feet);0.36;0.74;0.73;0.68;0.74;0.84;0.7;0.66;0.62;0.58;0.68;0.75;0.74;0.7;0.7;0.76;0.7;0.7;0.58;0.54;0.63;0.56;0.75;0.56;0.67;0.57;0.67;0.7;0.66;0.76;0.91;0.65;0.69;0.72;0.66;0.69;0.77;0.65;0.76;0.85;0.81;0.71;0.68;0.77;0.71;0.58;0.62;0.68;0.55;0.47;0.56;0.5;0.45;0.47;0.47;0.59;0.53;0.75;0.74;0.68;0.78;0.8;0.69;0.7;0.83;0.85;0.77;1.01;0.63;0.78;0.88;0.94;0.84;0.75;0.78;0.83;0.8;0.88;0.93;0.65;0.82;0.8;0.84;0.65;0.65;0.57;0.66;0.54;0.59;0.51;0.37;0.39;0.39;0.44;0.31;0.43;0.3;0.64
Rope, silk (50 feet);8.07;7.19;6.75;7.16;6.99;6.88;7.08;8.02;6.6;6.4;7.85;6.27;7.01;6.37;6.71;8.34;7.22;7.8;7.08;6.34;5.86;4.83;6.8;6.26;5.99;7.11;6.55;5.96;7.98;6.79;7.24;6.29;7.09;6.5;7.62;8.76;7.94;10.76;10.47;9.68;8.81;10.18;9.65;9.12;6.93;9.15;8.65;6.25;8.5;7.54;7.89;7.51;8.81;8.96;8.85;8.48;8.18;7.75;7.94;9.44;7.59;6.22;6.91;6.94;7.89;6.32;6.71;7.53;6.4;7.19;6.95;6.63;7.59;5.04;5.48;5.87;4.75;6.52;5.53;5.52;6.13;6.04;7.28;5.19;4.96;5.55;6.83;5.58;8.59;7.23;8.02;7.26;7.13;5.4;6.09;7.18;6.04;7.01;6.35;7.62;6.63;7.45;8.48;7.11;7.75;6.26
Sack;0.01;0.01;0.01;0.01;0.01;0.01;0.01;0.01;0.0;0.0;0.0;0.0;0.0;0.02;0.02;0.02;0.01;0.01;0.01;0.01;0.0;0.0;0.0;0.0;0.0;0.0;0.0;0.0;0.0;0.0;0.0;0.02;0.02;0.02;0.01;0.01;0.01;0.01;0.01;0.01;0.01;0.01;0.0;0.0;0.0;0.0;0.0;0.0;0.0;0.0;0.0;0.02;0.01;0.0;0.0;0.0;0.0;0.0;0.0;0.0;0.0;0.0;0.0;0.0;0.0;0.0;0.0;0.0;0.0;0.0;0.0;0.0;0.0;0.0;0.0;0.02;0.02;0.01;0.01;0.01;0.01;0.0;0.0;0.0;0.0;0.0;0.02;0.02;0.02;0.02;0.01;0.01;0.0;0.0;0.0;0.0;0.02;0.01;0.0
Saddlebags;2.5;2.41;2.36;2.41;2.56;2.42;2.67;3.23;2.7;2.55;2.58;2.6;2.35;2.54;2.63;3.13;2.95;3.35;3.29;3.24;3.24;3.67;3.64;2.88;3.68;3.24;3.6;4.15;2.71;2.61;3.37;3.15;3.62;3.11;3.17;2.77;2.97;2.85;3.13;3.16;3.36;3.17;3.25;3.4;2.8;2.76;2.82;2.54;3.33;3.34;2.75;2.88;3.17;2.94;2.51;3.54;2.95;2.69;3.69;2.65;2.87;2.43;2.87;2.34;2.66;2.74;1.81;2.42;2.22;3.37;3.36;2.84;3.63;3.05;3.44;3.1;3.02;2.75;3.18;2.8;2.86;3.23;2.91;2.72;3.03;3.07;3.16;2.96;3.7;2.66;3.52;3.44;3.76;3.63;4.01;3.17;3.04;2.74;2.79;3.29
Scale mail;46.47;37.9;42.44;39.65;39.82;31.4;32.14;37.93;37.76;29.24;41.1;37.4;41.33;45.74;38.31;33.87;29.35;39.54;40.45;40.01;40.19;36.15;34.54;38.75;36.62;47.5;40.43;48.27;40.32;39.83;43.26;39.81;35.63;40.4;34.07;45.47;40.1;36.94;37.44;36.75;30.82;42.93;35.89;41.59;40.15;34.33;36.95;39.1;42.87;42.97;37.27;42.22;36.95;42.95;44.78;43.19;43.01;37.24;39.33;41.52;36.3;30.63;39.29;33.63;38.62;31.81;36.63;39.5;45.56;46.8;43.52;45.19;51.39;40.4;47.45;51.94;55.51;69.48;57.64;46.27;57.64;56.97;53.74;40.92;37.63;33.41;32.21;35.03;34.57;30.13;40.65;27.85;30.95;26.72;29.51;28.25;32.27;37.55;40.57;40.88;49.35
Scale, merchant’s;4.44;3.88;4.55;3.65;3.76;4.33;4.46;3.96;5.04;4.06;5.8;3.19;4.06;3.07;3.97;3.4;3.19;3.47;3.23;3.52;3.57;3.59;3.06;2.9;3.17;4.0;3.58;3.56;3.63;3.4;3.79;4.97;4.05;4.57;5.61;4.22;3.86;4.0;4.25;4.32;3.72;3.62;2.64;3.36;3.07;3.35;3.26;2.79;3.64;3.28;2.58;2.57;3.72;3.53;3.41;3.74;4.52;4.15;4.56;3.23;4.26;3.57;3.3;3.49;3.26;3.42;4.19;4.3;3.92;3.64;3.33;3.56;3.24;3.47;3.19;3.46;2.92;2.82;3.52;4.13;4.38;4.19;3.27;3.7;3.37;2.08;3.98;4.22;3.7;2.91;3.28;3.22;3.31;3.42;3.67;3.63;3.29;3.96;2.91;3.28
Scimitar;18.93;21.43;22.0;20.42;25.37;20.57;20.73;15.12;16.88;21.22;19.45;16.99;16.78;17.89;21.31;16.04;21.35;20.19;19.44;19.23;19.12;20.92;19.56;21.28;17.15;17.33;23.66;21.19;20.83;20.36;16.08;19.6;18.81;15.5;16.31;17.57;16.08;18.27;17.74;17.26;18.75;17.16;18.81;19.31;16.59;18.04;19.62;17.29;18.24;17.95;18.05;15.14;17.26;18.5;16.65;14.95;18.95;16.25;20.73;21.2;16.89;19.42;16.61;18.49;20.52;16.28;15.11;15.02;16.44;16.71;14.09;16.92;17.17;19.65;18.24;17.8;19.55;19.25;17.08;20.12;22.97;15.65;19.15;19.28;20.55;18.03;19.86;18.24;17.93;22.14;17.03;17.5;17.38;16.96;20.07;18.45
Sealing wax;0.3;0.29;0.33;0.32;0.26;0.32;0.38;0.36;0.36;0.46;0.31;0.32;0.37;0.32;0.37;0.32;0.39;0.35;0.34;0.46;0.25;0.44;0.38;0.29;0.36;0.3;0.33;0.31;0.34;0.45;0.45;0.41;0.42;0.46;0.46;0.52;0.55;0.48;0.48;0.33;0.39;0.28;0.35;0.26;0.43;0.42;0.38;0.34;0.39;0.34;0.37;0.33;0.35;0.37;0.42;0.35;0.36;0.32;0.36;0.29;0.34;0.37;0.33;0.34;0.28;0.33;0.29;0.37;0.23;0.41;0.42;0.38;0.41;0.45;0.41;0.47;0.41;0.38;0.32;0.3;0.31;0.24;0.25;0.26;0.18;0.17;0.19;0.16;0.2;0.15;0.18;0.2;0.16;0.17;0.31;0.38;0.34;0.33
Shawm;1.45;1.66;1.39;1.73;1.53;1.63;1.6;1.45;1.29;1.58;1.36;1.31;1.83;1.27;1.23;1.82;1.48;1.39;1.56;1.24;1.38;1.37;1.31;1.58;1.25;1.15;1.41;2.0;1.63;1.33;1.47;1.28;1.81;1.53;1.35;1.43;1.55;1.43;1.49;1.44;1.5;1.99;1.63;1.86;1.58;1.72;1.91;1.53;1.49;1.23;1.68;1.4;1.61;1.71;1.82;1.3;1.42;1.53;1.44;1.65;1.72;1.75;1.57;1.84;1.69;1.34;1.63;1.36;1.6;1.6;1.38;1.63;1.44;1.48;1.43;1.54;1.53;1.41;1.61;1.52;1.62;1.54;1.65;1.28;1.39;1.68;1.32;1.33;1.27;1.3;1.21;1.62;1.44;1.92;1.61;1.63;1.48;1.63;1.79;1.55
Shield;8.26;6.56;7.28;7.3;7.73;6.73;7.83;6.68;8.02;8.23;7.29;6.43;7.68;7.13;6.06;7.38;7.17;6.27;6.92;7.62;6.64;7.47;8.66;7.51;9.23;8.7;7.71;7.37;9.18;8.1;6.6;6.74;7.32;6.94;6.91;8.0;8.41;7.68;7.2;6.46;5.88;7.8;6.95;6.58;8.24;7.41;5.85;5.89;4.88;5.3;4.87;5.37;4.64;5.18;4.57;5.55;4.44;6.06;4.99;5.1;5.17;5.76;5.41;5.07;5.65;6.51;6.55;6.27;5.81;5.18;6.79;8.3;5.67;7.72;4.49;5.96;6.42;6.19;4.98;6.46;7.27;5.36;5.28;6.7;5.77;5.7;5.94;6.12;7.79;6.23;6.3;6.31;5.91;7.09;6.36;8.82;7.51;6.56;5.69;6.29;5.79;6.85
Shortbow;15.25;16.49;21.04;17.88;18.28;19.66;18.1;24.2;19.71;13.61;16.47;19.2;18.33;18.0;20.9;16.85;13.87;17.41;15.1;16.41;24.55;25.96;25.15;22.81;27.65;20.02;20.15;22.39;22.41;16.39;21.67;18.82;20.29;16.76;14.85;16.47;15.11;19.9;14.19;20.03;23.17;19.9;18.48;18.87;19.86;17.51;17.79;15.2;13.72;15.19;12.97;12.2;12.53;13.5;10.81;9.36;13.37;13.35;19.09;20.09;17.21;23.88;23.05;22.27;17.18;21.99;23.85;21.68;21.09;19.79;22.6;18.69;20.92;18.19;18.05;17.5;17.37;16.94;16.58;18.17;21.66;19.27;22.27;19.7;16.75;20.15;17.7;21.35;20.24;21.58;18.69;18.76;15.47;14.54;17.63;16.83;16.83;16.96
Shortsword;6.54;6.98;9.43;8.82;7.46;6.78;6.2;6.93;4.7;5.57;5.09;5.27;5.6;6.8;6.08;5.61;6.23;4.89;5.94;5.81;6.23;5.01;5.24;6.99;5.6;6.61;5.54;5.55;6.1;7.14;7.74;6.99;8.12;9.32;8.16;6.71;8.55;7.5;7.75;8.21;8.05;6.37;5.96;7.73;6.36;6.57;6.19;4.95;5.23;5.58;5.16;5.46;5.65;5.74;5.22;6.01;7.22;6.22;7.65;7.26;6.85;5.27;6.97;6.32;5.79;5.31;5.56;5.11;8.09;6.71;7.71;6.93;7.69;6.5;6.91;7.93;7.89;5.72;6.23;8.26;6.36;5.77;6.08;7.8;6.9;8.09;8.48;8.1;8.17;8.27;6.53;7.51;7.7;7.11;7.95;7.78;6.92
Sickle;0.79;0.69;0.76;0.73;0.81;0.74;0.72;0.83;0.84;1.01;0.89;0.92;0.97;0.79;1.01;0.96;0.96;1.02;0.97;0.82;0.64;0.7;0.65;0.73;0.59;0.48;0.61;0.59;0.66;0.51;0.54;0.51;0.62;0.53;0.49;0.48;0.59;0.56;0.43;0.57;0.7;0.69;0.56;0.66;0.7;0.63;0.63;0.62;0.61;0.59;0.78;0.62;0.6;0.71;0.7;0.67;0.73;0.59;0.59;0.55;0.6;0.48;0.4;0.53;0.6;0.38;0.51;0.41;0.78;0.74;0.74;0.8;0.62;0.76;0.63;0.64;0.65;0.63;0.61;0.57;0.61;0.76;0.9;0.73;0.68;0.72;0.71;0.72;0.69;0.55;0.79;0.84;0.75;0.87
Signal whistle;0.01;0.01;0.04;0.03;0.03;0.02;0.02;0.02;0.03;0.04;0.04;0.02;0.02;0.01;0.0;0.03;0.03;0.03;0.02;0.03;0.01;0.01;0.0;0.0;0.0;0.0;0.0;0.0;0.0;0.0;0.0;0.0;0.0;0.0;0.0;0.0;0.0;0.0;0.0;0.03;0.03;0.03;0.03;0.03;0.03;0.03;0.03;0.03;0.03;0.02;0.02;0.01;0.03;0.03;0.03;0.04;0.02;0.03;0.02;0.02;0.02;0.02;0.01;0.0;0.0;0.0;0.0;0.0;0.0;0.0;0.0;0.0;0.0;0.0;0.0;0.0;0.0;0.0;0.03;0.02;0.02;0.01;0.01;0.0;0.0;0.0;0.0;0.0;0.0;0.0;0.0;0.04;0.02;0.02;0.03;0.02;0.01;0.0
Signet ring;3.29;3.11;4.24;3.23;3.95;3.58;3.72;2.85;2.77;2.94;2.83;2.89;2.68;2.61;3.25;3.06;3.24;3.29;2.82;3.12;4.34;4.49;4.31;3.76;4.13;4.63;4.86;3.29;4.57;4.41;5.51;4.8;4.48;4.86;5.96;4.45;4.6;3.84;3.4;3.53;4.49;3.93;3.6;4.15;4.24;3.4;3.79;2.69;3.15;3.49;3.35;3.02;3.63;3.77;3.89;3.64;4.37;3.99;4.08;3.59;4.11;3.6;4.04;4.49;4.04;3.77;4.03;3.44;3.22;3.56;2.97;3.55;3.39;3.73;3.62;3.94;3.97;4.39;3.21;3.72;3.24;3.35;3.64;3.49;3.29;3.14;2.76;2.84;2.79;3.08;3.45;2.4;2.42;2.16;2.45;2.68;3.69;2.8;2.55;2.91
Sling;0.06;0.08;0.06;0.06;0.06;0.05;0.05;0.05;0.06;0.06;0.07;0.06;0.06;0.06;0.07;0.06;0.05;0.06;0.05;0.04;0.04;0.03;0.03;0.08;0.08;0.06;0.07;0.06;0.05;0.06;0.05;0.04;0.08;0.06;0.05;0.07;0.07;0.06;0.05;0.04;0.07;0.08;0.04;0.06;0.05;0.05;0.05;0.03;0.03;0.07;0.07;0.08;0.06;0.06;0.06;0.05;0.06;0.04;0.05;0.04;0.03;0.02;0.03;0.02;0.02;0.07;0.06;0.06;0.06;0.05;0.04;0.04;0.07;0.07;0.06;0.06;0.06;0.07;0.05;0.05;0.03;0.03;0.02;0.02;0.08;0.07;0.06;0.07;0.07;0.07;0.07;0.06;0.06
Sling bullets (20);0.02;0.02;0.02;0.01;0.01;0.03;0.01;0.03;0.03;0.02;0.02;0.02;0.02;0.03;0.02;0.02;0.01;0.02;0.02;0.02;0.02;0.02;0.02;0.02;0.01;0.0;0.0;0.0;0.0;0.0;0.0;0.0;0.0;0.0;0.0;0.0;0.0;0.0;0.0;0.0;0.0;0.0;0.0;0.0;0.0;0.0;0.0;0.0;0.0;0.0;0.0;0.0;0.0;0.0;0.0;0.0;0.0;0.0;0.0;0.0;0.0;0.0;0.0;0.0;0.0;0.0;0.0;0.0;0.0;0.0;0.0;0.0;0.0;0.0;0.0;0.0;0.0;0.0;0.0;0.0;0.0;0.0;0.0;0.0;0.03;0.02;0.03;0.01;0.01;0.0;0.0;0.0;0.0;0.0;0.0;0.0;0.0;0.0;0.0;0.0;0.0;0.0;0.0;0.0
Smith’s tools;24.5;25.31;23.16;19.78;23.47;20.62;20.25;20.49;18.12;21.57;24.38;17.34;22.05;24.0;21.86;20.09;16.55;20.8;16.92;21.98;17.66;22.48;17.98;21.81;18.77;19.75;20.14;18.17;21.97;12.66;16.66;14.83;17.28;18.11;18.63;13.76;16.41;15.79;16.53;14.6;16.16;16.43;15.16;16.45;16.45;14.94;15.34;12.17;14.4;15.98;14.27;13.81;15.43;14.79;13.79;16.39;16.22;16.7;15.74;12.56;11.8;14.79;13.18;10.74;12.24;14.73;15.94;12.82;15.12;17.74;16.2;13.55;12.38;13.7;15.52;14.26;16.27;16.98;13.85;15.48;17.15;17.92;19.14;16.94;14.87;15.38;15.94;14.75;15.98;13.2;14.07;16.11;16.69;15.61;14.37;13.59;14.1;13.3;15.18;13.85;15.33;12.78
Soap;0.01;0.01;0.01;0.01;0.01;0.01;0.01;0.0;0.0;0.0;0.0;0.0;0.0;0.0;0.0;0.0;0.0;0.0;0.0;0.0;0.0;0.0;0.0;0.0;0.0;0.0;0.0;0.0;0.0;0.01;0.01;0.0;0.0;0.01;0.0;0.0;0.0;0.0;0.0;0.0;0.0;0.0;0.0;0.0;0.0;0.0;0.0;0.01;0.0;0.0;0.0;0.0;0.0;0.0;0.0;0.0;0.0;0.0;0.0;0.0;0.0;0.0;0.0;0.0;0.01;0.0;0.0;0.0;0.0;0.0;0.0;0.0;0.0;0.0;0.0;0.0;0.0;0.0;0.0;0.0;0.0;0.0;0.0;0.0;0.0;0.0;0.01;0.01;0.01;0.01;0.01;0.0;0.0;0.01;0.0;0.01;0.01;0.0;0.0;0.0;0.0;0.0
Spear;0.86;0.83;0.69;0.81;0.9;0.79;0.79;0.83;0.83;1.03;0.9;0.83;0.98;0.97;0.89;1.1;0.82;0.64;0.85;0.94;0.87;0.74;0.8;0.9;0.72;0.69;0.8;0.89;0.71;0.93;1.02;0.84;0.6;0.7;0.81;0.74;0.62;0.82;0.66;0.88;0.86;0.75;0.8;0.88;0.8;0.83;0.87;0.71;0.76;0.74;0.85;0.95;0.94;0.74;0.77;0.6;0.75;0.72;0.71;0.68;0.75;0.62;0.64;0.6;0.54;0.92;0.93;0.75;0.7;0.69;0.69;0.58;0.64;0.66;0.65;0.75;0.73;0.84;0.92;0.83;0.85;0.66;0.8;0.72;0.69;0.91;0.66;0.87;0.7;0.75;0.73;0.7;0.8;0.71;0.85;0.78;0.84;0.67
Spellbook;33.65;30.12;31.28;41.7;34.86;42.23;40.99;45.22;38.28;38.98;37.92;34.66;38.18;41.8;33.71;39.66;31.86;38.22;32.49;34.38;39.82;35.26;40.49;35.95;39.22;36.09;35.59;42.1;42.71;33.19;34.67;30.19;24.45;40.41;36.49;34.81;34.56;37.6;33.07;39.18;28.77;33.4;37.85;31.68;27.37;28.48;31.88;29.21;35.29;40.35;38.22;33.67;42.27;44.49;41.44;36.29;46.79;45.1;38.52;49.55;42.41;33.61;35.54;28.12;28.74;33.75;35.03;31.15;27.07;32.33;33.03;38.57;23.9;28.48;31.32;33.2;34.14;40.65;28.69;31.5;41.34;43.66;40.66;48.39;34.54;38.96;31.58;36.07;35.97;31.9;36.43;41.12;30.74;38.46;31.9;19.93;31.36;35.03
Spikes, iron (10);0.7;0.62;0.75;0.66;0.8;0.86;0.78;0.65;0.7;0.92;0.77;0.82;0.66;0.68;0.7;0.78;0.89;0.75;0.82;0.76;0.6;0.68;0.77;0.78;0.82;0.77;0.9;0.84;0.79;0.77;0.9;0.93;0.92;0.85;0.93;0.82;0.79;0.79;0.84;0.86;0.85;0.9;0.8;0.75;0.96;0.77;0.68;0.73;0.77;0.75;0.67;0.74;0.77;0.78;0.65;0.59;0.82;0.6;0.76;0.54;0.63;0.87;0.75;0.75;0.65;0.65;0.78;0.74;0.85;0.78;0.75;0.68;0.64;0.74;0.62;0.58;0.43;0.62;0.77;0.8;0.75;0.85;0.89;0.96;0.86;0.97;0.78;0.78;0.66;0.52;0.65;0.75;0.87;0.76;0.79;0.94;1.04;1.06;0.9;1.1;1.2;1.14
Splint;149.56;180.98;165.89;138.0;163.56;163.83;154.09;149.54;119.98;131.24;152.89;161.63;143.46;141.4;132.53;118.46;137.67;146.47;173.3;154.02;145.76;152.49;127.92;144.7;153.31;159.16;127.72;168.26;155.28;110.16;145.35;120.96;134.26;146.64;153.84;156.03;134.12;161.97;155.22;140.27;143.71;183.54;156.45;128.82;150.45;170.81;147.99;147.78;136.04;144.88;167.08;184.57;186.33;145.32;173.73;180.46;148.11;172.18;171.7;153.54;155.72;190.83;168.35;202.23;170.6;136.54;151.22;151.73;150.75;157.72;139.49;176.56;135.72;139.92;139.12;162.9;130.83;142.81;152.52;158.56;119.34;139.96;114.76;136.98;134.79;161.7;163.39;163.32;124.28;147.77;146.01;147.12;136.83;116.93;167.02;167.0;127.69;167.36;131.51
Spyglass;629.01;590.89;552.69;733.31;634.65;677.42;411.15;671.47;725.48;682.92;702.44;884.84;735.13;693.14;870.18;592.22;786.12;823.17;689.35;582.56;639.02;712.77;606.58;607.44;703.46;704.33;663.91;721.56;658.04;674.55;619.8;634.38;588.67;645.15;640.01;583.91;660.19;672.84;592.89;636.61;768.49;947.94;813.94;733.17;842.1;754.24;746.06;926.37;783.01;935.74;757.43;728.77;808.43;923.42;962.09;696.42;880.35;580.35;832.77;731.06;993.15;1005.42;957.81;653.04;817.3;708.37;826.57;767.48;848.85;856.93;694.15;819.28;787.7;837.27;724.71;657.06;767.51;720.7;799.95;686.94;689.49;687.07;808.89;766.41;676.26;698.61;683.53;723.02;653.95;815.09;739.3;762.13;736.24;625.18;507.69;541.21;533.46;641.5;607.27;783.27;789.07;685.84;771.79;683.19
Studded leather;36.71;38.15;39.22;31.98;40.45;39.6;44.49;30.15;44.51;45.99;35.28;39.16;37.25;34.64;43.72;46.53;41.82;46.34;37.64;39.44;31.23;41.29;44.01;43.32;28.63;32.19;30.52;26.86;23.51;29.65;30.85;26.03;24.65;36.04;34.36;38.63;36.84;35.61;36.66;33.41;32.26;42.73;33.98;46.88;38.17;29.49;31.87;39.06;40.33;30.25;29.02;27.19;33.06;34.67;36.01;34.67;31.43;32.96;35.1;29.97;38.56;34.28;27.23;34.14;32.08;28.3;31.33;36.64;32.53;34.11;34.82;30.95;35.97;37.12;40.96;35.52;43.93;43.22;35.44;32.78;41.12;35.69;43.11;43.33;34.83;34.86;35.37;27.68;33.88;35.94;39.34;40.93;30.74;38.33;40.96;43.73;40.19;45.26;44.39;45.6;34.24;39.37;27.1
Tents;7.39;7.94;7.75;7.21;6.82;6.09;6.88;7.59;6.09;5.52;8.14;6.55;7.01;6.1;6.43;7.42;5.91;8.21;7.17;7.09;5.83;5.78;7.64;6.92;7.17;6.09;7.25;7.82;7.62;6.53;6.77;7.7;7.29;6.78;7.74;8.37;10.3;8.91;8.44;8.01;8.48;8.33;8.96;7.5;7.97;9.65;9.07;8.66;6.54;6.59;7.87;7.51;7.31;7.44;8.63;7.45;7.41;5.61;7.45;7.12;7.32;8.68;8.08;7.61;9.09;9.12;9.06;9.03;8.54;6.4;7.89;6.83;7.98;6.28;5.71;6.1;7.23;7.2;7.06;7.86;5.96;5.79;7.46;4.78;5.82;5.39;7.61;6.34;5.89;6.14;6.51;7.43;6.82;7.18;7.54;6.26;7.52;6.47;7.7;6.84;7.43;8.57;8.79
Thieves’ tools;18.25;18.74;18.69;22.11;20.49;22.37;21.33;24.13;21.21;18.09;16.22;18.2;17.14;19.28;16.65;19.75;20.08;19.57;19.35;21.63;18.57;19.4;17.51;20.0;17.54;15.16;18.46;18.58;17.67;16.4;19.01;19.72;18.46;19.54;22.74;20.45;21.86;22.36;21.34;24.16;23.28;24.86;23.66;21.31;14.12;21.36;16.58;18.75;15.31;16.35;15.56;13.17;15.16;14.01;14.95;16.88;14.59;13.83;14.08;14.48;16.13;15.38;16.79;15.18;15.4;19.36;18.2;16.23;20.33;20.02;20.09;17.03;19.71;18.42;18.32;18.38;19.05;21.79;22.4;20.39;20.7;17.41;17.54;18.37;17.52;20.58;15.28;21.03;20.32;25.33;21.94;20.02;20.95;20.15;19.45;20.13;17.54;17.23;15.41
Tinderbox;0.38;0.3;0.44;0.35;0.37;0.42;0.38;0.36;0.38;0.31;0.4;0.34;0.36;0.3;0.4;0.38;0.31;0.3;0.34;0.37;0.4;0.34;0.42;0.4;0.41;0.38;0.41;0.3;0.33;0.44;0.34;0.37;0.4;0.36;0.37;0.42;0.39;0.41;0.41;0.38;0.29;0.39;0.29;0.27;0.25;0.28;0.22;0.2;0.22;0.3;0.27;0.27;0.39;0.4;0.53;0.43;0.42;0.39;0.46;0.33;0.42;0.51;0.42;0.42;0.44;0.54;0.42;0.38;0.44;0.41;0.36;0.3;0.36;0.29;0.29;0.28;0.33;0.3;0.4;0.3;0.28;0.3;0.34;0.31;0.24;0.27;0.29;0.34;0.26;0.28;0.33;0.45;0.35;0.35;0.45;0.32;0.38;0.32;0.4
Tinker’s tools;46.57;41.39;38.2;37.34;29.95;33.65;36.14;35.61;35.0;33.44;28.4;31.39;24.22;35.08;41.7;41.4;43.24;41.81;41.4;36.04;37.12;36.14;37.82;31.22;34.48;41.32;31.41;39.22;33.1;32.1;33.58;35.72;41.62;30.7;42.04;39.23;44.28;41.02;48.25;33.05;35.64;38.73;38.37;33.46;37.16;31.87;31.29;35.48;37.1;39.3;37.92;30.22;34.24;31.81;39.78;35.12;39.19;35.91;40.45;47.03;33.3;43.14;38.21;33.5;31.43;35.06;38.99;37.01;37.32;35.8;35.14;36.9;33.69;34.67;28.6;26.17;26.46;27.59;26.62;21.8;22.3;24.37;21.62;22.15;37.15;39.06;29.14;33.77;34.63;38.94;42.16;38.73;49.48;48.75;43.75;47.6;48.5
Torch;0.01;0.01;0.01;0.01;0.01;0.01;0.01;0.01;0.0;0.0;0.0;0.05;0.05;0.05;0.04;0.04;0.03;0.02;0.02;0.06;0.05;0.06;0.06;0.05;0.04;0.05;0.04;0.04;0.03;0.03;0.03;0.02;0.02;0.02;0.02;0.06;0.05;0.05;0.05;0.05;0.04;0.04;0.04;0.02;0.03;0.03;0.02;0.01;0.01;0.01;0.01;0.01;0.0;0.0;0.0;0.06;0.05;0.04;0.04;0.04;0.05;0.04;0.04;0.04;0.03;0.03;0.02;0.01;0.01;0.0;0.0;0.0;0.0;0.0;0.0;0.0;0.0;0.0;0.0;0.0;0.0;0.06;0.04;0.03;0.06;0.05;0.05;0.05;0.05;0.04;0.04;0.04;0.03;0.02;0.02;0.01;0.01;0.0;0.0;0.0;0.0
Trail Rations;0.35;0.41;0.3;0.35;0.44;0.37;0.32;0.33;0.36;0.33;0.27;0.33;0.32;0.31;0.28;0.34;0.24;0.27;0.26;0.26;0.41;0.43;0.38;0.43;0.39;0.42;0.44;0.38;0.41;0.34;0.52;0.44;0.43;0.44;0.32;0.33;0.37;0.4;0.4;0.34;0.35;0.38;0.37;0.28;0.38;0.32;0.36;0.45;0.36;0.41;0.45;0.33;0.33;0.3;0.37;0.39;0.35;0.39;0.35;0.36;0.42;0.32;0.47;0.39;0.34;0.33;0.38;0.37;0.36;0.39;0.35;0.4;0.36;0.38;0.36;0.38;0.35;0.39;0.31;0.35;0.4;0.37;0.35;0.33;0.37;0.35;0.32;0.35;0.36;0.3;0.24;0.33;0.32;0.27;0.29
Traveler's Clothes;0.79;0.75;0.63;0.84;0.73;0.72;0.75;0.78;0.79;0.63;0.75;0.72;0.59;0.62;0.74;0.6;0.61;0.67;0.72;0.88;0.84;0.8;0.89;0.85;0.85;0.84;0.68;0.75;0.91;0.68;0.79;0.71;0.72;0.66;0.7;0.63;0.67;0.72;0.83;0.62;0.82;0.62;0.67;0.76;0.72;0.73;0.7;0.77;0.79;0.92;0.93;0.79;0.79;0.89;1.06;1.07;0.89;0.98;0.75;1.09;0.68;1.07;0.81;0.96;1.06;1.02;0.98;1.15;0.9;0.92;0.84;0.91;0.96;0.95;1.16;1.0;0.89;0.97;1.17;0.88;0.84;1.06;0.99;1.32;1.35;1.25;1.18;1.03;1.24;1.01;1.03;0.71;0.52;0.69;0.63;0.57;0.71;0.73;0.8;0.73;0.74;0.57;0.77
Traveler's Rations;0.71;0.62;1.0;0.77;0.6;0.57;0.63;0.83;0.73;0.77;0.65;0.61;0.68;0.56;0.58;0.61;0.65;0.7;0.57;0.62;0.57;0.63;0.53;0.54;0.7;0.78;0.63;0.74;0.68;0.68;0.83;0.7;0.62;0.79;0.75;0.93;0.89;0.93;0.73;0.89;0.82;0.76;0.91;0.77;0.79;0.78;0.76;0.81;0.77;0.8;0.95;0.62;0.63;0.65;0.72;0.51;0.66;0.79;0.75;0.79;0.74;0.65;0.76;0.77;0.84;0.76;0.77;0.58;0.72;0.78;0.72;0.6;0.68;0.74;0.78;0.76;0.83;0.81;0.77;0.69;0.73;0.64;0.61;0.62;0.64;0.66;0.64;0.72;0.65;0.71;0.6;0.68;0.65;0.95;0.91;0.77;0.69;0.6;0.71;0.71;0.68
Trident;4.12;4.17;3.99;4.12;3.28;4.34;4.73;3.77;3.2;3.44;4.0;3.82;3.24;3.32;3.74;3.78;3.69;3.81;3.81;3.94;4.63;4.56;4.33;3.49;4.38;4.62;3.99;3.82;4.52;4.13;4.53;4.47;4.75;4.04;3.9;4.25;4.21;3.85;4.15;3.95;3.6;3.28;3.86;2.94;3.6;3.1;2.98;3.45;3.31;3.35;2.99;3.19;3.43;2.96;2.56;2.74;3.83;3.14;2.86;2.69;2.29;3.2;2.85;3.26;3.08;3.95;3.49;3.85;3.3;3.61;4.13;3.7;2.78;2.6;3.25;3.4;2.57;3.49;3.69;3.36;2.91;3.51;3.16;2.85;3.02;3.5;4.25;3.37;3.45;2.91;2.68;3.27;3.4;3.95;3.77;4.52;3.03;3.29;3.56;4.13;3.78;3.65;3.44
Vial;0.71;0.62;0.87;0.83;0.7;0.49;0.53;0.75;0.68;0.56;0.67;0.64;0.84;0.89;0.89;0.86;0.78;0.68;0.79;0.83;0.88;0.87;0.77;0.94;0.9;0.79;0.93;0.93;0.84;0.86;1.01;0.76;0.7;0.65;0.66;0.69;0.85;0.83;0.76;0.81;0.63;0.63;0.64;0.68;0.79;0.77;0.54;0.68;0.67;0.84;0.79;0.8;0.82;0.87;0.71;0.81;0.78;0.75;0.77;0.6;0.69;0.7;0.68;0.71;0.67;0.81;0.7;0.73;0.74;0.8;0.83;0.92;0.73;0.69;0.68;0.71;0.66;0.61;0.63;0.68;0.64;0.6;0.79;0.68;0.69;0.76;0.69;0.8;0.68;0.71;0.61;0.64;0.73;0.7;0.76;0.73;0.8;0.75
Viol;15.28;17.54;18.05;15.66;15.08;14.82;17.99;19.03;21.57;17.88;22.99;24.95;19.39;18.15;23.09;20.74;21.6;22.43;21.42;21.91;17.22;24.34;20.82;20.41;18.97;20.64;21.47;17.75;18.05;16.9;23.36;18.93;21.05;16.0;18.74;15.48;20.77;16.61;21.68;18.37;17.06;17.79;23.31;25.57;21.81;20.52;22.22;22.25;27.48;25.42;21.18;23.59;23.51;23.17;20.65;21.22;20.84;22.83;21.95;23.24;25.16;21.56;19.65;19.35;21.02;20.29;22.29;24.04;22.65;20.47;20.82;23.17;18.38;24.85;17.59;19.87;19.8;17.76;24.74;15.54;19.26;24.57;20.17;20.57;14.24;17.04;19.63;21.95;21.56;17.99;20.24;20.04;25.1;21.04;22.15;18.72;19.99
War Pick;3.76;3.97;3.79;2.86;3.22;2.79;3.69;3.84;2.74;3.59;4.13;4.17;4.11;5.02;4.14;4.7;4.32;3.54;3.77;4.15;3.1;3.57;3.65;3.57;3.47;3.28;3.72;3.95;3.24;2.81;4.2;2.85;3.81;4.69;3.66;4.27;3.88;3.33;3.24;3.33;3.25;3.79;4.55;4.22;3.32;3.05;3.07;3.47;3.28;3.34;2.75;3.16;3.34;3.29;4.32;4.69;3.21;3.3;3.08;4.12;4.25;3.41;2.98;4.34;4.35;3.46;3.87;4.21;3.75;4.08;4.13;3.58;3.79;3.33;3.85;4.57;3.41;3.31;4.17;3.84;3.05;3.47;4.47;4.85;3.39;4.72;4.87;5.0;3.99;5.92;5.08;4.74;3.67;3.4;3.07;3.37;4.07;3.16
Warhammer;16.01;13.01;13.07;15.54;11.75;10.43;11.98;8.65;8.19;8.56;10.81;9.88;10.16;8.07;10.89;9.89;8.33;8.55;10.49;9.9;10.06;9.71;7.52;11.3;11.95;13.63;11.04;13.34;11.62;9.86;9.73;11.4;9.44;12.08;9.45;9.76;9.01;10.25;10.62;10.95;12.74;10.83;8.43;11.87;12.45;8.91;10.06;8.99;10.46;12.64;12.1;10.07;9.78;12.16;11.04;10.72;9.69;10.51;11.78;12.38;11.94;14.23;12.09;13.72;15.01;12.37;14.36;13.39;11.75;14.24;13.57;11.83;10.69;9.74;9.02;9.64;13.37;9.3;10.25;7.75;10.92;9.28;9.6;9.23;9.65;9.29;8.43;11.77;9.82;12.68;13.47;9.78;11.19;11.85;10.71;9.54;9.07;11.43;10.19;8.43
Waterskin;1.29;1.37;1.43;1.63;1.45;1.76;1.61;1.52;1.63;1.42;0.15;0.15;0.13;0.14;0.13;0.11;0.11;0.12;0.18;0.14;0.16;0.16;0.14;0.15;0.1;0.12;0.1;0.09;0.13;0.16;0.17;0.13;0.14;0.13;0.14;0.17;0.11;0.13;0.13;0.13;0.13;0.13;0.14;0.15;0.17;0.16;0.16;0.14;0.18;0.14;0.17;0.14;0.17;0.14;0.12;0.12;0.13;0.11;0.11;0.1;0.11;0.14;0.15;0.13;0.14;0.14;0.14;0.1;0.1;0.11;0.14;0.15;0.1;0.11;0.1;0.07;0.14;0.15;0.12;0.11;0.12;0.11;0.11;0.11;0.09;0.11;0.11;0.15;0.16;0.18;0.18;0.14;0.13
Weaver’s tools;0.7;0.77;0.79;0.69;0.93;0.86;0.9;0.68;0.67;0.85;0.8;0.78;0.58;0.69;0.52;0.48;0.83;0.64;0.86;0.82;0.8;0.79;0.72;0.8;0.94;0.72;0.62;0.58;0.72;0.84;0.7;0.88;0.62;0.64;0.65;0.75;0.77;0.76;0.74;0.98;0.82;0.69;0.63;0.69;0.66;0.5;0.62;0.62;0.61;0.71;0.81;0.76;0.83;0.89;0.73;0.71;0.69;0.77;0.92;0.76;0.85;0.96;0.65;0.68;0.73;0.66;0.68;0.84;0.63;0.65;0.9;0.79;0.74;0.98;0.78;0.65;0.9;0.78;0.77;0.75;0.65;0.73;0.65;0.76;0.91;0.78;0.87;0.91;0.75;0.78;0.64;0.75;0.67;0.69;0.75;0.79
Whetstone;0.01;0.01;0.01;0.01;0.01;0.03;0.04;0.03;0.03;0.02;0.02;0.02;0.01;0.01;0.01;0.04;0.04;0.04;0.03;0.03;0.02;0.02;0.02;0.02;0.03;0.03;0.03;0.02;0.02;0.02;0.02;0.01;0.03;0.04;0.04;0.04;0.03;0.02;0.02;0.02;0.01;0.01;0.0;0.0;0.0;0.0;0.0;0.03;0.03;0.02;0.02;0.02;0.01;0.01;0.0;0.0;0.0;0.04;0.03;0.02;0.01;0.02;0.01;0.03;0.03;0.02;0.02;0.01;0.0;0.0;0.0;0.0;0.0;0.0;0.03;0.03;0.03;0.03;0.02;0.03;0.02;0.01;0.04;0.04;0.02;0.03;0.03;0.03;0.02;0.02;0.04;0.03;0.03
Whip;1.56;1.41;1.69;1.67;1.07;1.23;1.29;1.16;1.68;1.54;1.61;1.25;0.96;1.14;1.55;1.25;1.97;1.74;1.85;1.52;1.58;1.45;1.39;1.59;1.4;1.81;1.57;1.52;1.77;1.8;1.41;1.68;1.48;1.6;1.62;1.68;1.49;1.47;1.23;1.62;1.39;1.2;1.41;0.99;1.15;1.12;1.28;1.36;1.37;1.07;1.17;1.27;1.15;1.06;1.61;1.54;1.46;1.6;1.42;1.61;1.59;1.45;1.84;1.66;2.06;1.47;1.39;1.58;1.65;1.49;1.61;1.74;1.49;1.54;1.66;1.59;1.7;1.62;1.32;1.3;1.22;1.57;1.47;1.75;1.29;1.17;1.41;1.53;1.13;1.14;1.21;1.19;1.47;1.42;1.38;1.42;1.25;1.38;1.33;1.37;1.47;1.2;1.47;1.91
Woodcarver’s tools;0.68;0.61;0.54;0.64;0.67;0.85;0.93;0.81;0.81;0.75;0.64;0.63;0.73;0.64;0.78;0.66;0.68;0.64;0.82;0.73;0.72;0.66;0.93;0.89;0.9;0.85;0.95;1.04;1.02;0.96;1.19;1.17;1.14;1.17;1.09;1.29;1.12;1.12;1.23;1.12;0.98;0.85;0.94;0.9;0.7;0.76;0.86;0.8;0.72;0.67;0.72;0.74;0.91;0.68;0.83;0.66;0.62;0.65;0.68;0.64;0.66;0.64;0.57;0.76;0.66;0.76;0.81;0.79;0.7;0.86;0.83;0.93;0.8;0.67;0.73;0.62;0.82;0.79;0.8;0.7;0.88;0.89;0.97;0.84;0.65;0.62;0.7;0.68;0.69;0.68;0.64;0.81;0.7;0.62;0.74;0.8
canvas;0.01;0.02;0.07;0.09;0.07;0.07;0.07;0.08;0.08;0.08;0.05;0.04;0.04;0.05;0.04;0.03;0.02;0.02;0.02;0.02;0.02;0.01;0.01;0.0;0.0;0.0;0.0;0.0;0.0;0.0;0.0;0.0;0.0;0.0;0.0;0.0;0.0;0.0;0.0;0.0;0.0;0.0;0.0;0.0;0.0;0.0;0.0;0.0;0.0;0.0;0.0;0.0;0.0;0.0;0.07;0.07;0.06;0.07;0.06;0.05;0.07;0.07;0.05;0.05;0.05;0.05;0.07;0.06;0.07;0.07;0.06;0.08;0.09;0.07;0.06;0.05;0.06;0.05;0.07;0.05;0.05;0.05;0.04;0.03;0.02;0.02;0.03;0.02;0.02;0.01;0.01;0.01;0.06;0.08;0.06;0.06;0.06;0.05;0.05
cinnamon;1.2;1.23;1.09;1.3;1.3;1.51;1.27;1.35;1.66;1.47;1.39;1.43;1.36;1.23;1.5;1.23;1.3;1.23;1.33;1.12;1.31;1.34;1.43;1.36;1.51;1.45;1.38;1.65;1.55;1.44;1.76;1.47;1.56;1.45;1.48;1.48;1.31;1.16;1.4;1.09;1.27;1.24;1.45;1.61;1.4;1.45;1.43;1.51;1.47;1.45;1.41;1.14;1.21;1.33;1.36;1.21;1.46;1.56;1.32;1.67;1.28;1.24;1.66;1.46;1.45;1.35;1.36;1.53;1.33;1.17;1.19;1.29;0.98;0.98;1.04;0.83;0.77;0.88;0.97;0.84;0.92;0.82;0.66;0.71;0.75;0.86;0.77;0.65;0.85;0.79;0.86;0.81;0.84;0.77;1.67;1.29;1.69
cloves;2.3;1.68;1.82;2.0;1.55;2.02;1.9;1.98;1.98;1.94;1.52;2.17;2.39;2.46;2.33;2.21;2.54;2.09;2.1;2.2;2.49;2.72;2.77;2.24;2.06;2.2;2.36;2.4;2.63;2.31;2.24;2.17;2.39;1.87;1.95;1.72;2.37;2.02;1.85;2.13;2.1;2.25;1.9;1.93;2.1;1.86;2.03;2.05;2.34;2.09;2.14;2.43;2.4;2.43;2.3;2.29;2.34;2.84;2.39;2.3;2.42;2.38;2.54;2.1;2.2;2.52;2.27;1.81;1.93;2.26;2.21;2.25;2.0;2.23;2.45;2.27;1.78;1.62;1.81;1.53;1.65;1.94;1.86;1.66;1.78;1.78;2.03;1.85;1.92;2.06;2.13;2.28;2.04;2.46;2.14;2.65;2.39;1.98;1.91;1.55;1.99
copper;0.31;0.36;0.34;0.34;0.32;0.35;0.28;0.4;0.37;0.26;0.42;0.44;0.39;0.48;0.5;0.52;0.51;0.5;0.56;0.56;0.44;0.5;0.52;0.45;0.42;0.48;0.32;0.37;0.41;0.32;0.37;0.28;0.21;0.26;0.26;0.25;0.41;0.42;0.37;0.34;0.36;0.38;0.42;0.35;0.28;0.35;0.36;0.4;0.33;0.23;0.32;0.45;0.37;0.42;0.47;0.43;0.39;0.39;0.37;0.37;0.35;0.4;0.27;0.29;0.31;0.29;0.27;0.24;0.24;0.38;0.33;0.31;0.35;0.34;0.3;0.31;0.41;0.29;0.32;0.32;0.45;0.36;0.39;0.37;0.39;0.4;0.35;0.39;0.36;0.41;0.42;0.37
cotton cloth;0.32;0.26;0.32;0.3;0.29;0.34;0.37;0.4;0.36;0.38;0.36;0.33;0.35;0.37;0.42;0.39;0.36;0.35;0.35;0.37;0.31;0.3;0.37;0.36;0.36;0.34;0.42;0.35;0.38;0.4;0.33;0.39;0.32;0.35;0.35;0.37;0.38;0.37;0.34;0.34;0.3;0.28;0.24;0.32;0.3;0.29;0.25;0.28;0.24;0.3;0.27;0.26;0.21;0.24;0.19;0.4;0.37;0.41;0.39;0.43;0.43;0.42;0.51;0.4;0.37;0.33;0.31;0.43;0.4;0.44;0.42;0.44;0.48;0.45;0.47;0.47;0.46;0.41;0.3;0.27;0.29;0.37;0.26;0.34;0.28;0.34;0.34;0.25;0.34;0.31;0.32;0.32;0.34;0.3;0.42;0.41;0.33;0.27;0.33;0.39;0.38
flour;0.01;0.01;0.01;0.01;0.01;0.03;0.02;0.01;0.0;0.0;0.0;0.0;0.0;0.0;0.0;0.0;0.0;0.02;0.02;0.02;0.01;0.02;0.03;0.02;0.01;0.03;0.02;0.03;0.03;0.03;0.02;0.03;0.02;0.01;0.02;0.01;0.01;0.0;0.0;0.0;0.0;0.0;0.0;0.0;0.0;0.0;0.0;0.03;0.03;0.03;0.02;0.02;0.03;0.02;0.01;0.01;0.01;0.01;0.0;0.0;0.03;0.01;0.01;0.0;0.0;0.0;0.0;0.02;0.02;0.01;0.0;0.0;0.0;0.0;0.0;0.0;0.0;0.0;0.0;0.0;0.0;0.0;0.0;0.0;0.0;0.0;0.0;0.0;0.0;0.03;0.03;0.03;0.02;0.01;0.01;0.01
ginger;0.63;0.58;0.53;0.54;0.58;0.77;0.87;0.76;0.65;0.58;0.64;0.63;0.48;0.54;0.66;0.8;0.87;1.02;0.7;0.84;0.55;0.67;0.59;0.58;0.5;0.68;0.67;0.56;0.56;0.54;0.76;0.54;0.65;0.75;0.71;0.59;0.8;0.77;0.68;0.59;0.81;0.76;0.65;0.81;0.64;0.79;0.78;0.73;0.92;0.85;0.71;0.76;0.76;0.69;0.65;0.67;0.7;0.69;0.85;0.94;0.83;0.72;0.84;0.9;0.76;0.63;0.69;0.72;0.74;0.68;0.67;0.65;0.57;0.75;0.63;0.6;0.62;0.77;0.75;0.83;0.71;0.81;0.83;0.88;0.89;0.86;0.83;0.81;0.7;0.79;0.62;0.73;0.64;0.81;0.5;0.57;0.73;0.63;0.55
gold;34.23;34.49;37.51;38.29;36.72;43.95;38.74;33.57;40.97;30.98;45.19;46.92;47.36;39.12;35.12;32.51;39.17;32.27;39.26;32.57;41.53;35.06;45.6;39.61;40.01;33.31;41.05;36.51;42.3;46.97;40.79;41.58;30.29;38.31;31.58;36.08;30.72;41.72;40.34;36.15;34.43;36.49;40.18;35.59;39.63;39.65;40.32;31.74;29.87;33.81;34.26;41.36;42.5;27.04;39.94;42.84;44.81;37.44;35.98;41.48;41.33;39.19;37.93;38.31;42.72;31.51;31.15;33.08;28.63;35.48;36.42;39.23;38.98;30.1;36.62;31.97;36.92;36.71;41.39;36.15;36.54;38.71;33.86;37.45;33.65;34.17;38.03;36.11;35.49;29.79;35.61;28.54;40.44;44.44;37.44;39.15;39.56;45.48
iron;0.01;0.01;0.01;0.01;0.01;0.01;0.01;0.01;0.0;0.0;0.0;0.0;0.0;0.0;0.0;0.0;0.0;0.0;0.0;0.0;0.0;0.0;0.0;0.06;0.05;0.06;0.05;0.04;0.03;0.05;0.06;0.06;0.05;0.05;0.05;0.05;0.04;0.03;0.04;0.04;0.03;0.03;0.03;0.02;0.02;0.02;0.07;0.05;0.06;0.06;0.05;0.07;0.06;0.06;0.04;0.04;0.04;0.03;0.02;0.02;0.01;0.01;0.08;0.08;0.06;0.05;0.06;0.04;0.04;0.03;0.03;0.02;0.04;0.03;0.02;0.02;0.02;0.01;0.01;0.0;0.0;0.0;0.0;0.0;0.0;0.0;0.0;0.0;0.0;0.0;0.0;0.0;0.0;0.07;0.08;0.06;0.07;0.07;0.06;0.05;0.06;0.04
linen;4.92;5.0;5.18;4.42;4.03;4.16;3.37;3.65;3.8;3.71;3.72;3.95;4.13;3.48;3.63;3.29;4.08;3.83;3.96;4.16;3.94;4.1;3.39;3.57;4.05;2.94;4.16;3.02;4.12;3.08;3.31;4.04;4.14;4.01;3.93;4.59;3.64;4.06;4.62;4.02;3.79;4.01;4.68;4.31;5.08;4.68;5.75;4.41;5.3;6.02;3.16;3.15;3.61;3.18;3.24;3.57;3.1;3.39;3.61;3.0;2.84;2.32;3.69;3.14;3.01;2.8;2.54;3.24;3.19;3.08;3.64;2.66;2.76;2.75;2.5;3.34;2.71;2.6;2.89;3.3;3.31;4.44;3.7;3.17;3.67;3.58;3.1;3.03;2.79;3.3;2.51;3.05;2.92;3.24;3.19;3.11;3.61;3.68;2.99;3.47
one baby chicken;0.01;0.01;0.01;0.01;0.01;0.01;0.01;0.0;0.0;0.0;0.0;0.0;0.0;0.0;0.04;0.03;0.03;0.03;0.02;0.02;0.01;0.0;0.0;0.04;0.04;0.03;0.03;0.02;0.02;0.03;0.03;0.03;0.02;0.02;0.01;0.03;0.02;0.02;0.01;0.0;0.0;0.0;0.0;0.0;0.0;0.0;0.0;0.0;0.0;0.02;0.02;0.02;0.03;0.02;0.02;0.01;0.01;0.03;0.03;0.03;0.03;0.02;0.02;0.02;0.01;0.01;0.01;0.01;0.01;0.0;0.0;0.0;0.0;0.0;0.0;0.01;0.0;0.0;0.0;0.0;0.0;0.0;0.0;0.0;0.0;0.0;0.0;0.04;0.04;0.03;0.03;0.02;0.03;0.03;0.04;0.03;0.03;0.03;0.02;0.03;0.02
one baby cow;9.15;10.46;10.33;9.21;12.23;8.23;8.82;10.27;10.54;11.63;11.49;7.95;8.35;7.25;7.51;7.0;7.72;6.95;6.14;5.95;6.98;7.47;8.54;7.84;7.53;7.35;6.11;6.8;6.42;6.25;6.38;6.43;5.81;7.39;5.9;6.11;7.66;6.79;7.25;6.55;6.44;6.08;6.46;6.31;8.49;6.43;7.27;6.09;6.21;7.59;7.48;6.95;9.17;7.55;8.99;7.63;8.68;7.87;6.48;7.34;7.55;9.34;8.0;8.83;7.37;5.07;6.35;4.58;7.67;5.85;6.11;7.12;7.36;8.92;8.26;7.88;8.5;7.14;6.28;6.93;6.2;6.25;7.62;6.01;7.56;7.08;8.36;7.87;7.18;7.28;7.44;6.51;6.26;6.37;6.37;5.15;9.12;6.8;7.12;6.55
one baby goat;0.65;0.7;0.7;0.68;0.73;0.64;0.62;0.59;0.69;0.73;0.64;0.51;0.91;0.77;0.86;0.99;0.74;0.83;1.14;0.94;0.82;0.89;0.73;0.81;0.71;0.74;0.66;0.77;0.76;0.57;0.82;0.78;0.82;0.77;0.87;0.67;0.69;0.73;0.61;0.69;0.85;0.62;0.81;0.77;0.71;0.69;0.67;0.86;0.78;0.86;0.94;1.11;1.05;0.85;0.81;0.76;0.95;0.85;0.76;0.74;0.9;0.71;0.61;0.79;0.72;0.94;0.8;0.64;0.81;0.67;0.78;0.77;0.66;0.79;0.83;0.83;0.73;0.6;0.73;0.61;0.66;0.69;0.55;0.74;0.67;0.61;0.86;0.79;0.7;0.71;0.9;0.69;0.83;0.69;0.82;0.67;0.77;0.72
one baby ox;8.49;13.67;12.11;11.58;11.39;10.94;10.03;10.22;12.52;11.27;13.73;15.27;16.02;9.04;14.78;11.93;13.27;10.84;10.45;11.46;11.98;11.94;10.84;12.44;11.17;11.04;11.15;12.85;12.53;12.23;10.08;12.4;10.49;12.2;8.33;12.06;11.72;11.11;9.99;12.57;10.84;10.73;11.57;11.55;9.4;12.0;11.71;9.85;12.01;10.9;11.54;10.77;10.77;8.14;9.24;9.16;7.71;8.03;9.02;8.65;8.51;8.36;9.07;10.73;10.45;12.93;9.7;11.43;10.83;12.55;14.83;11.94;11.55;12.95;10.07;9.73;8.84;11.59;11.84;12.5;12.63;11.83;12.62;11.41;11.19;15.99;12.95;13.07;15.15;14.77;18.14;15.93;14.44;12.2;14.69;14.17;12.9;11.12;10.74;11.52;11.91;7.45;12.53
one baby pig;1.9;2.23;2.37;2.6;2.26;2.67;2.32;2.35;2.63;2.55;2.3;1.83;2.28;1.9;1.93;2.02;1.75;1.87;2.05;2.03;2.52;1.88;2.1;2.27;1.75;1.54;1.69;1.61;1.6;1.69;1.98;1.57;2.05;1.65;2.28;2.03;2.2;2.0;2.31;2.16;2.03;2.1;1.82;1.84;2.14;1.78;2.23;2.13;2.11;1.98;2.33;1.77;1.72;2.06;2.09;1.9;1.55;1.78;1.56;1.86;1.91;2.09;2.12;1.73;1.96;2.72;2.49;2.44;1.74;2.13;2.57;2.65;2.74;2.3;1.9;1.9;1.96;1.79;2.09;2.06;2.22;1.81;1.8;2.33;2.27;2.51;2.36;2.71;2.73;2.49;2.39;2.26;2.86;2.33;2.61;2.72;2.13
one baby sheep;1.3;1.34;1.26;1.27;1.02;1.45;1.62;1.55;1.56;1.5;1.36;1.43;1.59;1.16;1.17;1.32;1.72;1.37;1.63;1.6;1.31;1.27;1.25;1.4;1.58;1.72;2.15;1.39;1.5;1.89;1.68;2.01;2.26;2.04;2.18;1.71;1.7;1.65;1.98;1.98;1.9;1.83;1.42;1.68;1.49;1.46;1.36;1.67;1.73;1.54;1.39;1.41;1.52;1.52;1.68;1.49;1.32;1.37;1.48;1.34;1.3;1.28;1.37;1.52;1.15;1.18;1.22;1.4;1.4;1.52;1.44;1.33;1.54;1.36;1.26;1.37;1.44;1.29;1.27;1.57;1.56;1.41;1.39;1.48;1.7;1.39;1.28;1.31;1.34;1.58;1.74;1.41;1.7;1.54;1.26;1.24;1.25
pepper;1.68;1.38;1.82;1.53;1.58;1.34;1.37;1.28;1.36;1.58;1.38;1.43;1.5;1.44;1.73;1.4;1.54;1.31;1.33;1.64;1.62;1.97;1.93;1.83;1.33;1.63;1.29;1.37;1.72;1.57;1.76;1.63;2.01;1.67;1.92;1.39;1.52;1.39;1.42;1.44;1.37;1.33;1.51;1.51;1.54;1.56;1.87;1.47;1.62;1.47;1.63;1.64;2.04;1.69;1.84;1.68;1.47;1.78;1.74;1.46;1.43;1.19;1.48;1.57;1.54;1.7;1.52;1.56;1.89;1.49;1.43;1.54;1.55;1.12;1.38;1.33;1.23;1.16;1.43;1.3;1.7;1.4;1.59;1.71;1.46;1.64;1.45;1.43;1.51;1.55;1.49;1.68;1.36;1.79
platinum;348.65;459.88;440.49;358.77;354.18;459.24;324.29;367.86;399.05;308.47;472.33;333.1;355.49;359.33;353.23;317.01;470.72;343.71;316.65;342.68;343.72;358.86;312.9;376.44;322.97;346.6;324.01;338.21;543.67;384.77;401.83;468.58;462.88;410.69;343.91;370.1;279.15;353.2;343.84;322.73;332.69;280.5;340.79;297.1;204.09;260.09;242.41;233.56;234.69;383.58;384.58;340.42;385.2;317.68;379.07;350.4;370.79;356.83;319.4;286.59;338.97;393.21;398.54;390.0;407.49;374.59;339.28;430.22;420.32;356.15;406.52;392.25;366.59;405.55;415.57;351.43;353.55;318.64;289.8;342.05;352.73;383.12;397.81;327.39;413.92;336.99;382.26;351.2;355.21;350.33;348.91;340.77;378.06
saffron;8.15;14.06;10.23;10.76;11.11;11.99;11.86;9.56;11.57;9.42;9.45;10.43;11.12;12.6;9.17;9.32;9.89;10.13;10.38;10.65;11.38;10.55;11.25;11.07;10.18;11.01;8.92;9.27;10.42;10.4;10.77;9.56;10.44;9.3;10.2;10.48;7.69;9.35;8.3;6.93;11.19;9.01;8.84;9.96;10.74;7.76;8.66;9.58;9.81;9.9;8.43;10.58;12.31;12.22;13.22;13.59;8.69;9.7;10.27;9.77;10.49;8.9;12.91;11.87;12.87;11.38;10.57;9.91;11.38;11.85;11.2;10.11;8.74;12.61;11.77;9.13;11.5;10.61;12.22;10.99;12.6;12.68;10.99;12.34;10.17;11.62;10.78;9.84;8.83;12.21;13.21;11.58;12.89;11.62;11.36;11.92;11.94;10.89;11.36;9.5;10.21;9.99;8.56
salt;0.01;0.01;0.01;0.01;0.01;0.01;0.01;0.01;0.0;0.0;0.0;0.0;0.0;0.03;0.04;0.03;0.04;0.03;0.02;0.02;0.01;0.01;0.01;0.01;0.01;0.03;0.03;0.03;0.02;0.01;0.01;0.01;0.0;0.0;0.0;0.0;0.0;0.0;0.0;0.0;0.0;0.04;0.02;0.03;0.02;0.03;0.02;0.03;0.03;0.03;0.01;0.01;0.0;0.0;0.0;0.0;0.0;0.0;0.0;0.0;0.0;0.0;0.0;0.0;0.0;0.03;0.04;0.03;0.02;0.02;0.01;0.01;0.01;0.01;0.01;0.01;0.0;0.0;0.0;0.0;0.0;0.0;0.03;0.03;0.02;0.02;0.02;0.02;0.01;0.0;0.0;0.0;0.0;0.0;0.0;0.0;0.0;0.03
silk;6.66;8.96;8.32;9.97;7.83;7.63;9.43;9.14;7.71;9.27;7.74;8.41;8.62;10.7;10.86;8.95;10.43;9.5;9.42;10.2;8.29;6.4;7.7;8.06;6.83;6.12;8.47;7.82;7.7;7.78;7.07;6.2;5.63;6.24;7.83;5.87;6.38;6.93;8.17;8.19;9.43;7.11;8.45;8.3;7.14;6.65;8.09;8.11;9.28;7.78;8.11;8.2;6.62;7.44;7.55;8.34;7.65;7.74;6.7;7.16;6.06;5.98;6.41;6.55;4.67;6.34;6.65;7.16;6.91;7.79;6.42;7.66;8.67;7.97;6.92;7.34;8.58;7.77;6.46;5.88;5.84;5.38;7.34;7.52;7.5;6.97;7.86;9.16;8.27;7.15;8.56;7.62;7.97;8.78;8.43;6.87
silver;3.24;3.27;3.16;3.29;2.8;3.39;2.76;2.7;3.07;4.18;4.69;3.97;3.65;3.52;3.55;3.67;4.06;3.24;3.48;3.24;3.03;2.61;3.2;3.89;3.71;3.34;3.78;3.94;3.51;3.61;3.81;3.84;3.72;3.39;3.44;3.75;2.7;3.59;3.35;4.11;3.57;3.42;3.16;3.53;3.41;3.55;3.36;3.91;3.85;3.31;3.93;3.67;3.63;3.52;4.55;3.35;4.77;5.54;5.25;4.9;4.84;4.81;3.57;3.65;3.02;3.7;3.46;3.67;3.25;3.82;3.2;3.15;3.19;3.19;3.67;3.08;3.52;2.76;3.15;3.54;3.14;2.95;2.76;3.06;3.29;2.73;3.77;3.49;4.29;4.28;4.32;4.11;4.01;5.25
wheat;0.01;0.01;0.01;0.01;0.01;0.01;0.03;0.02;0.01;0.01;0.01;0.0;0.0;0.02;0.03;0.02;0.02;0.02;0.02;0.01;0.01;0.0;0.0;0.0;0.0;0.0;0.0;0.03;0.02;0.02;0.02;0.02;0.01;0.01;0.0;0.0;0.0;0.0;0.0;0.0;0.0;0.0;0.0;0.03;0.02;0.03;0.02;0.01;0.01;0.0;0.0;0.0;0.0;0.0;0.0;0.0;0.0;0.0;0.0;0.0;0.0;0.0;0.03;0.02;0.01;0.01;0.01;0.0;0.0;0.0;0.0;0.0;0.0;0.0;0.02;0.03;0.02;0.02;0.02;0.01;0.02;0.02;0.02;0.02;0.01;0.02;0.02;0.01;0.0;0.0;0.0;0.0;0.0;0.0;0.0;0.0;0.0
Amulet of the Mage;7534.71;10201.73;10433.03;10037.27;6942.7;9315.88;6365.06;8219.27;10367.68;8376.2;7459.56;10087.94;11303.35;10603.11;5904.27;5167.21;5823.48;6146.45;5053.29;6325.31;7705.29;10154.39;6041.7;5883.78;6963.47
Amulet of the Planes;84086.16;99641.82;102322.93;78474.12;95777.63;80776.06;94241.14;61806.39;97508.3;90177.73;79097.92;43727.05;46556.05;52072.99;54698.95;90470.45;104935.01;75486.59;119362.49;87740.74;50556.29;73289.74;80961.43;76868.48;62887.13;80912.16;66142.12;75083.71;71865.31;79085.11;118932.34;151923.67;124833.89;125532.8
Blade of Olympus;798.31;952.59;930.64;1366.83;596.09;538.72;489.17;386.95;405.64;465.11;540.24;587.67;836.85;798.32;540.07;408.96;375.72;864.07;1119.41;1316.7;677.41;505.91;541.0;395.15;625.66;423.19;1000.63;1143.06;821.65;728.77;725.14;517.14;443.41
Boots of Striding and Springing;12168.81;10505.83;9256.91;6972.23;11668.78;15218.51;6309.46;10133.62;9532.06;8268.94;8373.7;10232.15;12341.8;9330.69;7584.18;8643.79;9715.15;9093.1;7758.12;10340.17;12334.43;10907.99;12577.62;10061.97;12626.74;8916.6;5287.46
Bottle of Common Wine;1.58;0.83;0.53;0.98;0.7;1.22;1.48;0.84;0.91;0.58;0.93;1.24;0.65
Everburning Torch;29.41;12.61;28.93;25.13;25.76;19.15;16.36;42.28;39.4;20.68;26.83;20.03;23.63;29.37;24.99;31.42;31.27;19.17;22.36;30.85;25.65;19.37
Featherfall Amulet;85.57;63.51;61.57;59.5;173.05;124.72;121.8;143.52;138.22;169.2;169.77;113.35;120.58;112.91;143.84;134.04;125.06
Flask of Eternity;99.7;85.25;141.05;140.93;146.09;137.84;155.35;154.98;106.67;126.0;173.61;98.63;123.99;157.12
Flask of Liquid Courage;48.63;30.52;37.57;44.17;35.82;41.56;43.35;40.88;44.6;32.79;51.68;52.04;46.75;64.01;36.13;39.16;29.57;25.8;21.89;19.84;23.64;55.47;35.5;34.31;32.29;54.72;41.16;50.81;45.9;43.35;35.7;24.37
Ghost Fungus (1 shroom);0.6;0.68;0.7;0.74;0.74;0.84;0.63;0.69;0.5;0.54;0.58;0.4;0.71;0.9;0.23;0.18;0.24;0.2;0.16;0.21;0.15;0.86;0.65;0.56;0.57;0.42;0.64;0.49;0.52;0.51;0.5;0.35;0.49;0.46;0.87;0.96;1.0;0.64
Lantern of Flickering Shadows;76.92;109.51;80.74;79.01;64.07;71.68;54.25;70.79;76.02;92.07;77.27;101.55;98.34;61.2;99.05;49.36;74.43;71.61;91.97;92.7;90.52;88.18;89.94;81.18;87.63;117.26;29.53;43.84;63.98;60.98;71.98;75.38;46.23;64.05
Moonstone;20.98;33.78;34.46;54.64;30.56;33.72;41.36;42.63;56.03;41.3;39.08;41.04;30.81;47.2;23.86
Musical Instrument (Accordion);38.3;23.98;17.88;19.9;20.07;10.9;28.96;32.8;47.93;34.77;38.83;34.31;31.2;37.16;28.96;32.2;48.83;66.15;25.98;43.87;26.47;50.65;19.35;23.89;23.95;39.12;36.45
Musical Instrument (Clarinet);60.65;26.16;20.77;15.64;24.37;33.4;38.01;34.32;34.44;26.42;28.79;28.93;23.16;21.83;40.6;34.35;23.16;37.38;34.81;45.9;30.53;28.72;27.53;25.99;30.29;35.27;25.88;29.29;24.42;36.46;14.89;27.18;26.63;16.62;16.39
Musical Instrument (Harmonica);1.84;2.03;2.13;3.55;1.79;1.2;2.14;1.92;2.41;1.79;2.51;3.07;3.69;2.21;2.72;2.54;3.02;3.1
Musical Instrument (Horn);2.0;2.21;1.83;3.11;2.49;2.68;3.53;4.26;3.66;2.21;2.08;1.77;1.48;1.08;1.5
Musical Instrument (Pan Flute);9.54;7.82;5.07;5.13;5.72;7.7;7.11;4.56;9.01;8.29;9.28;9.03;7.34;8.09;11.08;11.0;10.99;8.98;8.14;9.64;5.31
Musical Instrument (Piccolo);28.25;34.01;31.61;36.77;38.8;40.65;43.16;16.25;27.71;39.33;43.93;28.18;28.72;25.11;32.5;29.55;36.13;35.5;33.92
Musical Instrument (Sitar);76.45;134.54;126.13;88.3;69.49;70.07;48.06;52.52;65.72;92.45;140.27;81.26;71.06;74.92;60.49;44.2;61.75;60.98;69.68;95.4
Musical Instrument (Tambourine);0.5;0.78;0.7;0.65;0.59;0.83;0.6;0.93;0.46;0.69;0.73;0.85;0.42;0.56;0.6;0.61;0.24
Potion of Cat Agility;223.32;182.95;131.33;124.11;151.67;122.48;140.32;161.39;146.16;155.67;168.32;171.02;203.69;133.32;188.73;208.68;157.2;145.86;108.14;164.33;165.89;195.64;102.39;85.64;143.84;120.39;85.78;77.14
Potion of Endure elements;28.59;51.85;37.61;35.13;37.47;37.84;39.66;25.79;16.95;13.68;8.72;7.51;39.75;27.63;35.21;39.3;29.22;48.66;26.12;35.98;30.0;26.96;14.48;11.05;9.77;42.54;30.0;14.39
Ring of Protection;3049.6;4462.3;4626.68;5461.04;3706.14;4817.97;4002.72;3603.42;4305.68;4344.68;3329.12;3639.54;2679.69;3721.53;6209.76;6438.75;4932.04;3821.18;2703.89
Rod of Cancellation;18101.4;11656.36;7906.25;8286.86;10742.2;8823.54;9490.21;9515.64;13680.73;11474.17;12913.17;11563.88;10690.2;9971.86;9093.18;8433.4;8518.8;6625.8;15999.58;17141.38
Rod of extend metamagic (lesser);1744.31;1776.15;1501.74;1874.95;1169.43;1242.6;3248.02;2411.66;1962.59;1762.36;2816.01;1670.25;2323.1;1821.37;1369.71;1823.42;3391.54;2630.01;2521.37;2394.43;2348.1;2331.63;1678.31;1301.64;1319.31
Satchel of Holding;134.52;133.51;96.55;72.05;69.11;92.17;167.78;138.11;162.61;139.21;129.65;151.57;124.13;129.14;123.81;140.72;165.51;144.81
Shard of the Stars;230.25;104.19;202.84;252.99;277.42;293.05;264.31;336.0;177.86;186.25;163.99;178.05;197.43;178.45;189.04;224.1;185.47;210.98;225.78;164.06;280.59;341.56;317.69;285.13;196.65
Veil of Concealment;90.64;139.18;89.91;113.92;103.08;95.2;111.92;124.54;106.13;96.96;99.39;132.83;104.23;92.65;83.92;76.77;73.66;87.7;77.58;78.74;64.38;71.06;61.54;65.32;57.87;113.71;144.18;47.44;98.7;104.44;88.02
Whispering Amulet;112.25;72.53;57.23;107.76;146.56;75.6;66.44;103.64;93.95;86.5;66.02;84.17;54.29;69.83;57.02;89.2;75.79;38.06;56.47;57.66;81.97;67.37
White Onyx;39.45;39.21;38.01;37.34;48.34;38.48;27.78;31.81;30.5;24.29;50.24;55.26;35.15;27.57;50.76;53.86;38.36;24.39;25.39
oil of bless weapon;100.47;39.44;66.35;69.77;88.22;89.29;80.6;68.21;75.6;68.19;97.85;72.03
Alchemist’s supplies;29.33;29.39;25.97;33.59;31.38;35.13;38.21;23.9;29.48;29.72;31.26;25.72;25.64;39.53;44.57;43.33;50.24;38.29;35.91;39.45;34.79;41.4;38.98;35.17;47.32;38.84;36.1;42.26;36.33;33.38;35.55;40.61;42.68;33.11;34.76;42.22;36.15;43.15;41.39;43.31;34.82;31.7;40.48;35.88;40.22;32.09;47.26;42.72;32.38;39.33;30.12;32.06;37.53;37.66;37.04;38.3;42.63;43.14;45.56;42.91;37.72;50.39;39.26;40.94;31.2;32.01;26.95;35.87;34.63;32.81;42.61;40.61;29.11;36.11;39.21;34.78;31.96;37.17;40.46;43.22;37.47;36.63;33.07;41.25;44.26;32.21;31.91;38.62;43.25;41.92;34.16;34.52
Breastplate;287.67;307.3;271.23;335.19;295.0;314.81;359.08;315.68;379.85;394.28;362.16;423.4;343.78;246.89;326.7;433.86;350.36;262.37;299.95;310.79;315.43;253.1;331.72;358.34;363.89;287.31;318.05;284.19;303.98;349.16;363.98;281.54;278.18;283.81;295.54;261.03;218.05;297.97;286.87;205.74;312.3;197.24;262.5;258.14;292.18;366.26;305.59;269.47;357.39;389.16;303.88;375.03;336.29;403.57;328.37;297.85;422.67;378.37;388.59;327.24;268.6;287.55;285.43;323.58;370.73;407.84;420.65;351.78;366.93;317.66;359.0;339.6;317.29;318.7;328.54;342.63;331.07;379.33;377.51;438.3;390.18;417.11;366.75;423.91;341.8;382.93;413.95;286.68;327.43;331.63;272.31;310.63;321.63;365.14;356.2;372.75;285.04;354.4;340.26
Greataxe;22.85;21.5;24.11;21.82;26.13;25.47;26.22;22.17;19.94;27.43;22.29;23.37;20.22;18.2;21.7;22.73;18.53;17.98;16.21;17.71;16.39;17.06;16.6;19.66;22.84;21.32;21.42;18.62;22.99;21.27;20.06;19.97;21.02;17.38;13.87;15.29;14.7;15.13;13.96;16.99;14.15;13.74;13.79;13.39;12.66;19.96;19.75;27.35;27.88;26.84;24.08;22.88;26.86;26.11;28.74;31.15;21.88;21.42;21.93;22.02;16.29;19.03;20.21;23.59;22.87;21.34;19.05;22.84;27.56;23.2;22.81;21.52;21.3;25.5;19.08;23.02;22.08;22.14;23.96;21.31;20.01;18.86;17.49;19.64;17.03;20.95;20.27;22.87;23.05;23.63;22.93;22.06;27.49
Magnifying glass;77.49;76.8;68.5;62.03;84.18;69.27;72.59;74.26;55.37;81.41;69.44;73.62;76.79;63.52;62.9;68.55;66.86;68.82;70.78;67.98;69.6;75.55;64.63;66.37;75.37;77.71;80.78;75.37;73.46;68.17;85.69;75.06;71.96;78.07;71.88;75.16;74.32;74.27;62.3;62.93;45.59;52.62;60.96;58.52;62.12;66.64;62.01;76.12;70.11;77.18;66.89;82.59;77.9;80.49;76.76;77.7;72.47;72.0;82.25;82.48;87.46;78.82;75.44;83.29;66.97;78.54;86.13;70.29;70.2;82.46;86.68;73.71;68.07;82.86;72.18;66.32;50.63;64.96;62.68;60.66;61.39;57.85;70.1;69.68;49.94;79.16;76.7;71.91;57.73;58.26;70.61;75.67;97.79;73.38;75.89;72.07
Arcane Scroll (Detect Undead);15.1;18.0;18.37;15.23;16.23;29.2;33.15;46.99;57.35;15.23;24.37;27.27;29.3;36.47;22.73;27.36
Bag of Chestnuts;0.75;0.8;0.94;1.2;0.8;0.74;0.72;0.89;0.56;0.54;0.41;0.64;0.64;0.69;0.79;0.84;0.68;0.48;0.64;0.54;0.34;0.89;1.12;0.86;1.35;1.42;1.7;1.0;0.66;0.92;0.92;0.62;0.66
Bracers of Defense;6629.15;8357.58;4157.73;5420.91;5792.91;5776.57;6681.68;5948.64;5884.97;5190.88;5947.64;4237.32;6090.92;7061.15;7127.76;7115.81;6514.11;7114.41;4517.88;4824.6;7446.35;5360.11;6693.59;7921.72;4980.61;6678.47;6826.79;5669.66;5612.39;7094.29
Buckler;3247.27;6796.51;4996.0;6724.77;7209.76;6174.21;5993.31;5734.67;6466.75;6476.66;8935.24;9427.04;7995.68;6437.33;6070.7;5366.74;4295.11;6951.68;6568.52;5563.47;9157.84
Cape of the Mountebank;12214.03;13960.6;16115.13;21041.73;17241.2;20183.58;7835.68;7809.56;12519.34;16351.76;12388.0;10470.31;13409.68;15472.54;12717.66;15198.37;11192.37;18276.31;16456.92;13513.03;12137.76;6697.89;18804.0;12061.23;10850.64
Dagger of Venom;7389.07;6688.17;3641.06;3988.09;5037.77;6500.8;4984.3;5401.95;4157.3;2161.66;999.18;2207.41;1833.81;1807.3;4110.58;6383.19;6091.62;6641.33;5323.95;3096.15;2704.24;2064.75;3413.9;4230.68;3956.19;4014.71;3507.15;4389.34;3773.11;7702.62;6457.92;6689.24;6315.86;6953.62
Gloves of Dexterity;3606.34;3839.07;3819.87;3195.87;3596.71;2684.18;3225.2;2799.18;2530.98;2601.5;4049.69;5185.95;3900.33;3297.41;2968.13
Hematite;6.54;8.93;7.43;8.86;8.79;6.73;9.39;5.64;5.23;5.55;5.33;6.7
Mirror of Reflection;63.87;70.51;93.74;111.4;56.02;89.43;76.52;131.3;126.58;128.68;90.71;107.27;66.78;91.58;63.53;97.73;95.31;94.83;93.31;113.42;78.89;84.86;78.15;43.36;64.62
Musical Instrument (Bagpipes);16.23;13.93;25.03;20.54;17.56;21.37;18.68;13.7;15.07;10.34;8.11;20.26;14.82;15.57;16.22;21.09;20.47;22.18;24.74;20.99;17.08;13.38;12.0;25.99;19.64;17.2;18.64
Musical Instrument (Bassoon);129.22;132.01;98.63;103.52;107.59;62.99;138.92;126.16;71.87;81.82;103.42;129.65;125.24;146.55;231.97;248.63;113.36;203.5;153.16;156.88;101.14;117.14;133.57;121.16;113.89;139.64;85.76;88.46;103.32;88.47
Musical Instrument (Didgeridoo);20.66;20.06;24.65;23.8;22.55;17.42;24.52;19.71;17.54;14.33;13.65;21.69;31.01;26.5;19.02;14.18;19.1;25.81;21.5;15.59;12.65;16.91;26.01
Onyx Goblet;15.39;16.07;22.31;32.89;37.12;16.94;20.37;16.19;17.36;18.36;25.99;22.33;9.48;19.95;27.73;13.15;16.81;20.73;22.83;24.07;29.6;22.34;25.24;19.03;16.84
Rod of Absorption;21649.0;21105.72;21071.79;18794.87;30404.68;25175.47;23463.04;13661.34;12823.79;14383.84;14810.09;15245.09;14210.58;23238.53;19078.25;13954.16;13112.82;20928.46;13819.28;9953.56;14338.65;7177.45;6250.21
Staff of Healing (25 of 50 charges);10178.23;7700.49;7541.96;10461.1;5401.8;10234.36;10367.05;12676.47;13671.44;13821.55;17503.58;11050.38;11262.86;7000.44;5239.55;5441.05;4346.42;4471.09;4435.76;4033.59;9935.92;12563.71;9845.72;9480.4;6836.91;6917.57;9489.62;7669.78;5081.48;5153.84;14168.99;9167.58;10193.64;8385.72;9272.64;7758.7;11605.9;10114.97;7480.01;9578.3
Staff of Power;23568.48;35530.24;56010.62;33542.47;36240.92;38357.39;39691.81;42592.61;37125.22;52530.18;43781.08;58818.08;62755.69;50532.05;64368.04;32878.38;27735.83;21423.67;22230.55;54600.0;36968.49;38933.87;30582.81;40275.51;42859.12;28947.38;26672.76
Trinket of Elemental Control;112.7;127.35;157.43;105.04;63.38;103.66;137.62;101.44;92.29;117.37;137.4;141.62;57.83;114.6;236.32;96.93;83.3;123.21;125.7;96.55;97.77
Yellow Topaz;224.3;236.37;280.81;310.38;385.39;307.61;504.52;406.4;427.7
Chain mail;48.31;46.25;45.28;56.54;55.12;66.09;57.24;54.56;57.94;51.39;50.56;46.51;54.12;47.09;56.69;54.37;56.94;63.3;71.53;70.96;72.47;65.35;63.82;62.85;69.93;71.32;99.82;96.73;80.1;109.13;82.56;81.83;52.72;61.22;67.62;59.4;44.62;57.04;53.71;55.91;59.85;70.49;72.35;70.09;72.47;80.31;74.32;60.47;53.78;49.04;57.69;55.82;39.04;40.74;44.09;44.73;43.51;38.84;46.67;43.98;67.27;53.98;69.16;62.59;43.11;53.2;45.71;57.22;45.32;49.13;58.39;57.44;50.47;50.53;51.19;50.92;49.32;48.94;55.64;63.81;63.26;55.23;54.88;60.25;64.06;57.21;68.07;70.98;56.98;53.73;58.53;49.93;57.66;54.38;51.01;57.32;57.26;60.83;55.24
Shovel;1.65;1.19;1.39;1.42;1.15;1.49;1.36;1.77;1.41;1.4;1.69;1.61;1.39;1.4;1.67;1.4;1.45;1.39;1.25;1.45;1.5;1.23;1.34;1.4;1.12;1.24;1.39;1.32;1.68;1.66;1.31;1.36;1.09;1.21;1.31;1.42;1.56;1.59;1.63;1.69;1.74;1.63;1.43;1.91;1.52;1.65;1.44;1.76;1.63;1.21;1.65;1.04;1.19;0.95;1.07;0.9;1.0;0.83;0.94;0.8;1.5;1.5;1.66;1.38;1.26;1.23;1.38;1.51;1.43;1.51;1.65;1.53;1.6;1.58;1.66;1.69;1.85;1.46;1.41;1.62;1.35;1.47;1.04;1.1;1.55;1.21;1.6;1.4;1.5;1.28;1.49;1.78;1.41
Tent, two-person;1.42;1.45;1.64;1.31;1.39;1.42;1.35;1.47;1.31;1.38;1.32;1.45;1.77;1.35;1.59;1.51;1.55;1.64;1.3;1.37;1.38;1.29;1.22;1.6;1.08;1.51;1.52;1.3;1.59;1.48;1.65;1.61;1.45;1.49;1.7;1.52;1.51;1.74;1.39;1.35;1.8;1.58;1.62;1.96;1.42;1.81;1.64;1.0;1.71;1.67;1.66;1.49;1.46;1.43;1.37;1.6;1.64;1.62;1.26;1.25;1.55;1.24;1.24;1.25;1.0;1.22;1.28;1.18;1.09;0.8;1.15;1.07;1.14;0.99;1.14;1.13;0.99;0.93;1.77;1.89;1.68;1.6;1.53;1.64;1.56;1.32;1.6;1.43;1.42;1.55;1.56;1.47;1.6;1.53;1.3
Arcane Scroll;20.6;27.83;18.64;13.75;21.39;17.51;87.56;99.6;106.96;116.83;22.84;29.17;22.64;22.04;80.11;57.18;16.4;13.5;16.0;18.63;20.83;15.55;115.78;97.02;102.58;12.13;16.25;10.16;14.99;14.73;12.38;13.12;105.66;23.26;20.84;80.81
Ashes of Al'ar;11951.7;10524.96;13265.48;12418.29;14495.61;16109.99;10382.38;14808.9;12675.68;13436.93;17591.79;17432.68;10179.49;6920.5;7428.95;14787.15;12218.56;10369.51;12168.29;11486.73;14728.88
Mirage Cloak;113.38;90.95;83.48;133.97;166.66;173.83;150.81;111.74;93.11;58.01;44.84;76.92;75.77;43.26;38.9;162.13;183.96;114.94;99.12
Musical Instrument (Trumpet);15.84;27.99;17.18;15.85;25.81;21.3;14.57;20.97;16.37;17.93;21.63;26.44;17.51;14.64;18.28;23.24;19.92;15.41;18.93;20.79;18.75;21.25;22.36;16.97;19.63;20.1
Potion of shield of faith;666.77;625.24;733.65;633.54;689.35;843.02;808.84;590.71;556.65;955.04;766.23;943.08;978.34;991.02;485.11;412.26;786.03;786.46
Rod of Flame Extinguishing;11660.38;15281.48;12235.64;11724.43;6584.42;12766.42;12492.63;12930.21;7610.2;9545.05;9333.91;14822.8;9390.2;8880.19;11974.15;7064.21;8051.59;5858.35
Small Cask of Tobacco;1.21;1.26;1.11;1.69;1.81;1.33;1.51;1.41;1.76;1.39;1.11;1.22;1.17;1.86;2.5;1.5;1.92;1.34;1.29;1.77;1.75;2.08
45 Gallons of ale;4.93;6.55;7.28;4.35;3.93;2.33;4.86;5.99;9.21;7.0;5.25;4.01
Amulet of Health (+4);12157.05;10726.87;8090.5;9998.38;11099.7;10712.17;10584.35;8578.59;8714.36;7872.95;10211.32;11388.03;18658.19;13509.95;12041.45;8739.61;13008.95;11105.35;12340.28;11859.49;10251.82;10085.7;9695.87;14963.68;12859.97;10662.36;7960.23;6234.76;5938.9;5273.53;8348.3;13656.55
Elixer of Truth;720.88;470.88;453.25;440.59;632.34;624.07;578.72;539.89;465.83;564.38;411.39;607.01;732.15;826.82;637.14;548.8;635.18;448.51;356.16;294.29;907.68;478.53;629.67;481.04
Elixer of swimming;165.08;195.82;183.03;220.68;191.56;226.64;265.43;300.74;252.87;247.03;155.79;121.38;213.79;289.76;256.36;344.91;250.91;216.77;205.84;243.37;151.07;245.49;189.38;216.07;157.76;120.94;127.01;96.8;110.97;211.14;162.02;189.8;210.2;170.26;152.11;162.54;239.2
Enigmatic Puzzle Box;117.06;97.12;89.67;147.84;125.87;100.93;146.39;155.51;132.66;97.93;84.42;123.99;85.21;118.88;163.69;159.52;213.24;206.38;180.25;195.41;121.12;192.28;77.19;124.1;188.3;118.11
Feathered Quill of Endless Ink;14.12;13.5;16.73;13.43;12.18;19.36;18.57;22.23;17.83;15.49;18.43;14.42;13.26
Musical Instrument (Cymbals);1.71;1.37;1.84;1.42;1.94;2.5;2.82;3.82;1.68;1.46;1.57;1.34;1.25;0.73;1.45;1.85;1.53;1.45;2.11;1.82;2.76;2.4;2.7;3.1
Musical Instrument (Drum);1.93;2.4;1.57;1.58;1.97;1.44;2.62;1.89;1.62;3.05;3.07;2.2;2.8;1.5;2.63;1.37;2.19;2.06;2.43;2.15;3.34;2.26;2.4;2.89;2.95;2.2;2.77;2.21
Musical Instrument (Xylophone);9.42;7.64;8.03;5.22;5.74;8.76;7.48;9.79;5.07;3.68;3.62;3.63;5.89;5.56;5.54;5.11;5.44;7.03;7.88;7.42;9.66;9.2;5.58;6.45;3.92
Ring of Resilience;8050.0;4351.06;4770.73;8327.51;4695.08;5154.06;7471.04;6890.39;5374.45;8185.5;5615.6;3453.16
Satin Robe;208.07;157.85;152.81;241.17;338.04;184.11;202.4;138.42;87.88;152.79;203.43;156.0;173.94;197.5;191.58;183.37;160.68;150.83;163.87;189.05
Spined Shield;4649.23;4122.2;4244.5;4573.23;5373.51;3994.15;3517.36;2679.01;2433.33;2773.41;4965.48;3688.2;3264.35
Amulet of Vitality;14000.96;7932.5;13227.38;12765.87;11258.63;7393.04;10683.11;10965.56;6381.59;6589.75;13388.66;18722.39;12983.09;12931.25;8650.37;12182.32;8530.22;8903.46;11729.94;12913.69;8253.85;7215.7
Bottle of Brandywine;2.33;2.33;3.97;2.92;3.77;3.89;4.19;2.03;3.98;4.34;3.41;4.01;4.16;3.68;2.98
Chalice of Dreamweaving;85.81;179.06;97.28;96.08;100.02;119.93;110.91;197.81;167.93;91.91;235.12;345.02;156.82;158.66;156.52;144.43;109.86;107.91;141.94;237.17;246.04;214.91;194.88;182.49;140.44;165.43;194.3;178.48;178.18;281.13
Cursed Coin Purse;38.04;46.91;31.07;40.11;46.5;39.3;34.48;46.71;42.74;43.55;43.96;27.63;27.38;38.17;34.72;38.67
Dancing Flame Lantern;17.93;18.97;24.46;29.27;20.69;27.75;13.31;27.56;27.15;20.2;22.32;18.82;23.21;14.85;14.05;18.8;19.01;17.87;23.09;21.85;31.5;34.61;49.15;23.36;20.53
Goggles of Night;13507.89;7525.79;10089.06;7310.8;7948.54;7720.87;14612.66;13395.78;12652.53;13034.97;7929.11;6197.04;4576.63;11476.27;10226.25;9326.56;12160.35
Holy Arrow;7.25;5.7;11.08;13.51;16.0;8.84;8.28;9.52;11.06;14.02;9.95;9.97;6.6;8.46;7.99;4.24;10.21;10.11;11.28;7.29
Musical Instrument (Baglamas);11.97;16.67;15.86;25.24;18.52;14.95;13.42;19.33;12.62;11.13;16.26;16.83;11.56;19.41;14.89;14.67;13.02;20.25;19.8
Musical Instrument (Tabla);56.41;57.17;68.12;71.8;74.38;69.84;71.94;96.05;70.3;87.41;68.81;71.5;43.15;54.0;59.87;45.56;47.17;49.37;50.89;62.16;60.8;49.03;24.82;22.77
Musical Instrument (Triangle);1.05;0.9;0.93;0.65;1.36;0.98;0.81;0.83;0.87;1.17;0.88;0.72;0.65;0.86;1.04;0.77;1.02;0.57;0.54
Potion of Blur;263.58;193.66;234.26;155.56;289.59;282.45;268.37;237.79;282.38;199.11;174.94;131.04;114.66;117.46;113.78;74.15;111.12;102.07
Potion of Jump;30.8;36.53;29.0;29.18;25.53;38.17;38.77;43.48;31.92;28.13;22.09;29.95;34.38;28.56;28.03;58.31;35.9;36.62;20.26;13.1;9.72;29.51;18.07;23.21;22.31;25.45;25.56;29.19
Potion of Mage armor;38.88;43.83;47.49;50.45;39.21;55.84;51.14;60.24;57.68;65.86;51.41;21.66;23.41;34.96;46.52;45.3;38.67;49.44;34.94;29.14;40.52;44.36;43.46;26.47
Scroll of Fireball;742.54;851.76;790.47;612.73;403.47;708.77;600.93;983.44;942.66;1216.82;1431.91;1570.95;543.16;738.53;870.38;807.63;846.46;1077.87;828.52;822.21;526.76;455.38;853.81;699.28;498.87;815.96;649.49
yellow Quartz;35.2;22.33;22.87;42.08;31.89;26.33;33.72;28.65;34.02;41.95;17.54;51.63
Bastard Sword;37858.67;35729.67;41732.98;36694.4;52731.1;37699.62;28267.37;42572.98;36737.67;36039.12;38443.32;41231.69;27670.87;33885.99;37911.9;35568.39;50846.18;39702.27;43021.72;56598.57;68434.69;63509.32
Cloak of Invisibility;41836.95;46107.75;50594.09;46986.65;47939.99;34016.93;50137.47;43747.5;31943.7;27457.06;27903.86;17813.88;38212.16;29048.72;33177.3;37178.57;46037.42;41344.03;38045.44;40388.89;31008.49;31033.81;25908.69;34205.12;41331.47;28601.1
Crystal Orb of Fortune Telling;48.97;42.06;52.98;40.0;40.09;48.15;25.51;32.37;20.48;14.7;27.31;39.94;28.05;32.68;44.48;49.52;37.05;24.85;37.98;37.04;49.83;52.92;40.36;41.34;34.75;35.03;51.24;59.26;53.48;57.06;52.64
Mask of Illusion;64.09;74.38;72.98;75.61;46.54;59.9;94.74;68.83;58.54;56.59;38.61;56.19;51.92;54.92;67.97;47.83;49.92;43.28;68.12;58.93;79.59;62.85;88.42;60.33;62.38;60.04;43.37;45.69;53.81;71.07
Musical Instrument (Banjo);27.38;24.52;30.06;25.68;25.44;22.67;25.35;31.9;27.48;32.67;28.05;44.83;32.3;37.74;40.85;41.01;29.18
Musical Instrument (Flugelhorn);46.76;54.18;44.76;41.19;58.89;69.68;49.28;73.62;87.01;104.94;83.58;95.01;63.03;77.34;91.64;55.77;61.83;60.53;34.58;58.48;75.97;54.58
Musical Instrument (Oboe);40.39;33.43;37.91;35.56;41.58;31.87;29.29;47.0;59.75;49.13;40.33;65.6;55.61;45.93;54.36;65.31;78.39;88.2;104.39;33.14;19.44
Potion of Invisibility;275.62;240.11;392.4;242.79;171.79;193.58;156.33;172.15;203.63;264.09;312.8;238.79;279.32;136.42;231.13;231.23;220.87;186.25;185.16;335.02;340.87;287.15;170.6;235.86
Ring of Kalecgos;10313.72;10715.37;7739.34;14530.78;12007.87;11012.77;12573.48;9671.33;13624.74;12580.42;14177.26;17469.98;18288.09;12366.56;9658.96;10273.58
Ring of Keys;2209.98;1457.39;2134.92;2112.87;1584.07;933.06;1255.46;948.0;452.64;2969.97;2042.42;2835.19;2745.58;2243.93;1882.27;999.4;2353.6;2706.59;3000.87;2231.96;3244.72;3269.13;2590.34;2749.4;2088.06;3157.08;3085.84
Ring of the Ram (26 of 50 charges);2245.07;3866.36;3357.15;3419.73;3148.7;3983.23;4076.24;3141.16;3861.88;4674.07;5566.32;3112.21;3173.96;3544.29;4334.17;4792.18;3520.0;4706.98
Rod of the Viper;8330.24;8877.24;20217.41;21681.4;14305.65;15869.82;20701.76;16753.0;17616.81;24535.98;18126.17;17114.13;9378.35;18653.77;14627.39;9846.47;16207.69
Sack of Apples;4.19;4.72;5.05;3.86;4.99;3.61;4.31;4.2;3.69;4.54;4.42;4.13;5.02;5.17;4.54;2.75;4.6;5.09;5.31
Wand of Neutralize Poison;4629.12;6044.72;4568.4;4059.08;4333.47;3019.63;3873.85;4348.97;3432.19;2419.09;2081.05;2373.06;2583.56;3434.45;3226.36;3681.69;3141.68;2631.75;3310.67;5132.68;4114.83;3997.71;2777.69;2255.0
Arcane Scroll (sleep);23.48;31.48;22.31;29.95;22.55;26.02;32.32;19.85;15.95;13.6;12.03;16.22;20.45;24.62;20.37;18.95;12.85;11.48;15.4;13.95;12.56;10.69;18.14;18.92;20.69
Dust of Disappearance;2123.4;3516.25;3997.11;4246.14;2824.74;1212.19;1240.55;2923.98;2614.82;2315.52;2023.16;2822.91;2393.87;2386.7;2044.13;2421.99;1916.73;2138.05;1581.7;1948.91;2561.26;1912.41;2383.1;1720.99;1653.72;1909.64;1789.52
Echoing Conch Shell;46.05;55.77;46.32;50.18;38.88;45.97;48.58;45.29;40.99;36.75;47.94;29.47;40.32;70.46;38.23;56.32;35.25;27.8;44.9;42.91;62.39
Musical Instrument (Balalaika);33.87;29.53;24.38;28.8;23.66;39.42;39.79;43.6;36.2;28.68
Musical Instrument (Flute);1.58;1.83;1.42;2.16;2.07;1.7;1.97;1.99;1.3;1.43;1.53;1.09;1.08;1.74;1.42;2.12;1.96;1.61;1.45;1.92;1.82;2.0
Musical Instrument (Saxophone);68.61;56.89;73.61;37.65;31.11;32.35;42.22;54.03;43.32;55.69;49.42;52.97;81.97;131.09;89.58;52.1;54.75;90.22;79.97;69.77;87.63;67.5;57.7;64.21
Musical Instrument (Ukulele);11.05;11.14;8.94;16.73;15.71;12.45;11.69;8.98;12.0;12.81;14.96;6.8;13.45;14.25;14.83;7.64;8.66;14.69
Potion of Darkvision;217.28;176.31;242.88;192.82;155.6;201.34;277.62;301.0;272.31;328.68;171.77;165.38;270.15;220.29;203.49;192.4;197.15;220.17;185.36;260.52;199.89;214.19;197.31;157.1;281.74;216.6;246.01;225.0;165.26;261.72;212.68;204.81;132.38
Potion of Giant Strength;236.83;162.91;165.91;145.3;204.09;208.2;226.27;280.03;287.09;334.39;165.02;248.28;192.83;222.35;185.15;241.25;271.87;251.39;141.68;173.99;197.82
Ring ofsell Turning;66399.36;94379.12;133579.78;98181.36;72130.22;97928.37;70881.98;60574.07;65647.78;79124.38;65567.22;81582.26;87701.28;88467.23;73907.75;89570.52;69355.22;83902.39;112120.96;118190.49;53673.48;48857.37;34790.97;32254.38;57046.87;78631.31
Siangham (Small);36986.81;38936.15;43326.91;33159.22;43718.7;33267.68;15805.46;45456.25;48190.06;45772.28;40713.56;37091.8;42932.24;35864.23;44556.07;35971.26;33003.79
Wand of Acid Arrow (12 of 50 charges);463.11;659.06;676.49;591.63;538.01;813.11;1448.28;1220.15;655.41;605.92;656.29;577.16;838.09;780.47;751.47;868.62;756.57;800.27;674.8;1014.99;939.6;955.89;773.55
Bottle of Fine Wine;3.15;5.16;8.38;2.86;3.75;4.71;3.66;4.84;5.93;5.01;6.4;5.15;6.61;3.5;2.38;7.91;7.27;9.66;14.41;14.09;13.51;14.41;16.79;13.09;4.95;3.58;5.58;7.63
Crystal Eye Pendant;140.94;151.08;111.44;226.82;90.97;86.22;152.64;191.71;119.39;97.68;89.24;114.66;114.42;137.17;78.05;110.1;101.82;167.51;120.06;91.84;109.1;117.64;88.82;121.35;145.99;124.59;143.68;163.48;138.35
Light Catapult;336.75;270.17;446.65;349.11;396.8;439.0;348.91;546.54;736.31;375.52;599.61;509.81;626.36;501.91;478.3;481.58;322.75;520.17;380.27;354.97;410.11;480.23;402.15;437.99;384.14;427.02;458.02
Mask of Deception;47.74;59.74;60.04;74.94;51.89;63.44;70.91;77.62;63.86;64.98;47.6;77.89;91.77;74.02;63.33;50.22;52.6;64.84;73.06;49.64;54.21;67.23;64.27;75.35;68.21;52.43
Mask of the Veil;64.94;57.69;61.99;78.89;78.65;58.69;57.87;46.47;49.56;21.33;14.15;12.34;9.96;11.07;78.44;72.87;69.78
Musical Instrument (Tuba);176.85;147.4;188.02;266.81;209.34;178.55;244.36;159.75;176.28;98.93;76.47;100.68;89.46;77.57;71.92;47.25;103.47;140.56;138.03;97.25;132.14;118.03;85.64
Potion of Cure Light Wounds;36.87;37.68;25.02;33.05;38.01;39.55;40.28;38.51;45.84;40.61;45.67;40.04;65.08;31.18;34.0
Potion of Remove Fear;35.68;24.58;31.14;32.63;33.59;26.21;20.24;19.93;43.27;51.04;36.81;52.15;56.07;52.03;42.2;45.95;41.68;38.2;31.89;34.3;36.53;46.07;22.58;46.75
Rune-etched Gauntlets;107.32;87.67;135.3;116.73;135.07;98.6;133.99;112.54;132.28;118.18;106.42;127.21;145.39;140.75;169.17;80.06;151.12;136.2;177.26;138.64
Saronite Bar;142.11;116.32;134.4;139.53;122.06;103.58;168.77;185.04;185.91;182.77;185.89;315.52;153.15;139.72;136.67;122.89
Staff of Abjuration (16 of 50 charges);15171.2;13463.32;16700.45;12103.45;11675.85;13337.9;17054.25;20842.69;24010.55;14576.0;12120.9;12349.25;15025.28;9965.62;20665.96;16948.89;12696.16;10440.93;16111.94;7821.95;6051.58;6461.33;17949.81;18485.69
Whispering Blade;76.58;53.79;96.63;93.92;62.72;88.03;54.55;55.41;100.86;58.76;49.68;51.89;96.0;60.1;70.19;66.5
Amulet of Serenity;93.44;76.77;91.22;90.26;72.86;104.98;113.45;81.42;41.86;106.15;105.76;73.92;144.87;89.22;77.58;73.72;83.29;117.91;83.02;94.41;74.39;105.96;136.53;122.0;78.93;117.09
Celestial Compass;120.68;111.87;96.86;115.19;106.32;137.38;75.88;95.38;88.74;68.4;67.07;63.94;47.97;83.86;86.72
Elixir of Transformation;141.01;185.53;216.45;149.77;187.3;148.19;186.37;183.09;107.28;131.6;104.07;111.77;115.56;179.08;211.06;175.92;313.32;258.48;393.17;308.56;257.5;199.07;142.7;84.03;77.24;245.78;191.52
Musical Instrument (Koto);125.15;136.09;155.69;150.95;86.45;87.78;46.18;58.4;136.42;112.12;172.36;146.24;263.63;107.86;158.13;144.98;94.1;83.62;98.6;113.65;136.19;105.79
Red Garnet;101.68;106.15;97.07;118.55;86.56;94.1;89.85;64.03;80.81;71.43;48.89;53.51;50.44;102.81;110.83;92.41;63.87;51.21;52.88
Headband of Intellect (+6);22317.55;40443.88;40971.59;56203.37;24909.41;28679.87;32359.97;27985.91;34773.33;23231.09;18872.76;31489.41;33079.47;46063.11;33336.13;32590.29;33244.56;27792.2;17754.02;22820.68
Jade set of Animal figurines;221.82;157.77;151.26;150.38;132.73;260.77;190.07;181.39;143.9;224.35;215.28;202.64;219.18;179.06;124.14;219.76;199.4;198.6;166.3;199.46;233.65;249.16;330.89;195.26
Arcane Scroll (Invisibility);123.21;139.15;119.35;78.47;56.63;119.68;126.41;132.5;170.16;90.22;107.79;136.71;135.98;168.97;119.91;125.59;118.95;107.44;114.56;107.09;125.24;101.45;143.32;102.09;142.2;129.06
Azurite;8.61;8.75;9.5;7.57;9.16;8.12;6.92;9.9;7.53;12.63;10.58;9.33;6.54;6.84;12.44;6.17;8.28;13.02;12.36;11.08;11.06;14.84;8.38;9.48
Blue Diamond;4038.1;3691.39;2822.17;2814.26;3227.26;3780.57;4967.93;9126.82;5438.23;3844.37;4494.27;6699.75;10921.93;4032.04;3681.1;3261.36;3098.84;3798.07;4606.24;3187.51;2839.09;3681.98
Echo Stone;51.53;45.89;52.79;67.37;75.77;73.06;60.54;41.23;32.55;32.22;41.53;50.19;49.89;50.18;40.5;26.94
Large Iron Box;1.21;1.56;1.61;1.66;1.25;1.35;1.09;1.37;2.4;1.8;1.55;1.5;1.9;1.2;0.83;1.68;1.7;1.51;1.45;1.07;1.69;1.53;1.85;0.98;0.73;0.53;1.26
Musical Instrument (Concertina);40.43;36.48;44.44;34.2;24.28;37.52;39.94;41.25;38.8;27.84;23.42;23.07;24.98;33.49;35.98;30.69;29.56;50.21;48.42;38.0;29.57;41.17;43.04;39.46;31.07;36.29;25.81;25.56
Musical Instrument (Trombone);40.12;46.51;49.42;39.24;55.49;52.42;46.34;48.59;35.04;44.88;48.05;48.58;57.78;34.91;43.92;49.7
Staff of Size Alteration;11318.63;13549.11;20959.25;18720.11;9203.05;11051.49;13989.17;15068.36;16362.61;11475.49;11510.95;15159.34;16244.23;8331.79;7902.13;9326.74;11792.73;10107.78;12627.71;8902.93;15802.12;19058.91;15693.61;14268.59;14063.44;18244.49;13669.18;9451.37;14513.11
Armor Potion (Standard);56.15;77.66;55.88;77.38;62.92;67.05;44.84;37.04;42.11;36.44;49.89;80.13;80.15;66.09;66.09;78.94;66.8;59.17;61.52;75.61;72.96
Harmonic Harp;83.15;112.75;93.98;63.81;187.45;183.06;282.18;193.63;233.93;113.68;130.43;179.83;148.46;125.07;214.37;120.28;58.53;131.67;115.37;169.45;183.5;170.33;172.14;187.21;154.4;161.77;246.83;159.05;170.62
Lens of Truth;53.89;47.94;35.96;64.12;50.94;51.61;55.98;68.25;62.8;32.55;28.11;63.65;50.49;64.05;68.63;51.63;39.82;30.09;40.64;62.48;76.08
Manual of Gainful Exercise (+1);13976.8;19491.11;29804.07;24328.71;19894.05;15627.94;15973.38;18678.89;18075.63;13651.13;20057.69;20334.82;19240.21;21019.77;24412.02;30163.36;25996.4;21626.06;18827.94;17104.25;16135.59
Musical Instrument (Violin);26.47;33.78;26.52;14.01;15.42;16.01;26.47;12.76;21.49;22.63;18.07;18.94;22.88;28.04;23.01;22.02;22.68;18.18;21.34
Potion of Flying;742.92;619.06;611.65;713.3;744.09;476.5;402.89;644.0;651.69;488.98;683.72;576.94;594.82;684.17;1114.75;1526.82;560.46;601.14;385.89;593.31;446.88;709.95;517.57;559.48;641.44;825.92
Whispering Wind Chime;50.35;39.63;46.79;55.37;79.43;47.07;45.03;55.75;62.24;78.61;68.18;51.45;49.21;51.45;57.31;61.57;96.71;66.8
Book of Elementary Mathematics: Third Edition;19.93;12.41;14.42;12.18;14.32;22.31;13.78
Chalice of Life;207.64;145.61;285.24;257.55;298.37;219.97;217.81;156.25;178.5;210.36;173.64;194.75;236.06;192.16;184.07;215.48;168.93;175.55;138.09;95.0
True Wand;25532.57;24431.66;26375.61;27334.71;24331.55;19223.43;17344.49;27063.86;12842.33;20811.41;18921.19;22274.77;28705.32;27770.26;17173.93
Whispersilk Cloak;90.03;112.56;169.47;127.07;116.37;104.98;113.59;85.7;102.75;140.28;143.95;116.08;134.14;129.29;169.86;199.58;98.91
Black Pearl;211.78;163.44;121.85;170.67;215.73;202.1;135.23;207.15;197.45;178.16;158.19;187.94;158.3;190.63;278.13;261.69;273.54;186.32;189.16;215.76;188.28;202.57;260.49;239.73;300.64;239.83;232.75;133.89;165.07
Melodious Music Box;190.95;89.84;117.37;117.62;130.83;132.34;119.13;170.2;228.19;107.79;107.19;114.38;129.83;81.14;53.94;134.5;138.01;156.12;128.43;179.28;244.68;158.96;114.01;100.19
Musical Instrument (Mandolin);31.51;14.95;21.26;33.1;19.11;14.78;23.28;12.54;20.27;18.25;22.91;28.34
Ring of Climbing;2137.76;1354.0;1956.0;1868.4;2513.08;2533.41;3200.23;2586.04;2526.86;1732.48;1487.98;1491.74;1565.6;1565.87;1260.5;1191.66;1931.58;1029.94;653.48;743.45;2494.95;2577.98;2476.8
Wheel of Cheese;11.03;13.03;4.65;4.76;5.7;9.07;11.49;6.31;6.09;11.58
Musical Instrument (Harp);48.46;65.91;66.85;67.76;58.09;84.16;95.84;136.06;45.29;42.82;41.88;48.72;49.17;67.67;51.34;33.8;50.73;30.02;43.8;37.05;48.26;54.81;47.33;60.75;34.99
Rod of the Python;10679.1;11748.29;8322.83;9541.43;12212.51;14150.0;15930.85;11009.82;7407.36;8139.71;10700.18;13933.59;7524.93;14646.63;10268.33;9204.63;11382.85;12508.8;7972.5;9217.99
Set of bagpipes;19.57;31.63;43.07;50.86;18.56;26.58;26.42;23.98;24.71;30.72;17.01;23.16;20.0;18.18;19.09;23.23;19.4;24.33;27.29;15.54;15.65;15.69;13.4;30.46
Horn of Blasting;27024.9;27892.62;23723.36;15837.42;24383.72;29711.42;21359.61;29565.02;25379.77;25532.32;18163.79;29469.26;32325.22;34268.54;22183.7;21545.01;28961.58;30893.98;39335.26;26656.78;23960.1
Orb of Timekeeping;50.65;54.99;51.65;55.51;53.4;59.61;86.69;123.86;89.51;108.78;154.4;65.47;57.44;48.93;35.77;35.61;47.69;45.4
Wand of Lightning Bolts;18838.54;12113.75;12705.59;11737.82;12047.8;10201.73;19785.69;14946.47;13384.99;9833.3;10965.25;6636.08;16162.37;8380.71;10409.54;16960.53;11265.78;21299.33;13580.02;12545.29;11046.08;12112.57;11297.82;10768.95;11077.27;17880.96;18836.04;19797.7;18744.94;16318.18;17421.56
Kama (+3 weapon);13240.28;11846.38;11543.66;7716.39;13760.36;13579.35;17580.05;13918.42;11690.82;10097.73;8601.87;10776.32;9484.97;14955.61;15183.42;12421.54;10286.6;14604.78;14504.12;15096.01;9066.65;5852.08;5284.55
Mirror of Memory;102.48;127.8;73.57;68.71;69.37;76.39;67.03;57.02;62.83;67.37;99.73;71.71;60.63;43.45;62.58;54.99;90.46;114.2;89.5;103.05;105.44
Quicksilver Vial;38.44;32.94;25.9;41.1;46.98;65.3;35.54;36.75;40.11;57.51;38.23;64.98;85.41;40.98;66.45;44.74
Book of Elementary Mathematics: Second Edition;13.31;10.34;16.65;10.63;10.96;11.74;13.26;16.09;17.76
Skooma;34.12;30.17;41.01;50.21;25.41;39.92;39.92;32.65;43.12;20.76;23.5;21.43;40.49;37.5;44.28;53.52;37.23;24.22;32.3
Potion of Greater Healing;469.2;355.88;399.68;365.51;280.2;414.7;373.1;316.85;256.37;431.69;438.93;380.32;378.05;252.09;247.03;333.39;364.78;224.66
Tome of Arcane Secrets;385.73;421.76;355.58;314.73;404.25;273.81;289.63;267.26;184.84;279.24;267.44;335.05;282.52;292.14;231.97
Key of Passage;256.11;200.29;241.89;214.14;118.0;169.29;244.14;201.07;220.2;128.1;174.84;162.55;131.32;154.66;162.79;141.7;170.12;144.15;221.03;219.5
Musical Instrument (Lute);30.12;34.25;25.37;29.26;24.03;30.79;29.45;28.81;43.62;54.88;55.34;46.45;43.12;34.45;31.35;26.53;24.63;23.38
Wand of Magic Missiles;3869.34;3642.6;2838.63;2178.82;2995.11;4395.94;3511.38;5185.88;5624.51;4971.45;3807.91;5054.91;4058.89;4209.32;3836.89;3637.97;1885.23;1979.12
Book of Elementary Mathematics - Third Edition;8.0;4.74;18.04;17.46;22.17;13.71;12.74;15.54;18.6;23.14
Book of Elementary Mathematics - Second Edition;17.56;30.45;24.11;25.39;27.27;20.48;20.73;22.06;32.14;21.2;18.47;24.22;24.64;14.95